sample_id,pdb_id,complex_name,mutations,label_type,ddg_kcal_mol,ddg_bin,ineq_direction,temperature_kelvin,source_publication,notes
1AHW_AB_C_DC178A_10,1AHW,Immunoglobulin fab 5G9 :: Tissue factor,"[{""chain_id"": ""C"", ""chain_role"": ""antigen"", ""wt_residue"": ""D"", ""mutant_residue"": ""A"", ""residue_position"": 178, ""insertion_code"": null, ""aligned_interface_position"": 167, ""flat_residue_index"": 594, ""interface_region"": ""rim"", ""is_alanine_scanning"": true}]",bounded,-0.4845925653422089,4,,298.0,9480775,
"1AHW_AB_C_IC152Q,TC154I,YC156T_2",1AHW,Immunoglobulin fab 5G9 :: Tissue factor,"[{""chain_id"": ""C"", ""chain_role"": ""antigen"", ""wt_residue"": ""I"", ""mutant_residue"": ""Q"", ""residue_position"": 152, ""insertion_code"": null, ""aligned_interface_position"": 141, ""flat_residue_index"": 568, ""interface_region"": ""support"", ""is_alanine_scanning"": false}, {""chain_id"": ""C"", ""chain_role"": ""antigen"", ""wt_residue"": ""T"", ""mutant_residue"": ""I"", ""residue_position"": 154, ""insertion_code"": null, ""aligned_interface_position"": 143, ""flat_residue_index"": 570, ""interface_region"": ""support"", ""is_alanine_scanning"": false}, {""chain_id"": ""C"", ""chain_role"": ""antigen"", ""wt_residue"": ""Y"", ""mutant_residue"": ""T"", ""residue_position"": 156, ""insertion_code"": null, ""aligned_interface_position"": 145, ""flat_residue_index"": 572, ""interface_region"": ""core"", ""is_alanine_scanning"": false}]",ineq,3.9757048112422,,>,298.0,9480775,
"1AHW_AB_C_KC149A,DC150A_1",1AHW,Immunoglobulin fab 5G9 :: Tissue factor,"[{""chain_id"": ""C"", ""chain_role"": ""antigen"", ""wt_residue"": ""K"", ""mutant_residue"": ""A"", ""residue_position"": 149, ""insertion_code"": null, ""aligned_interface_position"": 138, ""flat_residue_index"": 565, ""interface_region"": ""rim"", ""is_alanine_scanning"": true}, {""chain_id"": ""C"", ""chain_role"": ""antigen"", ""wt_residue"": ""D"", ""mutant_residue"": ""A"", ""residue_position"": 150, ""insertion_code"": null, ""aligned_interface_position"": 139, ""flat_residue_index"": 566, ""interface_region"": ""support"", ""is_alanine_scanning"": true}]",bounded,1.1814721015943372,6,,298.0,9480775,
"1AHW_AB_C_KC165A,KC166A_5",1AHW,Immunoglobulin fab 5G9 :: Tissue factor,"[{""chain_id"": ""C"", ""chain_role"": ""antigen"", ""wt_residue"": ""K"", ""mutant_residue"": ""A"", ""residue_position"": 165, ""insertion_code"": null, ""aligned_interface_position"": 154, ""flat_residue_index"": 581, ""interface_region"": ""core"", ""is_alanine_scanning"": true}, {""chain_id"": ""C"", ""chain_role"": ""antigen"", ""wt_residue"": ""K"", ""mutant_residue"": ""A"", ""residue_position"": 166, ""insertion_code"": null, ""aligned_interface_position"": 155, ""flat_residue_index"": 582, ""interface_region"": ""rim"", ""is_alanine_scanning"": true}]",bounded,-1.3297120217994778,3,,298.0,9480775,
1AHW_AB_C_LC176A_9,1AHW,Immunoglobulin fab 5G9 :: Tissue factor,"[{""chain_id"": ""C"", ""chain_role"": ""antigen"", ""wt_residue"": ""L"", ""mutant_residue"": ""A"", ""residue_position"": 176, ""insertion_code"": null, ""aligned_interface_position"": 165, ""flat_residue_index"": 592, ""interface_region"": ""rim"", ""is_alanine_scanning"": true}]",bounded,0.9869363320152141,5,,298.0,9480775,
1AHW_AB_C_NC199A_14,1AHW,Immunoglobulin fab 5G9 :: Tissue factor,"[{""chain_id"": ""C"", ""chain_role"": ""antigen"", ""wt_residue"": ""N"", ""mutant_residue"": ""A"", ""residue_position"": 199, ""insertion_code"": null, ""aligned_interface_position"": 188, ""flat_residue_index"": 615, ""interface_region"": ""rim"", ""is_alanine_scanning"": true}]",bounded,1.0782223285867374,6,,298.0,9480775,
"1AHW_AB_C_RC200A,KC201A_15",1AHW,Immunoglobulin fab 5G9 :: Tissue factor,"[{""chain_id"": ""C"", ""chain_role"": ""antigen"", ""wt_residue"": ""R"", ""mutant_residue"": ""A"", ""residue_position"": 200, ""insertion_code"": null, ""aligned_interface_position"": 189, ""flat_residue_index"": 616, ""interface_region"": ""core"", ""is_alanine_scanning"": true}, {""chain_id"": ""C"", ""chain_role"": ""antigen"", ""wt_residue"": ""K"", ""mutant_residue"": ""A"", ""residue_position"": 201, ""insertion_code"": null, ""aligned_interface_position"": 190, ""flat_residue_index"": 617, ""interface_region"": ""core"", ""is_alanine_scanning"": true}]",ineq,4.016561478478926,,>,298.0,9480775,
1AHW_AB_C_TC167A_6,1AHW,Immunoglobulin fab 5G9 :: Tissue factor,"[{""chain_id"": ""C"", ""chain_role"": ""antigen"", ""wt_residue"": ""T"", ""mutant_residue"": ""A"", ""residue_position"": 167, ""insertion_code"": null, ""aligned_interface_position"": 156, ""flat_residue_index"": 583, ""interface_region"": ""core"", ""is_alanine_scanning"": true}]",bounded,-0.07411996010257015,4,,298.0,9480775,
1AHW_AB_C_TC170A_8,1AHW,Immunoglobulin fab 5G9 :: Tissue factor,"[{""chain_id"": ""C"", ""chain_role"": ""antigen"", ""wt_residue"": ""T"", ""mutant_residue"": ""A"", ""residue_position"": 170, ""insertion_code"": null, ""aligned_interface_position"": 159, ""flat_residue_index"": 586, ""interface_region"": ""support"", ""is_alanine_scanning"": true}]",bounded,1.1057708674093545,6,,298.0,9480775,
1AHW_AB_C_TC197A_12,1AHW,Immunoglobulin fab 5G9 :: Tissue factor,"[{""chain_id"": ""C"", ""chain_role"": ""antigen"", ""wt_residue"": ""T"", ""mutant_residue"": ""A"", ""residue_position"": 197, ""insertion_code"": null, ""aligned_interface_position"": 186, ""flat_residue_index"": 613, ""interface_region"": ""rim"", ""is_alanine_scanning"": true}]",bounded,1.3458819490478615,6,,298.0,9480775,
1AHW_AB_C_VC198A_13,1AHW,Immunoglobulin fab 5G9 :: Tissue factor,"[{""chain_id"": ""C"", ""chain_role"": ""antigen"", ""wt_residue"": ""V"", ""mutant_residue"": ""A"", ""residue_position"": 198, ""insertion_code"": null, ""aligned_interface_position"": 187, ""flat_residue_index"": 614, ""interface_region"": ""rim"", ""is_alanine_scanning"": true}]",bounded,-0.31423104174107724,4,,298.0,9480775,
1AHW_AB_C_YC156A_3,1AHW,Immunoglobulin fab 5G9 :: Tissue factor,"[{""chain_id"": ""C"", ""chain_role"": ""antigen"", ""wt_residue"": ""Y"", ""mutant_residue"": ""A"", ""residue_position"": 156, ""insertion_code"": null, ""aligned_interface_position"": 145, ""flat_residue_index"": 572, ""interface_region"": ""core"", ""is_alanine_scanning"": true}]",ineq,3.805343287641068,,>,298.0,9480775,
1AHW_AB_C_YC157A_4,1AHW,Immunoglobulin fab 5G9 :: Tissue factor,"[{""chain_id"": ""C"", ""chain_role"": ""antigen"", ""wt_residue"": ""Y"", ""mutant_residue"": ""A"", ""residue_position"": 157, ""insertion_code"": null, ""aligned_interface_position"": 146, ""flat_residue_index"": 573, ""interface_region"": ""support"", ""is_alanine_scanning"": true}]",bounded,-1.8890097121061002,3,,298.0,9480775,
"1BJ1_HL_VW_HH101Y,SH105T_635",1BJ1,Fab-12 :: VEGF,"[{""chain_id"": ""H"", ""chain_role"": ""heavy"", ""wt_residue"": ""H"", ""mutant_residue"": ""Y"", ""residue_position"": 101, ""insertion_code"": null, ""aligned_interface_position"": 101, ""flat_residue_index"": 100, ""interface_region"": ""core"", ""is_alanine_scanning"": false}, {""chain_id"": ""H"", ""chain_role"": ""heavy"", ""wt_residue"": ""S"", ""mutant_residue"": ""T"", ""residue_position"": 105, ""insertion_code"": null, ""aligned_interface_position"": 105, ""flat_residue_index"": 104, ""interface_region"": ""rim"", ""is_alanine_scanning"": false}]",ineq,-1.3434844283965213,,<,298.0,10543973,"Five mutations in the CDR-L1 regions are not included, as these solvent exposed residues and exist only to enhance expression. Mutations from fab-12"
"1BJ1_HL_VW_HH101Y,YH103I,GH104A,SH105K_636",1BJ1,Fab-12 :: VEGF,"[{""chain_id"": ""H"", ""chain_role"": ""heavy"", ""wt_residue"": ""H"", ""mutant_residue"": ""Y"", ""residue_position"": 101, ""insertion_code"": null, ""aligned_interface_position"": 101, ""flat_residue_index"": 100, ""interface_region"": ""core"", ""is_alanine_scanning"": false}, {""chain_id"": ""H"", ""chain_role"": ""heavy"", ""wt_residue"": ""Y"", ""mutant_residue"": ""I"", ""residue_position"": 103, ""insertion_code"": null, ""aligned_interface_position"": 103, ""flat_residue_index"": 102, ""interface_region"": ""rim"", ""is_alanine_scanning"": false}, {""chain_id"": ""H"", ""chain_role"": ""heavy"", ""wt_residue"": ""G"", ""mutant_residue"": ""A"", ""residue_position"": 104, ""insertion_code"": null, ""aligned_interface_position"": 104, ""flat_residue_index"": 103, ""interface_region"": ""rim"", ""is_alanine_scanning"": true}, {""chain_id"": ""H"", ""chain_role"": ""heavy"", ""wt_residue"": ""S"", ""mutant_residue"": ""K"", ""residue_position"": 105, ""insertion_code"": null, ""aligned_interface_position"": 105, ""flat_residue_index"": 104, ""interface_region"": ""rim"", ""is_alanine_scanning"": false}]",bounded,-0.43125322134572086,4,,298.0,10543973,"Five mutations in the CDR-L1 regions are not included, as these solvent exposed residues and exist only to enhance expression. Mutations from fab-12"
"1BJ1_HL_VW_HH101Y,YH103R,GH104D,SH105N_649",1BJ1,Fab-12 :: VEGF,"[{""chain_id"": ""H"", ""chain_role"": ""heavy"", ""wt_residue"": ""H"", ""mutant_residue"": ""Y"", ""residue_position"": 101, ""insertion_code"": null, ""aligned_interface_position"": 101, ""flat_residue_index"": 100, ""interface_region"": ""core"", ""is_alanine_scanning"": false}, {""chain_id"": ""H"", ""chain_role"": ""heavy"", ""wt_residue"": ""Y"", ""mutant_residue"": ""R"", ""residue_position"": 103, ""insertion_code"": null, ""aligned_interface_position"": 103, ""flat_residue_index"": 102, ""interface_region"": ""rim"", ""is_alanine_scanning"": false}, {""chain_id"": ""H"", ""chain_role"": ""heavy"", ""wt_residue"": ""G"", ""mutant_residue"": ""D"", ""residue_position"": 104, ""insertion_code"": null, ""aligned_interface_position"": 104, ""flat_residue_index"": 103, ""interface_region"": ""rim"", ""is_alanine_scanning"": false}, {""chain_id"": ""H"", ""chain_role"": ""heavy"", ""wt_residue"": ""S"", ""mutant_residue"": ""N"", ""residue_position"": 105, ""insertion_code"": null, ""aligned_interface_position"": 105, ""flat_residue_index"": 104, ""interface_region"": ""rim"", ""is_alanine_scanning"": false}]",ineq,-0.9954049289277566,,<,298.0,10543973,"Five mutations in the CDR-L1 regions are not included, as these solvent exposed residues and exist only to enhance expression. Mutations from fab-12"
"1BJ1_HL_VW_HH101Y,YH103R,GH104N,SH105T_638",1BJ1,Fab-12 :: VEGF,"[{""chain_id"": ""H"", ""chain_role"": ""heavy"", ""wt_residue"": ""H"", ""mutant_residue"": ""Y"", ""residue_position"": 101, ""insertion_code"": null, ""aligned_interface_position"": 101, ""flat_residue_index"": 100, ""interface_region"": ""core"", ""is_alanine_scanning"": false}, {""chain_id"": ""H"", ""chain_role"": ""heavy"", ""wt_residue"": ""Y"", ""mutant_residue"": ""R"", ""residue_position"": 103, ""insertion_code"": null, ""aligned_interface_position"": 103, ""flat_residue_index"": 102, ""interface_region"": ""rim"", ""is_alanine_scanning"": false}, {""chain_id"": ""H"", ""chain_role"": ""heavy"", ""wt_residue"": ""G"", ""mutant_residue"": ""N"", ""residue_position"": 104, ""insertion_code"": null, ""aligned_interface_position"": 104, ""flat_residue_index"": 103, ""interface_region"": ""rim"", ""is_alanine_scanning"": false}, {""chain_id"": ""H"", ""chain_role"": ""heavy"", ""wt_residue"": ""S"", ""mutant_residue"": ""T"", ""residue_position"": 105, ""insertion_code"": null, ""aligned_interface_position"": 105, ""flat_residue_index"": 104, ""interface_region"": ""rim"", ""is_alanine_scanning"": false}]",bounded,-0.762650299555751,4,,298.0,10543973,"Five mutations in the CDR-L1 regions are not included, as these solvent exposed residues and exist only to enhance expression. Mutations from fab-12"
1BJ1_HL_VW_HH101Y_647,1BJ1,Fab-12 :: VEGF,"[{""chain_id"": ""H"", ""chain_role"": ""heavy"", ""wt_residue"": ""H"", ""mutant_residue"": ""Y"", ""residue_position"": 101, ""insertion_code"": null, ""aligned_interface_position"": 101, ""flat_residue_index"": 100, ""interface_region"": ""core"", ""is_alanine_scanning"": false}]",bounded,-1.5835955100350285,3,,298.0,10543973,"Five mutations in the CDR-L1 regions are not included, as these solvent exposed residues and exist only to enhance expression. Mutations from fab-12"
1BJ1_HL_VW_HH107A_629,1BJ1,Fab-12 :: VEGF,"[{""chain_id"": ""H"", ""chain_role"": ""heavy"", ""wt_residue"": ""H"", ""mutant_residue"": ""A"", ""residue_position"": 107, ""insertion_code"": null, ""aligned_interface_position"": 107, ""flat_residue_index"": 106, ""interface_region"": ""support"", ""is_alanine_scanning"": true}]",bounded,0.7896525909528637,5,,298.0,9753694,
"1BJ1_HL_VW_LH72I,TH74K_642",1BJ1,Fab-12 :: VEGF,"[{""chain_id"": ""H"", ""chain_role"": ""heavy"", ""wt_residue"": ""L"", ""mutant_residue"": ""I"", ""residue_position"": 72, ""insertion_code"": null, ""aligned_interface_position"": 72, ""flat_residue_index"": 71, ""interface_region"": ""surface"", ""is_alanine_scanning"": false}, {""chain_id"": ""H"", ""chain_role"": ""heavy"", ""wt_residue"": ""T"", ""mutant_residue"": ""K"", ""residue_position"": 74, ""insertion_code"": null, ""aligned_interface_position"": 74, ""flat_residue_index"": 73, ""interface_region"": ""surface"", ""is_alanine_scanning"": false}]",bounded,0.07651748075391031,5,,298.0,10543973,"Five mutations in the CDR-L1 regions are not included, as these solvent exposed residues and exist only to enhance expression. Mutations from fab-12"
"1BJ1_HL_VW_ML4L,TH28D,NH31H,HH101Y,SH105T_630",1BJ1,Fab-12 :: VEGF,"[{""chain_id"": ""L"", ""chain_role"": ""light"", ""wt_residue"": ""M"", ""mutant_residue"": ""L"", ""residue_position"": 4, ""insertion_code"": null, ""aligned_interface_position"": 4, ""flat_residue_index"": 221, ""interface_region"": ""interior"", ""is_alanine_scanning"": false}, {""chain_id"": ""H"", ""chain_role"": ""heavy"", ""wt_residue"": ""T"", ""mutant_residue"": ""D"", ""residue_position"": 28, ""insertion_code"": null, ""aligned_interface_position"": 28, ""flat_residue_index"": 27, ""interface_region"": ""surface"", ""is_alanine_scanning"": false}, {""chain_id"": ""H"", ""chain_role"": ""heavy"", ""wt_residue"": ""N"", ""mutant_residue"": ""H"", ""residue_position"": 31, ""insertion_code"": null, ""aligned_interface_position"": 31, ""flat_residue_index"": 30, ""interface_region"": ""core"", ""is_alanine_scanning"": false}, {""chain_id"": ""H"", ""chain_role"": ""heavy"", ""wt_residue"": ""H"", ""mutant_residue"": ""Y"", ""residue_position"": 101, ""insertion_code"": null, ""aligned_interface_position"": 101, ""flat_residue_index"": 100, ""interface_region"": ""core"", ""is_alanine_scanning"": false}, {""chain_id"": ""H"", ""chain_role"": ""heavy"", ""wt_residue"": ""S"", ""mutant_residue"": ""T"", ""residue_position"": 105, ""insertion_code"": null, ""aligned_interface_position"": 105, ""flat_residue_index"": 104, ""interface_region"": ""rim"", ""is_alanine_scanning"": false}]",ineq,-1.794813700872886,,<,298.0,10543973,Mutations from crystal structure to an affinity matured variant of fab-12. An additional T to L mutations also appears in a crystallographically unresolved region.
1BJ1_HL_VW_SH105T_648,1BJ1,Fab-12 :: VEGF,"[{""chain_id"": ""H"", ""chain_role"": ""heavy"", ""wt_residue"": ""S"", ""mutant_residue"": ""T"", ""residue_position"": 105, ""insertion_code"": null, ""aligned_interface_position"": 105, ""flat_residue_index"": 104, ""interface_region"": ""rim"", ""is_alanine_scanning"": false}]",bounded,-0.3903965541089947,4,,298.0,10543973,"Five mutations in the CDR-L1 regions are not included, as these solvent exposed residues and exist only to enhance expression. Mutations from fab-12"
"1BJ1_HL_VW_TH28D,NH31H,HH101Y,SH105T_644",1BJ1,Fab-12 :: VEGF,"[{""chain_id"": ""H"", ""chain_role"": ""heavy"", ""wt_residue"": ""T"", ""mutant_residue"": ""D"", ""residue_position"": 28, ""insertion_code"": null, ""aligned_interface_position"": 28, ""flat_residue_index"": 27, ""interface_region"": ""surface"", ""is_alanine_scanning"": false}, {""chain_id"": ""H"", ""chain_role"": ""heavy"", ""wt_residue"": ""N"", ""mutant_residue"": ""H"", ""residue_position"": 31, ""insertion_code"": null, ""aligned_interface_position"": 31, ""flat_residue_index"": 30, ""interface_region"": ""core"", ""is_alanine_scanning"": false}, {""chain_id"": ""H"", ""chain_role"": ""heavy"", ""wt_residue"": ""H"", ""mutant_residue"": ""Y"", ""residue_position"": 101, ""insertion_code"": null, ""aligned_interface_position"": 101, ""flat_residue_index"": 100, ""interface_region"": ""core"", ""is_alanine_scanning"": false}, {""chain_id"": ""H"", ""chain_role"": ""heavy"", ""wt_residue"": ""S"", ""mutant_residue"": ""T"", ""residue_position"": 105, ""insertion_code"": null, ""aligned_interface_position"": 105, ""flat_residue_index"": 104, ""interface_region"": ""rim"", ""is_alanine_scanning"": false}]",ineq,-1.75395703363616,,<,298.0,10543973,"Five mutations in the CDR-L1 regions are not included, as these solvent exposed residues and exist only to enhance expression. Mutations from fab-12"
1BJ1_HL_VW_TH28D_645,1BJ1,Fab-12 :: VEGF,"[{""chain_id"": ""H"", ""chain_role"": ""heavy"", ""wt_residue"": ""T"", ""mutant_residue"": ""D"", ""residue_position"": 28, ""insertion_code"": null, ""aligned_interface_position"": 28, ""flat_residue_index"": 27, ""interface_region"": ""surface"", ""is_alanine_scanning"": false}]",bounded,-0.22003503050786302,4,,298.0,10543973,"Five mutations in the CDR-L1 regions are not included, as these solvent exposed residues and exist only to enhance expression. Mutations from fab-12"
1BJ1_HL_VW_TH59A_627,1BJ1,Fab-12 :: VEGF,"[{""chain_id"": ""H"", ""chain_role"": ""heavy"", ""wt_residue"": ""T"", ""mutant_residue"": ""A"", ""residue_position"": 59, ""insertion_code"": null, ""aligned_interface_position"": 59, ""flat_residue_index"": 58, ""interface_region"": ""core"", ""is_alanine_scanning"": true}]",bounded,0.8506669142801588,5,,298.0,9753694,
1BJ1_HL_VW_YH27A_625,1BJ1,Fab-12 :: VEGF,"[{""chain_id"": ""H"", ""chain_role"": ""heavy"", ""wt_residue"": ""Y"", ""mutant_residue"": ""A"", ""residue_position"": 27, ""insertion_code"": null, ""aligned_interface_position"": 27, ""flat_residue_index"": 26, ""interface_region"": ""interior"", ""is_alanine_scanning"": true}]",bounded,2.2425283937121216,7,,298.0,9753694,
1BJ1_HL_VW_YH54W_639,1BJ1,Fab-12 :: VEGF,"[{""chain_id"": ""H"", ""chain_role"": ""heavy"", ""wt_residue"": ""Y"", ""mutant_residue"": ""W"", ""residue_position"": 54, ""insertion_code"": null, ""aligned_interface_position"": 54, ""flat_residue_index"": 53, ""interface_region"": ""rim"", ""is_alanine_scanning"": false}]",bounded,-0.13726985420902896,4,,298.0,10543973,"Five mutations in the CDR-L1 regions are not included, as these solvent exposed residues and exist only to enhance expression. Mutations from fab-12"
1BJ1_HL_VW_YH99A_628,1BJ1,Fab-12 :: VEGF,"[{""chain_id"": ""H"", ""chain_role"": ""heavy"", ""wt_residue"": ""Y"", ""mutant_residue"": ""A"", ""residue_position"": 99, ""insertion_code"": null, ""aligned_interface_position"": 99, ""flat_residue_index"": 98, ""interface_region"": ""support"", ""is_alanine_scanning"": true}]",bounded,4.438760938050261,9,,298.0,9753694,
"1CZ8_HL_VW_LL4M,DH28T,HH31N,TH105N,YH103R,GH104D_665",1CZ8,Fab-12 :: VEGF,"[{""chain_id"": ""L"", ""chain_role"": ""light"", ""wt_residue"": ""L"", ""mutant_residue"": ""M"", ""residue_position"": 4, ""insertion_code"": null, ""aligned_interface_position"": 4, ""flat_residue_index"": 221, ""interface_region"": ""interior"", ""is_alanine_scanning"": false}, {""chain_id"": ""H"", ""chain_role"": ""heavy"", ""wt_residue"": ""D"", ""mutant_residue"": ""T"", ""residue_position"": 28, ""insertion_code"": null, ""aligned_interface_position"": 28, ""flat_residue_index"": 27, ""interface_region"": ""surface"", ""is_alanine_scanning"": false}, {""chain_id"": ""H"", ""chain_role"": ""heavy"", ""wt_residue"": ""H"", ""mutant_residue"": ""N"", ""residue_position"": 31, ""insertion_code"": null, ""aligned_interface_position"": 31, ""flat_residue_index"": 30, ""interface_region"": ""core"", ""is_alanine_scanning"": false}, {""chain_id"": ""H"", ""chain_role"": ""heavy"", ""wt_residue"": ""T"", ""mutant_residue"": ""N"", ""residue_position"": 105, ""insertion_code"": null, ""aligned_interface_position"": 105, ""flat_residue_index"": 104, ""interface_region"": ""rim"", ""is_alanine_scanning"": false}, {""chain_id"": ""H"", ""chain_role"": ""heavy"", ""wt_residue"": ""Y"", ""mutant_residue"": ""R"", ""residue_position"": 103, ""insertion_code"": null, ""aligned_interface_position"": 103, ""flat_residue_index"": 102, ""interface_region"": ""rim"", ""is_alanine_scanning"": false}, {""chain_id"": ""H"", ""chain_role"": ""heavy"", ""wt_residue"": ""G"", ""mutant_residue"": ""D"", ""residue_position"": 104, ""insertion_code"": null, ""aligned_interface_position"": 104, ""flat_residue_index"": 103, ""interface_region"": ""rim"", ""is_alanine_scanning"": false}]",ineq,0.7994087719451295,,<,298.0,10543973,"Five mutations in the CDR-L1 regions are not included, as these solvent exposed residues and exist only to enhance expression. Mutations from affinity matured fab-12"
"1CZ8_HL_VW_LL4M,DH28T,HH31N,TH105S_663",1CZ8,Fab-12 :: VEGF,"[{""chain_id"": ""L"", ""chain_role"": ""light"", ""wt_residue"": ""L"", ""mutant_residue"": ""M"", ""residue_position"": 4, ""insertion_code"": null, ""aligned_interface_position"": 4, ""flat_residue_index"": 221, ""interface_region"": ""interior"", ""is_alanine_scanning"": false}, {""chain_id"": ""H"", ""chain_role"": ""heavy"", ""wt_residue"": ""D"", ""mutant_residue"": ""T"", ""residue_position"": 28, ""insertion_code"": null, ""aligned_interface_position"": 28, ""flat_residue_index"": 27, ""interface_region"": ""surface"", ""is_alanine_scanning"": false}, {""chain_id"": ""H"", ""chain_role"": ""heavy"", ""wt_residue"": ""H"", ""mutant_residue"": ""N"", ""residue_position"": 31, ""insertion_code"": null, ""aligned_interface_position"": 31, ""flat_residue_index"": 30, ""interface_region"": ""core"", ""is_alanine_scanning"": false}, {""chain_id"": ""H"", ""chain_role"": ""heavy"", ""wt_residue"": ""T"", ""mutant_residue"": ""S"", ""residue_position"": 105, ""insertion_code"": null, ""aligned_interface_position"": 105, ""flat_residue_index"": 104, ""interface_region"": ""rim"", ""is_alanine_scanning"": false}]",ineq,0.21121819083785776,,>,298.0,10543973,"Five mutations in the CDR-L1 regions are not included, as these solvent exposed residues and exist only to enhance expression. Mutations from affinity matured fab-12"
"1CZ8_HL_VW_LL4M,DH28T,HH31N,YH101H,TH105S,LH72I,TH74K_658",1CZ8,Fab-12 :: VEGF,"[{""chain_id"": ""L"", ""chain_role"": ""light"", ""wt_residue"": ""L"", ""mutant_residue"": ""M"", ""residue_position"": 4, ""insertion_code"": null, ""aligned_interface_position"": 4, ""flat_residue_index"": 221, ""interface_region"": ""interior"", ""is_alanine_scanning"": false}, {""chain_id"": ""H"", ""chain_role"": ""heavy"", ""wt_residue"": ""D"", ""mutant_residue"": ""T"", ""residue_position"": 28, ""insertion_code"": null, ""aligned_interface_position"": 28, ""flat_residue_index"": 27, ""interface_region"": ""surface"", ""is_alanine_scanning"": false}, {""chain_id"": ""H"", ""chain_role"": ""heavy"", ""wt_residue"": ""H"", ""mutant_residue"": ""N"", ""residue_position"": 31, ""insertion_code"": null, ""aligned_interface_position"": 31, ""flat_residue_index"": 30, ""interface_region"": ""core"", ""is_alanine_scanning"": false}, {""chain_id"": ""H"", ""chain_role"": ""heavy"", ""wt_residue"": ""Y"", ""mutant_residue"": ""H"", ""residue_position"": 101, ""insertion_code"": null, ""aligned_interface_position"": 101, ""flat_residue_index"": 100, ""interface_region"": ""core"", ""is_alanine_scanning"": false}, {""chain_id"": ""H"", ""chain_role"": ""heavy"", ""wt_residue"": ""T"", ""mutant_residue"": ""S"", ""residue_position"": 105, ""insertion_code"": null, ""aligned_interface_position"": 105, ""flat_residue_index"": 104, ""interface_region"": ""rim"", ""is_alanine_scanning"": false}, {""chain_id"": ""H"", ""chain_role"": ""heavy"", ""wt_residue"": ""L"", ""mutant_residue"": ""I"", ""residue_position"": 72, ""insertion_code"": null, ""aligned_interface_position"": 72, ""flat_residue_index"": 71, ""interface_region"": ""surface"", ""is_alanine_scanning"": false}, {""chain_id"": ""H"", ""chain_role"": ""heavy"", ""wt_residue"": ""T"", ""mutant_residue"": ""K"", ""residue_position"": 74, ""insertion_code"": null, ""aligned_interface_position"": 74, ""flat_residue_index"": 73, ""interface_region"": ""surface"", ""is_alanine_scanning"": false}]",ineq,1.8713311816267963,,>,298.0,10543973,"Five mutations in the CDR-L1 regions are not included, as these solvent exposed residues and exist only to enhance expression. Mutations from affinity matured fab-12"
"1CZ8_HL_VW_LL4M,DH28T,HH31N,YH101H,TH105S,YH54W_655",1CZ8,Fab-12 :: VEGF,"[{""chain_id"": ""L"", ""chain_role"": ""light"", ""wt_residue"": ""L"", ""mutant_residue"": ""M"", ""residue_position"": 4, ""insertion_code"": null, ""aligned_interface_position"": 4, ""flat_residue_index"": 221, ""interface_region"": ""interior"", ""is_alanine_scanning"": false}, {""chain_id"": ""H"", ""chain_role"": ""heavy"", ""wt_residue"": ""D"", ""mutant_residue"": ""T"", ""residue_position"": 28, ""insertion_code"": null, ""aligned_interface_position"": 28, ""flat_residue_index"": 27, ""interface_region"": ""surface"", ""is_alanine_scanning"": false}, {""chain_id"": ""H"", ""chain_role"": ""heavy"", ""wt_residue"": ""H"", ""mutant_residue"": ""N"", ""residue_position"": 31, ""insertion_code"": null, ""aligned_interface_position"": 31, ""flat_residue_index"": 30, ""interface_region"": ""core"", ""is_alanine_scanning"": false}, {""chain_id"": ""H"", ""chain_role"": ""heavy"", ""wt_residue"": ""Y"", ""mutant_residue"": ""H"", ""residue_position"": 101, ""insertion_code"": null, ""aligned_interface_position"": 101, ""flat_residue_index"": 100, ""interface_region"": ""core"", ""is_alanine_scanning"": false}, {""chain_id"": ""H"", ""chain_role"": ""heavy"", ""wt_residue"": ""T"", ""mutant_residue"": ""S"", ""residue_position"": 105, ""insertion_code"": null, ""aligned_interface_position"": 105, ""flat_residue_index"": 104, ""interface_region"": ""rim"", ""is_alanine_scanning"": false}, {""chain_id"": ""H"", ""chain_role"": ""heavy"", ""wt_residue"": ""Y"", ""mutant_residue"": ""W"", ""residue_position"": 54, ""insertion_code"": null, ""aligned_interface_position"": 54, ""flat_residue_index"": 53, ""interface_region"": ""rim"", ""is_alanine_scanning"": false}]",ineq,1.6575438466638572,,>,298.0,10543973,"Five mutations in the CDR-L1 regions are not included, as these solvent exposed residues and exist only to enhance expression. Mutations from affinity matured fab-12"
"1CZ8_HL_VW_LL4M,DH28T,HH31N,YH101H,TH105S_632",1CZ8,Fab-12 :: VEGF,"[{""chain_id"": ""L"", ""chain_role"": ""light"", ""wt_residue"": ""L"", ""mutant_residue"": ""M"", ""residue_position"": 4, ""insertion_code"": null, ""aligned_interface_position"": 4, ""flat_residue_index"": 221, ""interface_region"": ""interior"", ""is_alanine_scanning"": false}, {""chain_id"": ""H"", ""chain_role"": ""heavy"", ""wt_residue"": ""D"", ""mutant_residue"": ""T"", ""residue_position"": 28, ""insertion_code"": null, ""aligned_interface_position"": 28, ""flat_residue_index"": 27, ""interface_region"": ""surface"", ""is_alanine_scanning"": false}, {""chain_id"": ""H"", ""chain_role"": ""heavy"", ""wt_residue"": ""H"", ""mutant_residue"": ""N"", ""residue_position"": 31, ""insertion_code"": null, ""aligned_interface_position"": 31, ""flat_residue_index"": 30, ""interface_region"": ""core"", ""is_alanine_scanning"": false}, {""chain_id"": ""H"", ""chain_role"": ""heavy"", ""wt_residue"": ""Y"", ""mutant_residue"": ""H"", ""residue_position"": 101, ""insertion_code"": null, ""aligned_interface_position"": 101, ""flat_residue_index"": 100, ""interface_region"": ""core"", ""is_alanine_scanning"": false}, {""chain_id"": ""H"", ""chain_role"": ""heavy"", ""wt_residue"": ""T"", ""mutant_residue"": ""S"", ""residue_position"": 105, ""insertion_code"": null, ""aligned_interface_position"": 105, ""flat_residue_index"": 104, ""interface_region"": ""rim"", ""is_alanine_scanning"": false}]",ineq,1.7948137008728862,,>,298.0,10543973,Back mutation from affinity-matured crystal structure to precursor fab-12. The matured is taken as 'wild-type'. An additional L to T mutations also appears in a crystallographically unresolved region.
"1CZ8_HL_VW_LL4M,DH28T,HH31N,YH103W_653",1CZ8,Fab-12 :: VEGF,"[{""chain_id"": ""L"", ""chain_role"": ""light"", ""wt_residue"": ""L"", ""mutant_residue"": ""M"", ""residue_position"": 4, ""insertion_code"": null, ""aligned_interface_position"": 4, ""flat_residue_index"": 221, ""interface_region"": ""interior"", ""is_alanine_scanning"": false}, {""chain_id"": ""H"", ""chain_role"": ""heavy"", ""wt_residue"": ""D"", ""mutant_residue"": ""T"", ""residue_position"": 28, ""insertion_code"": null, ""aligned_interface_position"": 28, ""flat_residue_index"": 27, ""interface_region"": ""surface"", ""is_alanine_scanning"": false}, {""chain_id"": ""H"", ""chain_role"": ""heavy"", ""wt_residue"": ""H"", ""mutant_residue"": ""N"", ""residue_position"": 31, ""insertion_code"": null, ""aligned_interface_position"": 31, ""flat_residue_index"": 30, ""interface_region"": ""core"", ""is_alanine_scanning"": false}, {""chain_id"": ""H"", ""chain_role"": ""heavy"", ""wt_residue"": ""Y"", ""mutant_residue"": ""W"", ""residue_position"": 103, ""insertion_code"": null, ""aligned_interface_position"": 103, ""flat_residue_index"": 102, ""interface_region"": ""rim"", ""is_alanine_scanning"": false}]",ineq,0.7538334598857458,,<,298.0,10543973,"Five mutations in the CDR-L1 regions are not included, as these solvent exposed residues and exist only to enhance expression. Mutations from affinity matured fab-12"
"1CZ8_HL_VW_LL4M,DH28T,HH31N_651",1CZ8,Fab-12 :: VEGF,"[{""chain_id"": ""L"", ""chain_role"": ""light"", ""wt_residue"": ""L"", ""mutant_residue"": ""M"", ""residue_position"": 4, ""insertion_code"": null, ""aligned_interface_position"": 4, ""flat_residue_index"": 221, ""interface_region"": ""interior"", ""is_alanine_scanning"": false}, {""chain_id"": ""H"", ""chain_role"": ""heavy"", ""wt_residue"": ""D"", ""mutant_residue"": ""T"", ""residue_position"": 28, ""insertion_code"": null, ""aligned_interface_position"": 28, ""flat_residue_index"": 27, ""interface_region"": ""surface"", ""is_alanine_scanning"": false}, {""chain_id"": ""H"", ""chain_role"": ""heavy"", ""wt_residue"": ""H"", ""mutant_residue"": ""N"", ""residue_position"": 31, ""insertion_code"": null, ""aligned_interface_position"": 31, ""flat_residue_index"": 30, ""interface_region"": ""core"", ""is_alanine_scanning"": false}]",ineq,0.45132927247636473,,<,298.0,10543973,"Five mutations in the CDR-L1 regions are not included, as these solvent exposed residues and exist only to enhance expression. Mutations from affinity matured fab-12"
"1CZ8_HL_VW_LL4M,DH28T,YH101H,TH105S_662",1CZ8,Fab-12 :: VEGF,"[{""chain_id"": ""L"", ""chain_role"": ""light"", ""wt_residue"": ""L"", ""mutant_residue"": ""M"", ""residue_position"": 4, ""insertion_code"": null, ""aligned_interface_position"": 4, ""flat_residue_index"": 221, ""interface_region"": ""interior"", ""is_alanine_scanning"": false}, {""chain_id"": ""H"", ""chain_role"": ""heavy"", ""wt_residue"": ""D"", ""mutant_residue"": ""T"", ""residue_position"": 28, ""insertion_code"": null, ""aligned_interface_position"": 28, ""flat_residue_index"": 27, ""interface_region"": ""surface"", ""is_alanine_scanning"": false}, {""chain_id"": ""H"", ""chain_role"": ""heavy"", ""wt_residue"": ""Y"", ""mutant_residue"": ""H"", ""residue_position"": 101, ""insertion_code"": null, ""aligned_interface_position"": 101, ""flat_residue_index"": 100, ""interface_region"": ""core"", ""is_alanine_scanning"": false}, {""chain_id"": ""H"", ""chain_role"": ""heavy"", ""wt_residue"": ""T"", ""mutant_residue"": ""S"", ""residue_position"": 105, ""insertion_code"": null, ""aligned_interface_position"": 105, ""flat_residue_index"": 104, ""interface_region"": ""rim"", ""is_alanine_scanning"": false}]",ineq,1.0321634013171352,,>,298.0,10543973,"Five mutations in the CDR-L1 regions are not included, as these solvent exposed residues and exist only to enhance expression. Mutations from affinity matured fab-12"
"1CZ8_HL_VW_LL4M,HH31N,YH101H,TH105S_661",1CZ8,Fab-12 :: VEGF,"[{""chain_id"": ""L"", ""chain_role"": ""light"", ""wt_residue"": ""L"", ""mutant_residue"": ""M"", ""residue_position"": 4, ""insertion_code"": null, ""aligned_interface_position"": 4, ""flat_residue_index"": 221, ""interface_region"": ""interior"", ""is_alanine_scanning"": false}, {""chain_id"": ""H"", ""chain_role"": ""heavy"", ""wt_residue"": ""H"", ""mutant_residue"": ""N"", ""residue_position"": 31, ""insertion_code"": null, ""aligned_interface_position"": 31, ""flat_residue_index"": 30, ""interface_region"": ""core"", ""is_alanine_scanning"": false}, {""chain_id"": ""H"", ""chain_role"": ""heavy"", ""wt_residue"": ""Y"", ""mutant_residue"": ""H"", ""residue_position"": 101, ""insertion_code"": null, ""aligned_interface_position"": 101, ""flat_residue_index"": 100, ""interface_region"": ""core"", ""is_alanine_scanning"": false}, {""chain_id"": ""H"", ""chain_role"": ""heavy"", ""wt_residue"": ""T"", ""mutant_residue"": ""S"", ""residue_position"": 105, ""insertion_code"": null, ""aligned_interface_position"": 105, ""flat_residue_index"": 104, ""interface_region"": ""rim"", ""is_alanine_scanning"": false}]",ineq,1.574778670365023,,>,298.0,10543973,"Five mutations in the CDR-L1 regions are not included, as these solvent exposed residues and exist only to enhance expression. Mutations from affinity matured fab-12"
"1CZ8_HL_VW_LL4M,YH101H,TH105S_656",1CZ8,Fab-12 :: VEGF,"[{""chain_id"": ""L"", ""chain_role"": ""light"", ""wt_residue"": ""L"", ""mutant_residue"": ""M"", ""residue_position"": 4, ""insertion_code"": null, ""aligned_interface_position"": 4, ""flat_residue_index"": 221, ""interface_region"": ""interior"", ""is_alanine_scanning"": false}, {""chain_id"": ""H"", ""chain_role"": ""heavy"", ""wt_residue"": ""Y"", ""mutant_residue"": ""H"", ""residue_position"": 101, ""insertion_code"": null, ""aligned_interface_position"": 101, ""flat_residue_index"": 100, ""interface_region"": ""core"", ""is_alanine_scanning"": false}, {""chain_id"": ""H"", ""chain_role"": ""heavy"", ""wt_residue"": ""T"", ""mutant_residue"": ""S"", ""residue_position"": 105, ""insertion_code"": null, ""aligned_interface_position"": 105, ""flat_residue_index"": 104, ""interface_region"": ""rim"", ""is_alanine_scanning"": false}]",ineq,1.1019129593545105,,>,298.0,10543973,"Five mutations in the CDR-L1 regions are not included, as these solvent exposed residues and exist only to enhance expression. Mutations from affinity matured fab-12"
"1CZ8_HL_VW_LL4M,YH54W_659",1CZ8,Fab-12 :: VEGF,"[{""chain_id"": ""L"", ""chain_role"": ""light"", ""wt_residue"": ""L"", ""mutant_residue"": ""M"", ""residue_position"": 4, ""insertion_code"": null, ""aligned_interface_position"": 4, ""flat_residue_index"": 221, ""interface_region"": ""interior"", ""is_alanine_scanning"": false}, {""chain_id"": ""H"", ""chain_role"": ""heavy"", ""wt_residue"": ""Y"", ""mutant_residue"": ""W"", ""residue_position"": 54, ""insertion_code"": null, ""aligned_interface_position"": 54, ""flat_residue_index"": 53, ""interface_region"": ""rim"", ""is_alanine_scanning"": false}]",ineq,0.5913155846230213,,>,298.0,10543973,"Five mutations in the CDR-L1 regions are not included, as these solvent exposed residues and exist only to enhance expression. Mutations from affinity matured fab-12"
1CZ8_HL_VW_LL4M_660,1CZ8,Fab-12 :: VEGF,"[{""chain_id"": ""L"", ""chain_role"": ""light"", ""wt_residue"": ""L"", ""mutant_residue"": ""M"", ""residue_position"": 4, ""insertion_code"": null, ""aligned_interface_position"": 4, ""flat_residue_index"": 221, ""interface_region"": ""interior"", ""is_alanine_scanning"": false}]",ineq,0.04085666723672603,,<,298.0,10543973,"Five mutations in the CDR-L1 regions are not included, as these solvent exposed residues and exist only to enhance expression. Mutations from affinity matured fab-12"
"1DQJ_AB_C_DB32A,KC97A_247",1DQJ,HyHEL-63 fab :: HEW Lysozyme,"[{""chain_id"": ""B"", ""chain_role"": ""heavy"", ""wt_residue"": ""D"", ""mutant_residue"": ""A"", ""residue_position"": 32, ""insertion_code"": null, ""aligned_interface_position"": 32, ""flat_residue_index"": 31, ""interface_region"": ""core"", ""is_alanine_scanning"": true}, {""chain_id"": ""C"", ""chain_role"": ""antigen"", ""wt_residue"": ""K"", ""mutant_residue"": ""A"", ""residue_position"": 97, ""insertion_code"": null, ""aligned_interface_position"": 97, ""flat_residue_index"": 520, ""interface_region"": ""core"", ""is_alanine_scanning"": true}]",bounded,1.1223833547708861,6,,298.0,12515535,"NB) HyHEL-10 and HyHEL-63 are very similar,,"
1DQJ_AB_C_DB32A_237,1DQJ,HyHEL-63 fab :: HEW Lysozyme,"[{""chain_id"": ""B"", ""chain_role"": ""heavy"", ""wt_residue"": ""D"", ""mutant_residue"": ""A"", ""residue_position"": 32, ""insertion_code"": null, ""aligned_interface_position"": 32, ""flat_residue_index"": 31, ""interface_region"": ""core"", ""is_alanine_scanning"": true}]",bounded,2.013433684266098,7,,298.0,12515535,"NB) HyHEL-10 and HyHEL-63 are very similar,,"
1DQJ_AB_C_KC96A_228,1DQJ,HyHEL-63 fab :: HEW Lysozyme,"[{""chain_id"": ""C"", ""chain_role"": ""antigen"", ""wt_residue"": ""K"", ""mutant_residue"": ""A"", ""residue_position"": 96, ""insertion_code"": null, ""aligned_interface_position"": 96, ""flat_residue_index"": 519, ""interface_region"": ""support"", ""is_alanine_scanning"": true}]",bounded,6.155819811518635,9,,298.0,12515535,"NB) HyHEL-10 and HyHEL-63 are very similar,,"
1DQJ_AB_C_KC97A_219,1DQJ,HyHEL-63 fab :: HEW Lysozyme,"[{""chain_id"": ""C"", ""chain_role"": ""antigen"", ""wt_residue"": ""K"", ""mutant_residue"": ""A"", ""residue_position"": 97, ""insertion_code"": null, ""aligned_interface_position"": 97, ""flat_residue_index"": 520, ""interface_region"": ""core"", ""is_alanine_scanning"": true}]",bounded,3.5197055815031817,8,,298.0,10828942,"NB) HyHEL-10 and HyHEL-63 are very similar. This is repeated in 12515535,,"
1DQJ_AB_C_NA31A_232,1DQJ,HyHEL-63 fab :: HEW Lysozyme,"[{""chain_id"": ""A"", ""chain_role"": ""light"", ""wt_residue"": ""N"", ""mutant_residue"": ""A"", ""residue_position"": 31, ""insertion_code"": null, ""aligned_interface_position"": 31, ""flat_residue_index"": 240, ""interface_region"": ""core"", ""is_alanine_scanning"": true}]",bounded,2.013433684266098,7,,298.0,12515535,"NB) HyHEL-10 and HyHEL-63 are very similar,,"
"1DQJ_AB_C_NA32A,KC96A_242",1DQJ,HyHEL-63 fab :: HEW Lysozyme,"[{""chain_id"": ""A"", ""chain_role"": ""light"", ""wt_residue"": ""N"", ""mutant_residue"": ""A"", ""residue_position"": 32, ""insertion_code"": null, ""aligned_interface_position"": 32, ""flat_residue_index"": 241, ""interface_region"": ""support"", ""is_alanine_scanning"": true}, {""chain_id"": ""C"", ""chain_role"": ""antigen"", ""wt_residue"": ""K"", ""mutant_residue"": ""A"", ""residue_position"": 96, ""insertion_code"": null, ""aligned_interface_position"": 96, ""flat_residue_index"": 519, ""interface_region"": ""support"", ""is_alanine_scanning"": true}]",bounded,5.801847857542594,9,,298.0,12515535,"NB) HyHEL-10 and HyHEL-63 are very similar,,"
1DQJ_AB_C_NC93A_227,1DQJ,HyHEL-63 fab :: HEW Lysozyme,"[{""chain_id"": ""C"", ""chain_role"": ""antigen"", ""wt_residue"": ""N"", ""mutant_residue"": ""A"", ""residue_position"": 93, ""insertion_code"": null, ""aligned_interface_position"": 93, ""flat_residue_index"": 516, ""interface_region"": ""core"", ""is_alanine_scanning"": true}]",bounded,0.6498732047389328,5,,298.0,12515535,"NB) HyHEL-10 and HyHEL-63 are very similar,,"
1DQJ_AB_C_RC21A_217,1DQJ,HyHEL-63 fab :: HEW Lysozyme,"[{""chain_id"": ""C"", ""chain_role"": ""antigen"", ""wt_residue"": ""R"", ""mutant_residue"": ""A"", ""residue_position"": 21, ""insertion_code"": null, ""aligned_interface_position"": 21, ""flat_residue_index"": 444, ""interface_region"": ""core"", ""is_alanine_scanning"": true}]",bounded,1.1685511499132097,6,,298.0,10828942,"NB) HyHEL-10 and HyHEL-63 are very similar. This is repeated in 12515535,,"
"1DQJ_AB_C_SA91A,RC21A_243",1DQJ,HyHEL-63 fab :: HEW Lysozyme,"[{""chain_id"": ""A"", ""chain_role"": ""light"", ""wt_residue"": ""S"", ""mutant_residue"": ""A"", ""residue_position"": 91, ""insertion_code"": null, ""aligned_interface_position"": 91, ""flat_residue_index"": 300, ""interface_region"": ""support"", ""is_alanine_scanning"": true}, {""chain_id"": ""C"", ""chain_role"": ""antigen"", ""wt_residue"": ""R"", ""mutant_residue"": ""A"", ""residue_position"": 21, ""insertion_code"": null, ""aligned_interface_position"": 21, ""flat_residue_index"": 444, ""interface_region"": ""core"", ""is_alanine_scanning"": true}]",bounded,3.1707315398824436,8,,298.0,12515535,"NB) HyHEL-10 and HyHEL-63 are very similar,,"
"1DQJ_AB_C_SA91A,YC20A_244",1DQJ,HyHEL-63 fab :: HEW Lysozyme,"[{""chain_id"": ""A"", ""chain_role"": ""light"", ""wt_residue"": ""S"", ""mutant_residue"": ""A"", ""residue_position"": 91, ""insertion_code"": null, ""aligned_interface_position"": 91, ""flat_residue_index"": 300, ""interface_region"": ""support"", ""is_alanine_scanning"": true}, {""chain_id"": ""C"", ""chain_role"": ""antigen"", ""wt_residue"": ""Y"", ""mutant_residue"": ""A"", ""residue_position"": 20, ""insertion_code"": null, ""aligned_interface_position"": 20, ""flat_residue_index"": 443, ""interface_region"": ""core"", ""is_alanine_scanning"": true}]",bounded,3.5730918704275156,8,,298.0,12515535,"NB) HyHEL-10 and HyHEL-63 are very similar,,"
1DQJ_AB_C_SA91A_235,1DQJ,HyHEL-63 fab :: HEW Lysozyme,"[{""chain_id"": ""A"", ""chain_role"": ""light"", ""wt_residue"": ""S"", ""mutant_residue"": ""A"", ""residue_position"": 91, ""insertion_code"": null, ""aligned_interface_position"": 91, ""flat_residue_index"": 300, ""interface_region"": ""support"", ""is_alanine_scanning"": true}]",bounded,1.4318882198539107,6,,298.0,12515535,"NB) HyHEL-10 and HyHEL-63 are very similar,,"
1DQJ_AB_C_SC100A_230,1DQJ,HyHEL-63 fab :: HEW Lysozyme,"[{""chain_id"": ""C"", ""chain_role"": ""antigen"", ""wt_residue"": ""S"", ""mutant_residue"": ""A"", ""residue_position"": 100, ""insertion_code"": null, ""aligned_interface_position"": 100, ""flat_residue_index"": 523, ""interface_region"": ""core"", ""is_alanine_scanning"": true}]",bounded,0.7755828769483536,5,,298.0,12515535,"NB) HyHEL-10 and HyHEL-63 are very similar,,"
1DQJ_AB_C_TC89A_226,1DQJ,HyHEL-63 fab :: HEW Lysozyme,"[{""chain_id"": ""C"", ""chain_role"": ""antigen"", ""wt_residue"": ""T"", ""mutant_residue"": ""A"", ""residue_position"": 89, ""insertion_code"": null, ""aligned_interface_position"": 89, ""flat_residue_index"": 512, ""interface_region"": ""core"", ""is_alanine_scanning"": true}]",bounded,0.8408437209724051,5,,298.0,12515535,"NB) HyHEL-10 and HyHEL-63 are very similar,,"
"1DQJ_AB_C_WB98A,KC97A_253",1DQJ,HyHEL-63 fab :: HEW Lysozyme,"[{""chain_id"": ""B"", ""chain_role"": ""heavy"", ""wt_residue"": ""W"", ""mutant_residue"": ""A"", ""residue_position"": 98, ""insertion_code"": null, ""aligned_interface_position"": 98, ""flat_residue_index"": 97, ""interface_region"": ""core"", ""is_alanine_scanning"": true}, {""chain_id"": ""C"", ""chain_role"": ""antigen"", ""wt_residue"": ""K"", ""mutant_residue"": ""A"", ""residue_position"": 97, ""insertion_code"": null, ""aligned_interface_position"": 97, ""flat_residue_index"": 520, ""interface_region"": ""core"", ""is_alanine_scanning"": true}]",bounded,6.6600859123140985,9,,298.0,12515535,"NB) HyHEL-10 and HyHEL-63 are very similar,,"
"1DQJ_AB_C_WB98A,YC20A_254",1DQJ,HyHEL-63 fab :: HEW Lysozyme,"[{""chain_id"": ""B"", ""chain_role"": ""heavy"", ""wt_residue"": ""W"", ""mutant_residue"": ""A"", ""residue_position"": 98, ""insertion_code"": null, ""aligned_interface_position"": 98, ""flat_residue_index"": 97, ""interface_region"": ""core"", ""is_alanine_scanning"": true}, {""chain_id"": ""C"", ""chain_role"": ""antigen"", ""wt_residue"": ""Y"", ""mutant_residue"": ""A"", ""residue_position"": 20, ""insertion_code"": null, ""aligned_interface_position"": 20, ""flat_residue_index"": 443, ""interface_region"": ""core"", ""is_alanine_scanning"": true}]",bounded,5.112097053195768,9,,298.0,12515535,"NB) HyHEL-10 and HyHEL-63 are very similar,,"
1DQJ_AB_C_WB98A_241,1DQJ,HyHEL-63 fab :: HEW Lysozyme,"[{""chain_id"": ""B"", ""chain_role"": ""heavy"", ""wt_residue"": ""W"", ""mutant_residue"": ""A"", ""residue_position"": 98, ""insertion_code"": null, ""aligned_interface_position"": 98, ""flat_residue_index"": 97, ""interface_region"": ""core"", ""is_alanine_scanning"": true}]",bounded,4.931525159553901,9,,298.0,12515535,"NB) HyHEL-10 and HyHEL-63 are very similar,,"
1DQJ_AB_C_WC62A_223,1DQJ,HyHEL-63 fab :: HEW Lysozyme,"[{""chain_id"": ""C"", ""chain_role"": ""antigen"", ""wt_residue"": ""W"", ""mutant_residue"": ""A"", ""residue_position"": 62, ""insertion_code"": null, ""aligned_interface_position"": 62, ""flat_residue_index"": 485, ""interface_region"": ""rim"", ""is_alanine_scanning"": true}]",bounded,0.758078544673571,5,,298.0,12515535,"NB) HyHEL-10 and HyHEL-63 are very similar,,"
1DQJ_AB_C_WC63A_218,1DQJ,HyHEL-63 fab :: HEW Lysozyme,"[{""chain_id"": ""C"", ""chain_role"": ""antigen"", ""wt_residue"": ""W"", ""mutant_residue"": ""A"", ""residue_position"": 63, ""insertion_code"": null, ""aligned_interface_position"": 63, ""flat_residue_index"": 486, ""interface_region"": ""support"", ""is_alanine_scanning"": true}]",bounded,1.346269125780843,6,,298.0,10828942,"NB) HyHEL-10 and HyHEL-63 are very similar. This is repeated in 12515535,,"
1DQJ_AB_C_YA50A_234,1DQJ,HyHEL-63 fab :: HEW Lysozyme,"[{""chain_id"": ""A"", ""chain_role"": ""light"", ""wt_residue"": ""Y"", ""mutant_residue"": ""A"", ""residue_position"": 50, ""insertion_code"": null, ""aligned_interface_position"": 50, ""flat_residue_index"": 259, ""interface_region"": ""core"", ""is_alanine_scanning"": true}]",bounded,2.6782989070635157,7,,298.0,12515535,"NB) HyHEL-10 and HyHEL-63 are very similar,,"
"1DQJ_AB_C_YA96A,RC21A_245",1DQJ,HyHEL-63 fab :: HEW Lysozyme,"[{""chain_id"": ""A"", ""chain_role"": ""light"", ""wt_residue"": ""Y"", ""mutant_residue"": ""A"", ""residue_position"": 96, ""insertion_code"": null, ""aligned_interface_position"": 96, ""flat_residue_index"": 305, ""interface_region"": ""support"", ""is_alanine_scanning"": true}, {""chain_id"": ""C"", ""chain_role"": ""antigen"", ""wt_residue"": ""R"", ""mutant_residue"": ""A"", ""residue_position"": 21, ""insertion_code"": null, ""aligned_interface_position"": 21, ""flat_residue_index"": 444, ""interface_region"": ""core"", ""is_alanine_scanning"": true}]",bounded,3.4851995037279018,8,,298.0,12515535,"NB) HyHEL-10 and HyHEL-63 are very similar,,"
"1DQJ_AB_C_YA96A,SC100A_246",1DQJ,HyHEL-63 fab :: HEW Lysozyme,"[{""chain_id"": ""A"", ""chain_role"": ""light"", ""wt_residue"": ""Y"", ""mutant_residue"": ""A"", ""residue_position"": 96, ""insertion_code"": null, ""aligned_interface_position"": 96, ""flat_residue_index"": 305, ""interface_region"": ""support"", ""is_alanine_scanning"": true}, {""chain_id"": ""C"", ""chain_role"": ""antigen"", ""wt_residue"": ""S"", ""mutant_residue"": ""A"", ""residue_position"": 100, ""insertion_code"": null, ""aligned_interface_position"": 100, ""flat_residue_index"": 523, ""interface_region"": ""core"", ""is_alanine_scanning"": true}]",bounded,0.9134471967840141,5,,298.0,12515535,"NB) HyHEL-10 and HyHEL-63 are very similar,,"
1DQJ_AB_C_YB33A_238,1DQJ,HyHEL-63 fab :: HEW Lysozyme,"[{""chain_id"": ""B"", ""chain_role"": ""heavy"", ""wt_residue"": ""Y"", ""mutant_residue"": ""A"", ""residue_position"": 33, ""insertion_code"": null, ""aligned_interface_position"": 33, ""flat_residue_index"": 32, ""interface_region"": ""core"", ""is_alanine_scanning"": true}]",bounded,5.524464657786874,9,,298.0,12515535,"NB) HyHEL-10 and HyHEL-63 are very similar,,"
1DQJ_AB_C_YB50A_239,1DQJ,HyHEL-63 fab :: HEW Lysozyme,"[{""chain_id"": ""B"", ""chain_role"": ""heavy"", ""wt_residue"": ""Y"", ""mutant_residue"": ""A"", ""residue_position"": 50, ""insertion_code"": null, ""aligned_interface_position"": 50, ""flat_residue_index"": 49, ""interface_region"": ""support"", ""is_alanine_scanning"": true}]",bounded,6.88802513731404,9,,298.0,12515535,"NB) HyHEL-10 and HyHEL-63 are very similar,,"
"1DQJ_AB_C_YB53A,DC101A_251",1DQJ,HyHEL-63 fab :: HEW Lysozyme,"[{""chain_id"": ""B"", ""chain_role"": ""heavy"", ""wt_residue"": ""Y"", ""mutant_residue"": ""A"", ""residue_position"": 53, ""insertion_code"": null, ""aligned_interface_position"": 53, ""flat_residue_index"": 52, ""interface_region"": ""core"", ""is_alanine_scanning"": true}, {""chain_id"": ""C"", ""chain_role"": ""antigen"", ""wt_residue"": ""D"", ""mutant_residue"": ""A"", ""residue_position"": 101, ""insertion_code"": null, ""aligned_interface_position"": 101, ""flat_residue_index"": 524, ""interface_region"": ""core"", ""is_alanine_scanning"": true}]",bounded,2.727120959054331,7,,298.0,12515535,"NB) HyHEL-10 and HyHEL-63 are very similar,,"
"1DQJ_AB_C_YB53A,WC62A_248",1DQJ,HyHEL-63 fab :: HEW Lysozyme,"[{""chain_id"": ""B"", ""chain_role"": ""heavy"", ""wt_residue"": ""Y"", ""mutant_residue"": ""A"", ""residue_position"": 53, ""insertion_code"": null, ""aligned_interface_position"": 53, ""flat_residue_index"": 52, ""interface_region"": ""core"", ""is_alanine_scanning"": true}, {""chain_id"": ""C"", ""chain_role"": ""antigen"", ""wt_residue"": ""W"", ""mutant_residue"": ""A"", ""residue_position"": 62, ""insertion_code"": null, ""aligned_interface_position"": 62, ""flat_residue_index"": 485, ""interface_region"": ""rim"", ""is_alanine_scanning"": true}]",bounded,1.2863080020399544,6,,298.0,12515535,"NB) HyHEL-10 and HyHEL-63 are very similar,,"
1DQJ_AB_C_YC20A_216,1DQJ,HyHEL-63 fab :: HEW Lysozyme,"[{""chain_id"": ""C"", ""chain_role"": ""antigen"", ""wt_residue"": ""Y"", ""mutant_residue"": ""A"", ""residue_position"": 20, ""insertion_code"": null, ""aligned_interface_position"": 20, ""flat_residue_index"": 443, ""interface_region"": ""core"", ""is_alanine_scanning"": true}]",bounded,3.2857081672217405,8,,298.0,10828942,"NB) HyHEL-10 and HyHEL-63 are very similar. This is repeated in 12515535,,"
"1DVF_AB_CD_DB100A,DD52A_58",1DVF,IgG1-kappa D1.3 Fv :: E5.2 Fv,"[{""chain_id"": ""B"", ""chain_role"": ""heavy"", ""wt_residue"": ""D"", ""mutant_residue"": ""A"", ""residue_position"": 100, ""insertion_code"": null, ""aligned_interface_position"": 100, ""flat_residue_index"": 99, ""interface_region"": ""rim"", ""is_alanine_scanning"": true}, {""chain_id"": ""D"", ""chain_role"": ""antigen"", ""wt_residue"": ""D"", ""mutant_residue"": ""A"", ""residue_position"": 52, ""insertion_code"": null, ""aligned_interface_position"": 52, ""flat_residue_index"": 381, ""interface_region"": ""support"", ""is_alanine_scanning"": true}]",bounded,4.319723285935899,9,,298.0,8993317,
"1DVF_AB_CD_DB100A,HD33A_57",1DVF,IgG1-kappa D1.3 Fv :: E5.2 Fv,"[{""chain_id"": ""B"", ""chain_role"": ""heavy"", ""wt_residue"": ""D"", ""mutant_residue"": ""A"", ""residue_position"": 100, ""insertion_code"": null, ""aligned_interface_position"": 100, ""flat_residue_index"": 99, ""interface_region"": ""rim"", ""is_alanine_scanning"": true}, {""chain_id"": ""D"", ""chain_role"": ""antigen"", ""wt_residue"": ""H"", ""mutant_residue"": ""A"", ""residue_position"": 33, ""insertion_code"": null, ""aligned_interface_position"": 33, ""flat_residue_index"": 362, ""interface_region"": ""core"", ""is_alanine_scanning"": true}]",bounded,4.148118977425332,9,,298.0,8993317,
"1DVF_AB_CD_DB100A,ND54A_60",1DVF,IgG1-kappa D1.3 Fv :: E5.2 Fv,"[{""chain_id"": ""B"", ""chain_role"": ""heavy"", ""wt_residue"": ""D"", ""mutant_residue"": ""A"", ""residue_position"": 100, ""insertion_code"": null, ""aligned_interface_position"": 100, ""flat_residue_index"": 99, ""interface_region"": ""rim"", ""is_alanine_scanning"": true}, {""chain_id"": ""D"", ""chain_role"": ""antigen"", ""wt_residue"": ""N"", ""mutant_residue"": ""A"", ""residue_position"": 54, ""insertion_code"": null, ""aligned_interface_position"": 55, ""flat_residue_index"": 384, ""interface_region"": ""rim"", ""is_alanine_scanning"": true}]",bounded,4.090681438581496,9,,298.0,8993317,
1DVF_AB_CD_DB100A_30,1DVF,IgG1-kappa D1.3 Fv :: E5.2 Fv,"[{""chain_id"": ""B"", ""chain_role"": ""heavy"", ""wt_residue"": ""D"", ""mutant_residue"": ""A"", ""residue_position"": 100, ""insertion_code"": null, ""aligned_interface_position"": 100, ""flat_residue_index"": 99, ""interface_region"": ""rim"", ""is_alanine_scanning"": true}]",bounded,2.789514064825205,7,,298.0,8703938,
"1DVF_AB_CD_DB54A,YC49A_51",1DVF,IgG1-kappa D1.3 Fv :: E5.2 Fv,"[{""chain_id"": ""B"", ""chain_role"": ""heavy"", ""wt_residue"": ""D"", ""mutant_residue"": ""A"", ""residue_position"": 54, ""insertion_code"": null, ""aligned_interface_position"": 54, ""flat_residue_index"": 53, ""interface_region"": ""rim"", ""is_alanine_scanning"": true}, {""chain_id"": ""C"", ""chain_role"": ""antigen"", ""wt_residue"": ""Y"", ""mutant_residue"": ""A"", ""residue_position"": 49, ""insertion_code"": null, ""aligned_interface_position"": 49, ""flat_residue_index"": 271, ""interface_region"": ""support"", ""is_alanine_scanning"": true}]",bounded,4.492871576053978,9,,298.0,8993317,
1DVF_AB_CD_DB54A_25,1DVF,IgG1-kappa D1.3 Fv :: E5.2 Fv,"[{""chain_id"": ""B"", ""chain_role"": ""heavy"", ""wt_residue"": ""D"", ""mutant_residue"": ""A"", ""residue_position"": 54, ""insertion_code"": null, ""aligned_interface_position"": 54, ""flat_residue_index"": 53, ""interface_region"": ""rim"", ""is_alanine_scanning"": true}]",bounded,4.281256077725873,9,,298.0,8703938,
"1DVF_AB_CD_DB58A,QD100A_52",1DVF,IgG1-kappa D1.3 Fv :: E5.2 Fv,"[{""chain_id"": ""B"", ""chain_role"": ""heavy"", ""wt_residue"": ""D"", ""mutant_residue"": ""A"", ""residue_position"": 58, ""insertion_code"": null, ""aligned_interface_position"": 58, ""flat_residue_index"": 57, ""interface_region"": ""core"", ""is_alanine_scanning"": true}, {""chain_id"": ""D"", ""chain_role"": ""antigen"", ""wt_residue"": ""Q"", ""mutant_residue"": ""A"", ""residue_position"": 100, ""insertion_code"": null, ""aligned_interface_position"": 104, ""flat_residue_index"": 433, ""interface_region"": ""core"", ""is_alanine_scanning"": true}]",bounded,1.464172445090922,6,,298.0,8993317,
1DVF_AB_CD_DB58A_27,1DVF,IgG1-kappa D1.3 Fv :: E5.2 Fv,"[{""chain_id"": ""B"", ""chain_role"": ""heavy"", ""wt_residue"": ""D"", ""mutant_residue"": ""A"", ""residue_position"": 58, ""insertion_code"": null, ""aligned_interface_position"": 58, ""flat_residue_index"": 57, ""interface_region"": ""core"", ""is_alanine_scanning"": true}]",bounded,1.6000047581683967,6,,298.0,8703938,
1DVF_AB_CD_EB98A_28,1DVF,IgG1-kappa D1.3 Fv :: E5.2 Fv,"[{""chain_id"": ""B"", ""chain_role"": ""heavy"", ""wt_residue"": ""E"", ""mutant_residue"": ""A"", ""residue_position"": 98, ""insertion_code"": null, ""aligned_interface_position"": 98, ""flat_residue_index"": 97, ""interface_region"": ""support"", ""is_alanine_scanning"": true}]",bounded,4.186648778045521,9,,298.0,8703938,
1DVF_AB_CD_HA30A_16,1DVF,IgG1-kappa D1.3 Fv :: E5.2 Fv,"[{""chain_id"": ""A"", ""chain_role"": ""light"", ""wt_residue"": ""H"", ""mutant_residue"": ""A"", ""residue_position"": 30, ""insertion_code"": null, ""aligned_interface_position"": 30, ""flat_residue_index"": 145, ""interface_region"": ""rim"", ""is_alanine_scanning"": true}]",bounded,1.6493822456778118,6,,298.0,8703938,
1DVF_AB_CD_HD33A_47,1DVF,IgG1-kappa D1.3 Fv :: E5.2 Fv,"[{""chain_id"": ""D"", ""chain_role"": ""antigen"", ""wt_residue"": ""H"", ""mutant_residue"": ""A"", ""residue_position"": 33, ""insertion_code"": null, ""aligned_interface_position"": 33, ""flat_residue_index"": 362, ""interface_region"": ""core"", ""is_alanine_scanning"": true}]",bounded,1.8606004365156694,6,,298.0,8993317,
1DVF_AB_CD_ID97A_49,1DVF,IgG1-kappa D1.3 Fv :: E5.2 Fv,"[{""chain_id"": ""D"", ""chain_role"": ""antigen"", ""wt_residue"": ""I"", ""mutant_residue"": ""A"", ""residue_position"": 97, ""insertion_code"": null, ""aligned_interface_position"": 101, ""flat_residue_index"": 430, ""interface_region"": ""core"", ""is_alanine_scanning"": true}]",bounded,2.681545646994947,7,,298.0,8993317,
1DVF_AB_CD_KD30A_46,1DVF,IgG1-kappa D1.3 Fv :: E5.2 Fv,"[{""chain_id"": ""D"", ""chain_role"": ""antigen"", ""wt_residue"": ""K"", ""mutant_residue"": ""A"", ""residue_position"": 30, ""insertion_code"": null, ""aligned_interface_position"": 30, ""flat_residue_index"": 359, ""interface_region"": ""rim"", ""is_alanine_scanning"": true}]",bounded,1.0035172036223237,6,,298.0,8993317,
"1DVF_AB_CD_NB56A,ND54A_61",1DVF,IgG1-kappa D1.3 Fv :: E5.2 Fv,"[{""chain_id"": ""B"", ""chain_role"": ""heavy"", ""wt_residue"": ""N"", ""mutant_residue"": ""A"", ""residue_position"": 56, ""insertion_code"": null, ""aligned_interface_position"": 56, ""flat_residue_index"": 55, ""interface_region"": ""core"", ""is_alanine_scanning"": true}, {""chain_id"": ""D"", ""chain_role"": ""antigen"", ""wt_residue"": ""N"", ""mutant_residue"": ""A"", ""residue_position"": 54, ""insertion_code"": null, ""aligned_interface_position"": 55, ""flat_residue_index"": 384, ""interface_region"": ""rim"", ""is_alanine_scanning"": true}]",bounded,2.301092834498304,7,,298.0,8993317,
"1DVF_AB_CD_NB56A,QD100A_55",1DVF,IgG1-kappa D1.3 Fv :: E5.2 Fv,"[{""chain_id"": ""B"", ""chain_role"": ""heavy"", ""wt_residue"": ""N"", ""mutant_residue"": ""A"", ""residue_position"": 56, ""insertion_code"": null, ""aligned_interface_position"": 56, ""flat_residue_index"": 55, ""interface_region"": ""core"", ""is_alanine_scanning"": true}, {""chain_id"": ""D"", ""chain_role"": ""antigen"", ""wt_residue"": ""Q"", ""mutant_residue"": ""A"", ""residue_position"": 100, ""insertion_code"": null, ""aligned_interface_position"": 104, ""flat_residue_index"": 433, ""interface_region"": ""core"", ""is_alanine_scanning"": true}]",bounded,1.4868643704150872,6,,298.0,8993317,
1DVF_AB_CD_NB56A_26,1DVF,IgG1-kappa D1.3 Fv :: E5.2 Fv,"[{""chain_id"": ""B"", ""chain_role"": ""heavy"", ""wt_residue"": ""N"", ""mutant_residue"": ""A"", ""residue_position"": 56, ""insertion_code"": null, ""aligned_interface_position"": 56, ""flat_residue_index"": 55, ""interface_region"": ""core"", ""is_alanine_scanning"": true}]",bounded,1.1624388326660018,6,,298.0,8703938,
1DVF_AB_CD_QD100A_43,1DVF,IgG1-kappa D1.3 Fv :: E5.2 Fv,"[{""chain_id"": ""D"", ""chain_role"": ""antigen"", ""wt_residue"": ""Q"", ""mutant_residue"": ""A"", ""residue_position"": 100, ""insertion_code"": null, ""aligned_interface_position"": 104, ""flat_residue_index"": 433, ""interface_region"": ""core"", ""is_alanine_scanning"": true}]",bounded,1.6287224716886677,6,,298.0,8993317,
1DVF_AB_CD_RD100bA_45,1DVF,IgG1-kappa D1.3 Fv :: E5.2 Fv,"[{""chain_id"": ""D"", ""chain_role"": ""antigen"", ""wt_residue"": ""R"", ""mutant_residue"": ""A"", ""residue_position"": 100, ""insertion_code"": ""b"", ""aligned_interface_position"": 106, ""flat_residue_index"": 435, ""interface_region"": ""core"", ""is_alanine_scanning"": true}]",bounded,4.090681438581496,9,,298.0,8993317,
1DVF_AB_CD_SA93A_21,1DVF,IgG1-kappa D1.3 Fv :: E5.2 Fv,"[{""chain_id"": ""A"", ""chain_role"": ""light"", ""wt_residue"": ""S"", ""mutant_residue"": ""A"", ""residue_position"": 93, ""insertion_code"": null, ""aligned_interface_position"": 93, ""flat_residue_index"": 208, ""interface_region"": ""core"", ""is_alanine_scanning"": true}]",bounded,1.1624388326660018,6,,298.0,8703938,
1DVF_AB_CD_TB30A_22,1DVF,IgG1-kappa D1.3 Fv :: E5.2 Fv,"[{""chain_id"": ""B"", ""chain_role"": ""heavy"", ""wt_residue"": ""T"", ""mutant_residue"": ""A"", ""residue_position"": 30, ""insertion_code"": null, ""aligned_interface_position"": 30, ""flat_residue_index"": 29, ""interface_region"": ""rim"", ""is_alanine_scanning"": true}]",bounded,0.9075125622281427,5,,298.0,8703938,
1DVF_AB_CD_WA92A_20,1DVF,IgG1-kappa D1.3 Fv :: E5.2 Fv,"[{""chain_id"": ""A"", ""chain_role"": ""light"", ""wt_residue"": ""W"", ""mutant_residue"": ""A"", ""residue_position"": 92, ""insertion_code"": null, ""aligned_interface_position"": 92, ""flat_residue_index"": 207, ""interface_region"": ""core"", ""is_alanine_scanning"": true}]",bounded,0.3407230472022634,5,,298.0,8703938,
1DVF_AB_CD_WB52A_24,1DVF,IgG1-kappa D1.3 Fv :: E5.2 Fv,"[{""chain_id"": ""B"", ""chain_role"": ""heavy"", ""wt_residue"": ""W"", ""mutant_residue"": ""A"", ""residue_position"": 52, ""insertion_code"": null, ""aligned_interface_position"": 52, ""flat_residue_index"": 51, ""interface_region"": ""core"", ""is_alanine_scanning"": true}]",bounded,4.132998493221726,9,,298.0,8703938,
"1DVF_AB_CD_YA32A,RD100bA_54",1DVF,IgG1-kappa D1.3 Fv :: E5.2 Fv,"[{""chain_id"": ""A"", ""chain_role"": ""light"", ""wt_residue"": ""Y"", ""mutant_residue"": ""A"", ""residue_position"": 32, ""insertion_code"": null, ""aligned_interface_position"": 32, ""flat_residue_index"": 147, ""interface_region"": ""core"", ""is_alanine_scanning"": true}, {""chain_id"": ""D"", ""chain_role"": ""antigen"", ""wt_residue"": ""R"", ""mutant_residue"": ""A"", ""residue_position"": 100, ""insertion_code"": ""b"", ""aligned_interface_position"": 106, ""flat_residue_index"": 435, ""interface_region"": ""core"", ""is_alanine_scanning"": true}]",bounded,4.650588061375707,9,,298.0,8993317,
1DVF_AB_CD_YA32A_17,1DVF,IgG1-kappa D1.3 Fv :: E5.2 Fv,"[{""chain_id"": ""A"", ""chain_role"": ""light"", ""wt_residue"": ""Y"", ""mutant_residue"": ""A"", ""residue_position"": 32, ""insertion_code"": null, ""aligned_interface_position"": 32, ""flat_residue_index"": 147, ""interface_region"": ""core"", ""is_alanine_scanning"": true}]",bounded,2.030369477033861,7,,298.0,8703938,
"1DVF_AB_CD_YA49A,HD33A_59",1DVF,IgG1-kappa D1.3 Fv :: E5.2 Fv,"[{""chain_id"": ""A"", ""chain_role"": ""light"", ""wt_residue"": ""Y"", ""mutant_residue"": ""A"", ""residue_position"": 49, ""insertion_code"": null, ""aligned_interface_position"": 49, ""flat_residue_index"": 164, ""interface_region"": ""support"", ""is_alanine_scanning"": true}, {""chain_id"": ""D"", ""chain_role"": ""antigen"", ""wt_residue"": ""H"", ""mutant_residue"": ""A"", ""residue_position"": 33, ""insertion_code"": null, ""aligned_interface_position"": 33, ""flat_residue_index"": 362, ""interface_region"": ""core"", ""is_alanine_scanning"": true}]",bounded,2.6250449957313493,7,,298.0,8993317,
"1DVF_AB_CD_YA49A,ND54A_53",1DVF,IgG1-kappa D1.3 Fv :: E5.2 Fv,"[{""chain_id"": ""A"", ""chain_role"": ""light"", ""wt_residue"": ""Y"", ""mutant_residue"": ""A"", ""residue_position"": 49, ""insertion_code"": null, ""aligned_interface_position"": 49, ""flat_residue_index"": 164, ""interface_region"": ""support"", ""is_alanine_scanning"": true}, {""chain_id"": ""D"", ""chain_role"": ""antigen"", ""wt_residue"": ""N"", ""mutant_residue"": ""A"", ""residue_position"": 54, ""insertion_code"": null, ""aligned_interface_position"": 55, ""flat_residue_index"": 384, ""interface_region"": ""rim"", ""is_alanine_scanning"": true}]",bounded,2.030369477033861,7,,298.0,8993317,
1DVF_AB_CD_YA50A_19,1DVF,IgG1-kappa D1.3 Fv :: E5.2 Fv,"[{""chain_id"": ""A"", ""chain_role"": ""light"", ""wt_residue"": ""Y"", ""mutant_residue"": ""A"", ""residue_position"": 50, ""insertion_code"": null, ""aligned_interface_position"": 50, ""flat_residue_index"": 165, ""interface_region"": ""rim"", ""is_alanine_scanning"": true}]",bounded,0.687773551117596,5,,298.0,8703938,
1DVF_AB_CD_YB101A_31,1DVF,IgG1-kappa D1.3 Fv :: E5.2 Fv,"[{""chain_id"": ""B"", ""chain_role"": ""heavy"", ""wt_residue"": ""Y"", ""mutant_residue"": ""A"", ""residue_position"": 101, ""insertion_code"": null, ""aligned_interface_position"": 101, ""flat_residue_index"": 100, ""interface_region"": ""core"", ""is_alanine_scanning"": true}]",n.b.,,,,298.0,8703938,
1DVF_AB_CD_YB101F_32,1DVF,IgG1-kappa D1.3 Fv :: E5.2 Fv,"[{""chain_id"": ""B"", ""chain_role"": ""heavy"", ""wt_residue"": ""Y"", ""mutant_residue"": ""F"", ""residue_position"": 101, ""insertion_code"": null, ""aligned_interface_position"": 101, ""flat_residue_index"": 100, ""interface_region"": ""core"", ""is_alanine_scanning"": false}]",bounded,2.012313602994022,7,,298.0,8703938,
1DVF_AB_CD_YB32A_23,1DVF,IgG1-kappa D1.3 Fv :: E5.2 Fv,"[{""chain_id"": ""B"", ""chain_role"": ""heavy"", ""wt_residue"": ""Y"", ""mutant_residue"": ""A"", ""residue_position"": 32, ""insertion_code"": null, ""aligned_interface_position"": 32, ""flat_residue_index"": 31, ""interface_region"": ""core"", ""is_alanine_scanning"": true}]",bounded,1.8314706236106397,6,,298.0,8703938,
1DVF_AB_CD_YC49A_42,1DVF,IgG1-kappa D1.3 Fv :: E5.2 Fv,"[{""chain_id"": ""C"", ""chain_role"": ""antigen"", ""wt_residue"": ""Y"", ""mutant_residue"": ""A"", ""residue_position"": 49, ""insertion_code"": null, ""aligned_interface_position"": 49, ""flat_residue_index"": 271, ""interface_region"": ""support"", ""is_alanine_scanning"": true}]",bounded,1.8606004365156694,6,,298.0,8993317,
1DVF_AB_CD_YD98A_41,1DVF,IgG1-kappa D1.3 Fv :: E5.2 Fv,"[{""chain_id"": ""D"", ""chain_role"": ""antigen"", ""wt_residue"": ""Y"", ""mutant_residue"": ""A"", ""residue_position"": 98, ""insertion_code"": null, ""aligned_interface_position"": 102, ""flat_residue_index"": 431, ""interface_region"": ""core"", ""is_alanine_scanning"": true}]",bounded,4.739434562048353,9,,298.0,8993317,
"1JRH_LH_I_AI103L,VI104M_264",1JRH,mAbs A6 :: Interferon gamma receptor,"[{""chain_id"": ""I"", ""chain_role"": ""antigen"", ""wt_residue"": ""A"", ""mutant_residue"": ""L"", ""residue_position"": 103, ""insertion_code"": null, ""aligned_interface_position"": 93, ""flat_residue_index"": 439, ""interface_region"": ""surface"", ""is_alanine_scanning"": false}, {""chain_id"": ""I"", ""chain_role"": ""antigen"", ""wt_residue"": ""V"", ""mutant_residue"": ""M"", ""residue_position"": 104, ""insertion_code"": null, ""aligned_interface_position"": 94, ""flat_residue_index"": 440, ""interface_region"": ""surface"", ""is_alanine_scanning"": false}]",bounded,0.633662913113879,5,,298.0,9367779,"The mutant also contains RI106L and DI107K mutations, but these are disordered in the crystal structure,,"
"1JRH_LH_I_AI59S,II61T,HI65D_260",1JRH,mAbs A6 :: Interferon gamma receptor,"[{""chain_id"": ""I"", ""chain_role"": ""antigen"", ""wt_residue"": ""A"", ""mutant_residue"": ""S"", ""residue_position"": 59, ""insertion_code"": null, ""aligned_interface_position"": 49, ""flat_residue_index"": 395, ""interface_region"": ""surface"", ""is_alanine_scanning"": false}, {""chain_id"": ""I"", ""chain_role"": ""antigen"", ""wt_residue"": ""I"", ""mutant_residue"": ""T"", ""residue_position"": 61, ""insertion_code"": null, ""aligned_interface_position"": 51, ""flat_residue_index"": 397, ""interface_region"": ""surface"", ""is_alanine_scanning"": false}, {""chain_id"": ""I"", ""chain_role"": ""antigen"", ""wt_residue"": ""H"", ""mutant_residue"": ""D"", ""residue_position"": 65, ""insertion_code"": null, ""aligned_interface_position"": 55, ""flat_residue_index"": 401, ""interface_region"": ""surface"", ""is_alanine_scanning"": false}]",bounded,0.0706755735380309,5,,298.0,9367779,
"1JRH_LH_I_AI95D,KI98R,EI100K_263",1JRH,mAbs A6 :: Interferon gamma receptor,"[{""chain_id"": ""I"", ""chain_role"": ""antigen"", ""wt_residue"": ""A"", ""mutant_residue"": ""D"", ""residue_position"": 95, ""insertion_code"": null, ""aligned_interface_position"": 85, ""flat_residue_index"": 431, ""interface_region"": ""surface"", ""is_alanine_scanning"": false}, {""chain_id"": ""I"", ""chain_role"": ""antigen"", ""wt_residue"": ""K"", ""mutant_residue"": ""R"", ""residue_position"": 98, ""insertion_code"": null, ""aligned_interface_position"": 88, ""flat_residue_index"": 434, ""interface_region"": ""rim"", ""is_alanine_scanning"": false}, {""chain_id"": ""I"", ""chain_role"": ""antigen"", ""wt_residue"": ""E"", ""mutant_residue"": ""K"", ""residue_position"": 100, ""insertion_code"": null, ""aligned_interface_position"": 90, ""flat_residue_index"": 436, ""interface_region"": ""surface"", ""is_alanine_scanning"": false}]",bounded,-0.0477478637542127,4,,298.0,9367779,
1JRH_LH_I_DH54A_276,1JRH,mAbs A6 :: Interferon gamma receptor,"[{""chain_id"": ""H"", ""chain_role"": ""heavy"", ""wt_residue"": ""D"", ""mutant_residue"": ""A"", ""residue_position"": 54, ""insertion_code"": null, ""aligned_interface_position"": 56, ""flat_residue_index"": 55, ""interface_region"": ""rim"", ""is_alanine_scanning"": true}]",bounded,1.8860996974444093,6,,298.0,11123892,
1JRH_LH_I_DH55A_277,1JRH,mAbs A6 :: Interferon gamma receptor,"[{""chain_id"": ""H"", ""chain_role"": ""heavy"", ""wt_residue"": ""D"", ""mutant_residue"": ""A"", ""residue_position"": 55, ""insertion_code"": null, ""aligned_interface_position"": 57, ""flat_residue_index"": 56, ""interface_region"": ""surface"", ""is_alanine_scanning"": true}]",bounded,1.6660646669365464,6,,298.0,11123892,
1JRH_LH_I_DH56A_278,1JRH,mAbs A6 :: Interferon gamma receptor,"[{""chain_id"": ""H"", ""chain_role"": ""heavy"", ""wt_residue"": ""D"", ""mutant_residue"": ""A"", ""residue_position"": 56, ""insertion_code"": null, ""aligned_interface_position"": 58, ""flat_residue_index"": 57, ""interface_region"": ""rim"", ""is_alanine_scanning"": true}]",bounded,1.8546487603680617,6,,298.0,11123892,
1JRH_LH_I_DL28A_266,1JRH,mAbs A6 :: Interferon gamma receptor,"[{""chain_id"": ""L"", ""chain_role"": ""light"", ""wt_residue"": ""D"", ""mutant_residue"": ""A"", ""residue_position"": 28, ""insertion_code"": null, ""aligned_interface_position"": 28, ""flat_residue_index"": 207, ""interface_region"": ""core"", ""is_alanine_scanning"": true}]",bounded,0.4346468512176301,5,,298.0,11123892,
1JRH_LH_I_EI45Q_259,1JRH,mAbs A6 :: Interferon gamma receptor,"[{""chain_id"": ""I"", ""chain_role"": ""antigen"", ""wt_residue"": ""E"", ""mutant_residue"": ""Q"", ""residue_position"": 45, ""insertion_code"": null, ""aligned_interface_position"": 35, ""flat_residue_index"": 381, ""interface_region"": ""interior"", ""is_alanine_scanning"": false}]",bounded,0.09956846433868025,5,,298.0,9367779,
1JRH_LH_I_EI55A_301,1JRH,mAbs A6 :: Interferon gamma receptor,"[{""chain_id"": ""I"", ""chain_role"": ""antigen"", ""wt_residue"": ""E"", ""mutant_residue"": ""A"", ""residue_position"": 55, ""insertion_code"": null, ""aligned_interface_position"": 45, ""flat_residue_index"": 391, ""interface_region"": ""rim"", ""is_alanine_scanning"": true}]",bounded,-0.4348182263575905,4,,298.0,9878445,
"1JRH_LH_I_EI55P,II57R_284",1JRH,mAbs A6 :: Interferon gamma receptor,"[{""chain_id"": ""I"", ""chain_role"": ""antigen"", ""wt_residue"": ""E"", ""mutant_residue"": ""P"", ""residue_position"": 55, ""insertion_code"": null, ""aligned_interface_position"": 45, ""flat_residue_index"": 391, ""interface_region"": ""rim"", ""is_alanine_scanning"": false}, {""chain_id"": ""I"", ""chain_role"": ""antigen"", ""wt_residue"": ""I"", ""mutant_residue"": ""R"", ""residue_position"": 57, ""insertion_code"": null, ""aligned_interface_position"": 47, ""flat_residue_index"": 393, ""interface_region"": ""surface"", ""is_alanine_scanning"": false}]",bounded,-3.4400977517033504,1,,298.0,11123892,
1JRH_LH_I_EI55P_288,1JRH,mAbs A6 :: Interferon gamma receptor,"[{""chain_id"": ""I"", ""chain_role"": ""antigen"", ""wt_residue"": ""E"", ""mutant_residue"": ""P"", ""residue_position"": 55, ""insertion_code"": null, ""aligned_interface_position"": 45, ""flat_residue_index"": 391, ""interface_region"": ""rim"", ""is_alanine_scanning"": false}]",bounded,-3.7881772511721152,1,,298.0,11123892,
1JRH_LH_I_EL27A_265,1JRH,mAbs A6 :: Interferon gamma receptor,"[{""chain_id"": ""L"", ""chain_role"": ""light"", ""wt_residue"": ""E"", ""mutant_residue"": ""A"", ""residue_position"": 27, ""insertion_code"": null, ""aligned_interface_position"": 27, ""flat_residue_index"": 206, ""interface_region"": ""rim"", ""is_alanine_scanning"": true}]",bounded,0.5426152690478879,5,,298.0,11123892,
1JRH_LH_I_FH98A_281,1JRH,mAbs A6 :: Interferon gamma receptor,"[{""chain_id"": ""H"", ""chain_role"": ""heavy"", ""wt_residue"": ""F"", ""mutant_residue"": ""A"", ""residue_position"": 98, ""insertion_code"": null, ""aligned_interface_position"": 103, ""flat_residue_index"": 102, ""interface_region"": ""surface"", ""is_alanine_scanning"": true}]",bounded,0.0,5,,298.0,11123892,
1JRH_LH_I_GI50A_295,1JRH,mAbs A6 :: Interferon gamma receptor,"[{""chain_id"": ""I"", ""chain_role"": ""antigen"", ""wt_residue"": ""G"", ""mutant_residue"": ""A"", ""residue_position"": 50, ""insertion_code"": null, ""aligned_interface_position"": 40, ""flat_residue_index"": 386, ""interface_region"": ""core"", ""is_alanine_scanning"": true}]",bounded,4.525328289799127,9,,298.0,9878445,
1JRH_LH_I_HH100bA_283,1JRH,mAbs A6 :: Interferon gamma receptor,"[{""chain_id"": ""H"", ""chain_role"": ""heavy"", ""wt_residue"": ""H"", ""mutant_residue"": ""A"", ""residue_position"": 100, ""insertion_code"": ""b"", ""aligned_interface_position"": 107, ""flat_residue_index"": 106, ""interface_region"": ""core"", ""is_alanine_scanning"": true}]",bounded,1.697770801944876,6,,298.0,11123892,
1JRH_LH_I_KI47A_289,1JRH,mAbs A6 :: Interferon gamma receptor,"[{""chain_id"": ""I"", ""chain_role"": ""antigen"", ""wt_residue"": ""K"", ""mutant_residue"": ""A"", ""residue_position"": 47, ""insertion_code"": null, ""aligned_interface_position"": 37, ""flat_residue_index"": 383, ""interface_region"": ""support"", ""is_alanine_scanning"": true}]",bounded,3.5771548569278746,8,,298.0,9878445,
1JRH_LH_I_KI47M_290,1JRH,mAbs A6 :: Interferon gamma receptor,"[{""chain_id"": ""I"", ""chain_role"": ""antigen"", ""wt_residue"": ""K"", ""mutant_residue"": ""M"", ""residue_position"": 47, ""insertion_code"": null, ""aligned_interface_position"": 37, ""flat_residue_index"": 383, ""interface_region"": ""support"", ""is_alanine_scanning"": false}]",bounded,3.2923291999977975,8,,298.0,9878445,
1JRH_LH_I_KI52A_297,1JRH,mAbs A6 :: Interferon gamma receptor,"[{""chain_id"": ""I"", ""chain_role"": ""antigen"", ""wt_residue"": ""K"", ""mutant_residue"": ""A"", ""residue_position"": 52, ""insertion_code"": null, ""aligned_interface_position"": 42, ""flat_residue_index"": 388, ""interface_region"": ""core"", ""is_alanine_scanning"": true}]",bounded,2.983457351321388,7,,298.0,9878445,
1JRH_LH_I_KI52M_298,1JRH,mAbs A6 :: Interferon gamma receptor,"[{""chain_id"": ""I"", ""chain_role"": ""antigen"", ""wt_residue"": ""K"", ""mutant_residue"": ""M"", ""residue_position"": 52, ""insertion_code"": null, ""aligned_interface_position"": 42, ""flat_residue_index"": 388, ""interface_region"": ""core"", ""is_alanine_scanning"": false}]",bounded,4.911626649060773,9,,298.0,9878445,
1JRH_LH_I_KI98A_309,1JRH,mAbs A6 :: Interferon gamma receptor,"[{""chain_id"": ""I"", ""chain_role"": ""antigen"", ""wt_residue"": ""K"", ""mutant_residue"": ""A"", ""residue_position"": 98, ""insertion_code"": null, ""aligned_interface_position"": 88, ""flat_residue_index"": 434, ""interface_region"": ""rim"", ""is_alanine_scanning"": true}]",bounded,-0.042621755851994854,4,,298.0,9878445,
"1JRH_LH_I_MI25L,II28V_257",1JRH,mAbs A6 :: Interferon gamma receptor,"[{""chain_id"": ""I"", ""chain_role"": ""antigen"", ""wt_residue"": ""M"", ""mutant_residue"": ""L"", ""residue_position"": 25, ""insertion_code"": null, ""aligned_interface_position"": 15, ""flat_residue_index"": 361, ""interface_region"": ""surface"", ""is_alanine_scanning"": false}, {""chain_id"": ""I"", ""chain_role"": ""antigen"", ""wt_residue"": ""I"", ""mutant_residue"": ""V"", ""residue_position"": 28, ""insertion_code"": null, ""aligned_interface_position"": 18, ""flat_residue_index"": 364, ""interface_region"": ""interior"", ""is_alanine_scanning"": false}]",bounded,-0.21360604404096623,4,,298.0,9367779,
1JRH_LH_I_NI48A_291,1JRH,mAbs A6 :: Interferon gamma receptor,"[{""chain_id"": ""I"", ""chain_role"": ""antigen"", ""wt_residue"": ""N"", ""mutant_residue"": ""A"", ""residue_position"": 48, ""insertion_code"": null, ""aligned_interface_position"": 38, ""flat_residue_index"": 384, ""interface_region"": ""support"", ""is_alanine_scanning"": true}]",bounded,-0.292985480647505,4,,298.0,9878445,
1JRH_LH_I_NI53A_299,1JRH,mAbs A6 :: Interferon gamma receptor,"[{""chain_id"": ""I"", ""chain_role"": ""antigen"", ""wt_residue"": ""N"", ""mutant_residue"": ""A"", ""residue_position"": 53, ""insertion_code"": null, ""aligned_interface_position"": 43, ""flat_residue_index"": 389, ""interface_region"": ""core"", ""is_alanine_scanning"": true}]",bounded,3.892248935195763,8,,298.0,9878445,
1JRH_LH_I_NI79A_304,1JRH,mAbs A6 :: Interferon gamma receptor,"[{""chain_id"": ""I"", ""chain_role"": ""antigen"", ""wt_residue"": ""N"", ""mutant_residue"": ""A"", ""residue_position"": 79, ""insertion_code"": null, ""aligned_interface_position"": 69, ""flat_residue_index"": 415, ""interface_region"": ""interior"", ""is_alanine_scanning"": true}]",bounded,-0.39906838060374616,4,,298.0,9878445,
1JRH_LH_I_RI84A_308,1JRH,mAbs A6 :: Interferon gamma receptor,"[{""chain_id"": ""I"", ""chain_role"": ""antigen"", ""wt_residue"": ""R"", ""mutant_residue"": ""A"", ""residue_position"": 84, ""insertion_code"": null, ""aligned_interface_position"": 74, ""flat_residue_index"": 420, ""interface_region"": ""support"", ""is_alanine_scanning"": true}]",bounded,-0.2463120471149906,4,,298.0,9878445,
1JRH_LH_I_SI54A_300,1JRH,mAbs A6 :: Interferon gamma receptor,"[{""chain_id"": ""I"", ""chain_role"": ""antigen"", ""wt_residue"": ""S"", ""mutant_residue"": ""A"", ""residue_position"": 54, ""insertion_code"": null, ""aligned_interface_position"": 44, ""flat_residue_index"": 390, ""interface_region"": ""core"", ""is_alanine_scanning"": true}]",bounded,0.2975486204823427,5,,298.0,9878445,
"1JRH_LH_I_SI71Y,DI72E,HI73Q,VI74I,GI75M,DI76Y,SI78D,NI79V,LI81A_261",1JRH,mAbs A6 :: Interferon gamma receptor,"[{""chain_id"": ""I"", ""chain_role"": ""antigen"", ""wt_residue"": ""S"", ""mutant_residue"": ""Y"", ""residue_position"": 71, ""insertion_code"": null, ""aligned_interface_position"": 61, ""flat_residue_index"": 407, ""interface_region"": ""surface"", ""is_alanine_scanning"": false}, {""chain_id"": ""I"", ""chain_role"": ""antigen"", ""wt_residue"": ""D"", ""mutant_residue"": ""E"", ""residue_position"": 72, ""insertion_code"": null, ""aligned_interface_position"": 62, ""flat_residue_index"": 408, ""interface_region"": ""surface"", ""is_alanine_scanning"": false}, {""chain_id"": ""I"", ""chain_role"": ""antigen"", ""wt_residue"": ""H"", ""mutant_residue"": ""Q"", ""residue_position"": 73, ""insertion_code"": null, ""aligned_interface_position"": 63, ""flat_residue_index"": 409, ""interface_region"": ""interior"", ""is_alanine_scanning"": false}, {""chain_id"": ""I"", ""chain_role"": ""antigen"", ""wt_residue"": ""V"", ""mutant_residue"": ""I"", ""residue_position"": 74, ""insertion_code"": null, ""aligned_interface_position"": 64, ""flat_residue_index"": 410, ""interface_region"": ""surface"", ""is_alanine_scanning"": false}, {""chain_id"": ""I"", ""chain_role"": ""antigen"", ""wt_residue"": ""G"", ""mutant_residue"": ""M"", ""residue_position"": 75, ""insertion_code"": null, ""aligned_interface_position"": 65, ""flat_residue_index"": 411, ""interface_region"": ""surface"", ""is_alanine_scanning"": false}, {""chain_id"": ""I"", ""chain_role"": ""antigen"", ""wt_residue"": ""D"", ""mutant_residue"": ""Y"", ""residue_position"": 76, ""insertion_code"": null, ""aligned_interface_position"": 66, ""flat_residue_index"": 412, ""interface_region"": ""rim"", ""is_alanine_scanning"": false}, {""chain_id"": ""I"", ""chain_role"": ""antigen"", ""wt_residue"": ""S"", ""mutant_residue"": ""D"", ""residue_position"": 78, ""insertion_code"": null, ""aligned_interface_position"": 68, ""flat_residue_index"": 414, ""interface_region"": ""rim"", ""is_alanine_scanning"": false}, {""chain_id"": ""I"", ""chain_role"": ""antigen"", ""wt_residue"": ""N"", ""mutant_residue"": ""V"", ""residue_position"": 79, ""insertion_code"": null, ""aligned_interface_position"": 69, ""flat_residue_index"": 415, ""interface_region"": ""interior"", ""is_alanine_scanning"": false}, {""chain_id"": ""I"", ""chain_role"": ""antigen"", ""wt_residue"": ""L"", ""mutant_residue"": ""A"", ""residue_position"": 81, ""insertion_code"": null, ""aligned_interface_position"": 71, ""flat_residue_index"": 417, ""interface_region"": ""interior"", ""is_alanine_scanning"": true}]",bounded,2.95883208720126,7,,298.0,9367779,
1JRH_LH_I_SL93A_270,1JRH,mAbs A6 :: Interferon gamma receptor,"[{""chain_id"": ""L"", ""chain_role"": ""light"", ""wt_residue"": ""S"", ""mutant_residue"": ""A"", ""residue_position"": 93, ""insertion_code"": null, ""aligned_interface_position"": 93, ""flat_residue_index"": 272, ""interface_region"": ""core"", ""is_alanine_scanning"": true}]",bounded,-0.6505836868781456,4,,298.0,11123892,
1JRH_LH_I_TI14V_255,1JRH,mAbs A6 :: Interferon gamma receptor,"[{""chain_id"": ""I"", ""chain_role"": ""antigen"", ""wt_residue"": ""T"", ""mutant_residue"": ""V"", ""residue_position"": 14, ""insertion_code"": null, ""aligned_interface_position"": 4, ""flat_residue_index"": 350, ""interface_region"": ""surface"", ""is_alanine_scanning"": false}]",bounded,-0.025565989960530642,4,,298.0,9367779,
"1JRH_LH_I_TI19L,EI21K_256",1JRH,mAbs A6 :: Interferon gamma receptor,"[{""chain_id"": ""I"", ""chain_role"": ""antigen"", ""wt_residue"": ""T"", ""mutant_residue"": ""L"", ""residue_position"": 19, ""insertion_code"": null, ""aligned_interface_position"": 9, ""flat_residue_index"": 355, ""interface_region"": ""surface"", ""is_alanine_scanning"": false}, {""chain_id"": ""I"", ""chain_role"": ""antigen"", ""wt_residue"": ""E"", ""mutant_residue"": ""K"", ""residue_position"": 21, ""insertion_code"": null, ""aligned_interface_position"": 11, ""flat_residue_index"": 357, ""interface_region"": ""surface"", ""is_alanine_scanning"": false}]",bounded,-0.025565989960530642,4,,298.0,9367779,
1JRH_LH_I_VI51A_296,1JRH,mAbs A6 :: Interferon gamma receptor,"[{""chain_id"": ""I"", ""chain_role"": ""antigen"", ""wt_residue"": ""V"", ""mutant_residue"": ""A"", ""residue_position"": 51, ""insertion_code"": null, ""aligned_interface_position"": 41, ""flat_residue_index"": 387, ""interface_region"": ""core"", ""is_alanine_scanning"": true}]",bounded,1.882686507638162,6,,298.0,9878445,
1JRH_LH_I_WH52A_274,1JRH,mAbs A6 :: Interferon gamma receptor,"[{""chain_id"": ""H"", ""chain_role"": ""heavy"", ""wt_residue"": ""W"", ""mutant_residue"": ""A"", ""residue_position"": 52, ""insertion_code"": null, ""aligned_interface_position"": 54, ""flat_residue_index"": 53, ""interface_region"": ""support"", ""is_alanine_scanning"": true}]",bounded,2.6862642918176047,7,,298.0,11123892,
1JRH_LH_I_WI56F_302,1JRH,mAbs A6 :: Interferon gamma receptor,"[{""chain_id"": ""I"", ""chain_role"": ""antigen"", ""wt_residue"": ""W"", ""mutant_residue"": ""F"", ""residue_position"": 56, ""insertion_code"": null, ""aligned_interface_position"": 46, ""flat_residue_index"": 392, ""interface_region"": ""core"", ""is_alanine_scanning"": false}]",bounded,-0.6567846523546294,4,,298.0,9878445,
1JRH_LH_I_WI56Y_303,1JRH,mAbs A6 :: Interferon gamma receptor,"[{""chain_id"": ""I"", ""chain_role"": ""antigen"", ""wt_residue"": ""W"", ""mutant_residue"": ""Y"", ""residue_position"": 56, ""insertion_code"": null, ""aligned_interface_position"": 46, ""flat_residue_index"": 392, ""interface_region"": ""core"", ""is_alanine_scanning"": false}]",bounded,0.016225310628550364,5,,298.0,9878445,
1JRH_LH_I_WI82A_305,1JRH,mAbs A6 :: Interferon gamma receptor,"[{""chain_id"": ""I"", ""chain_role"": ""antigen"", ""wt_residue"": ""W"", ""mutant_residue"": ""A"", ""residue_position"": 82, ""insertion_code"": null, ""aligned_interface_position"": 72, ""flat_residue_index"": 418, ""interface_region"": ""core"", ""is_alanine_scanning"": true}]",bounded,4.5272989631385565,9,,298.0,9878445,
1JRH_LH_I_WI82Y_307,1JRH,mAbs A6 :: Interferon gamma receptor,"[{""chain_id"": ""I"", ""chain_role"": ""antigen"", ""wt_residue"": ""W"", ""mutant_residue"": ""Y"", ""residue_position"": 82, ""insertion_code"": null, ""aligned_interface_position"": 72, ""flat_residue_index"": 418, ""interface_region"": ""core"", ""is_alanine_scanning"": false}]",bounded,1.1350552866817867,6,,298.0,9878445,
1JRH_LH_I_WL96A_272,1JRH,mAbs A6 :: Interferon gamma receptor,"[{""chain_id"": ""L"", ""chain_role"": ""light"", ""wt_residue"": ""W"", ""mutant_residue"": ""A"", ""residue_position"": 96, ""insertion_code"": null, ""aligned_interface_position"": 95, ""flat_residue_index"": 274, ""interface_region"": ""support"", ""is_alanine_scanning"": true}]",bounded,1.6660646669365464,6,,298.0,11123892,
1JRH_LH_I_YH32A_273,1JRH,mAbs A6 :: Interferon gamma receptor,"[{""chain_id"": ""H"", ""chain_role"": ""heavy"", ""wt_residue"": ""Y"", ""mutant_residue"": ""A"", ""residue_position"": 32, ""insertion_code"": null, ""aligned_interface_position"": 32, ""flat_residue_index"": 31, ""interface_region"": ""rim"", ""is_alanine_scanning"": true}]",bounded,1.4333100375645407,6,,298.0,11123892,
1JRH_LH_I_YH58A_279,1JRH,mAbs A6 :: Interferon gamma receptor,"[{""chain_id"": ""H"", ""chain_role"": ""heavy"", ""wt_residue"": ""Y"", ""mutant_residue"": ""A"", ""residue_position"": 58, ""insertion_code"": null, ""aligned_interface_position"": 60, ""flat_residue_index"": 59, ""interface_region"": ""core"", ""is_alanine_scanning"": true}]",bounded,1.2555920616969076,6,,298.0,11123892,
1JRH_LH_I_YH99A_282,1JRH,mAbs A6 :: Interferon gamma receptor,"[{""chain_id"": ""H"", ""chain_role"": ""heavy"", ""wt_residue"": ""Y"", ""mutant_residue"": ""A"", ""residue_position"": 99, ""insertion_code"": null, ""aligned_interface_position"": 104, ""flat_residue_index"": 103, ""interface_region"": ""rim"", ""is_alanine_scanning"": true}]",bounded,1.0610562921177844,6,,298.0,11123892,
1JRH_LH_I_YI49A_293,1JRH,mAbs A6 :: Interferon gamma receptor,"[{""chain_id"": ""I"", ""chain_role"": ""antigen"", ""wt_residue"": ""Y"", ""mutant_residue"": ""A"", ""residue_position"": 49, ""insertion_code"": null, ""aligned_interface_position"": 39, ""flat_residue_index"": 385, ""interface_region"": ""core"", ""is_alanine_scanning"": true}]",bounded,3.3992410844666243,8,,298.0,9878445,
1JRH_LH_I_YI49F_294,1JRH,mAbs A6 :: Interferon gamma receptor,"[{""chain_id"": ""I"", ""chain_role"": ""antigen"", ""wt_residue"": ""Y"", ""mutant_residue"": ""F"", ""residue_position"": 49, ""insertion_code"": null, ""aligned_interface_position"": 39, ""flat_residue_index"": 385, ""interface_region"": ""core"", ""is_alanine_scanning"": false}]",bounded,0.790353516919668,5,,298.0,9878445,
1KIP_AB_C_AB32Y_104,1KIP,IgG1-kappa D1.3 Fv :: HEW Lysozyme,"[{""chain_id"": ""B"", ""chain_role"": ""heavy"", ""wt_residue"": ""A"", ""mutant_residue"": ""Y"", ""residue_position"": 32, ""insertion_code"": null, ""aligned_interface_position"": 32, ""flat_residue_index"": 31, ""interface_region"": ""support"", ""is_alanine_scanning"": false}]",bounded,-0.800593145923921,4,,298.0,8952503,"Crystal structure is one of the mutants in the paper. This mutant is taken as 'wild-type',,"
1KIQ_AB_C_FB101Y_103,1KIQ,IgG1-kappa D1.3 Fv :: HEW Lysozyme,"[{""chain_id"": ""B"", ""chain_role"": ""heavy"", ""wt_residue"": ""F"", ""mutant_residue"": ""Y"", ""residue_position"": 101, ""insertion_code"": null, ""aligned_interface_position"": 101, ""flat_residue_index"": 100, ""interface_region"": ""core"", ""is_alanine_scanning"": false}]",bounded,-2.4949588127652653,2,,298.0,8952503,"Crystal structure is one of the mutants in the paper. This mutant is taken as 'wild-type',,"
1KIR_AB_C_SA50Y_105,1KIR,IgG1-kappa D1.3 Fv :: HEW Lysozyme,"[{""chain_id"": ""A"", ""chain_role"": ""light"", ""wt_residue"": ""S"", ""mutant_residue"": ""Y"", ""residue_position"": 50, ""insertion_code"": null, ""aligned_interface_position"": 50, ""flat_residue_index"": 165, ""interface_region"": ""core"", ""is_alanine_scanning"": false}]",bounded,-1.3870941772631469,3,,298.0,8952503,"Crystal structure is one of the mutants in the paper. This mutant is taken as 'wild-type',,"
1MHP_HL_A_FH99W_680,1MHP,AQC2 fab :: Integrin alpha-1,"[{""chain_id"": ""H"", ""chain_role"": ""heavy"", ""wt_residue"": ""F"", ""mutant_residue"": ""W"", ""residue_position"": 99, ""insertion_code"": null, ""aligned_interface_position"": 99, ""flat_residue_index"": 98, ""interface_region"": ""surface"", ""is_alanine_scanning"": false}]",bounded,0.0,5,,298.0,16597831,
1MHP_HL_A_FH99Y_755,1MHP,AQC2 fab :: Integrin alpha-1,"[{""chain_id"": ""H"", ""chain_role"": ""heavy"", ""wt_residue"": ""F"", ""mutant_residue"": ""Y"", ""residue_position"": 99, ""insertion_code"": null, ""aligned_interface_position"": 99, ""flat_residue_index"": 98, ""interface_region"": ""surface"", ""is_alanine_scanning"": false}]",bounded,0.7546688987151144,5,,298.0,16597831,
1MHP_HL_A_GH100I_728,1MHP,AQC2 fab :: Integrin alpha-1,"[{""chain_id"": ""H"", ""chain_role"": ""heavy"", ""wt_residue"": ""G"", ""mutant_residue"": ""I"", ""residue_position"": 100, ""insertion_code"": null, ""aligned_interface_position"": 100, ""flat_residue_index"": 99, ""interface_region"": ""rim"", ""is_alanine_scanning"": false}]",n.b.,,,,298.0,16597831,
1MHP_HL_A_GH100L_756,1MHP,AQC2 fab :: Integrin alpha-1,"[{""chain_id"": ""H"", ""chain_role"": ""heavy"", ""wt_residue"": ""G"", ""mutant_residue"": ""L"", ""residue_position"": 100, ""insertion_code"": null, ""aligned_interface_position"": 100, ""flat_residue_index"": 99, ""interface_region"": ""rim"", ""is_alanine_scanning"": false}]",bounded,2.727120959054331,7,,298.0,16597831,
1MHP_HL_A_GH100M_677,1MHP,AQC2 fab :: Integrin alpha-1,"[{""chain_id"": ""H"", ""chain_role"": ""heavy"", ""wt_residue"": ""G"", ""mutant_residue"": ""M"", ""residue_position"": 100, ""insertion_code"": null, ""aligned_interface_position"": 100, ""flat_residue_index"": 99, ""interface_region"": ""rim"", ""is_alanine_scanning"": false}]",bounded,0.1021340180058377,5,,298.0,16597831,
1MHP_HL_A_GH100S_758,1MHP,AQC2 fab :: Integrin alpha-1,"[{""chain_id"": ""H"", ""chain_role"": ""heavy"", ""wt_residue"": ""G"", ""mutant_residue"": ""S"", ""residue_position"": 100, ""insertion_code"": null, ""aligned_interface_position"": 100, ""flat_residue_index"": 99, ""interface_region"": ""rim"", ""is_alanine_scanning"": false}]",bounded,0.5577474622171394,5,,298.0,16597831,
1MHP_HL_A_GH100V_727,1MHP,AQC2 fab :: Integrin alpha-1,"[{""chain_id"": ""H"", ""chain_role"": ""heavy"", ""wt_residue"": ""G"", ""mutant_residue"": ""V"", ""residue_position"": 100, ""insertion_code"": null, ""aligned_interface_position"": 100, ""flat_residue_index"": 99, ""interface_region"": ""rim"", ""is_alanine_scanning"": false}]",n.b.,,,,298.0,16597831,
1MHP_HL_A_GH102S_759,1MHP,AQC2 fab :: Integrin alpha-1,"[{""chain_id"": ""H"", ""chain_role"": ""heavy"", ""wt_residue"": ""G"", ""mutant_residue"": ""S"", ""residue_position"": 102, ""insertion_code"": null, ""aligned_interface_position"": 102, ""flat_residue_index"": 101, ""interface_region"": ""interior"", ""is_alanine_scanning"": false}]",n.b.,,,,298.0,16597831,
1MHP_HL_A_GH53N_770,1MHP,AQC2 fab :: Integrin alpha-1,"[{""chain_id"": ""H"", ""chain_role"": ""heavy"", ""wt_residue"": ""G"", ""mutant_residue"": ""N"", ""residue_position"": 53, ""insertion_code"": null, ""aligned_interface_position"": 53, ""flat_residue_index"": 52, ""interface_region"": ""core"", ""is_alanine_scanning"": false}]",bounded,1.2553133199680615,6,,298.0,16597831,
1MHP_HL_A_GH53Q_751,1MHP,AQC2 fab :: Integrin alpha-1,"[{""chain_id"": ""H"", ""chain_role"": ""heavy"", ""wt_residue"": ""G"", ""mutant_residue"": ""Q"", ""residue_position"": 53, ""insertion_code"": null, ""aligned_interface_position"": 53, ""flat_residue_index"": 52, ""interface_region"": ""core"", ""is_alanine_scanning"": false}]",n.b.,,,,298.0,16597831,
1MHP_HL_A_GH53S_718,1MHP,AQC2 fab :: Integrin alpha-1,"[{""chain_id"": ""H"", ""chain_role"": ""heavy"", ""wt_residue"": ""G"", ""mutant_residue"": ""S"", ""residue_position"": 53, ""insertion_code"": null, ""aligned_interface_position"": 53, ""flat_residue_index"": 52, ""interface_region"": ""core"", ""is_alanine_scanning"": false}]",bounded,0.675593371685506,5,,298.0,16597831,
1MHP_HL_A_GH54I_720,1MHP,AQC2 fab :: Integrin alpha-1,"[{""chain_id"": ""H"", ""chain_role"": ""heavy"", ""wt_residue"": ""G"", ""mutant_residue"": ""I"", ""residue_position"": 54, ""insertion_code"": null, ""aligned_interface_position"": 54, ""flat_residue_index"": 53, ""interface_region"": ""rim"", ""is_alanine_scanning"": false}]",bounded,1.3635604795271654,6,,298.0,16597831,
1MHP_HL_A_GH54N_752,1MHP,AQC2 fab :: Integrin alpha-1,"[{""chain_id"": ""H"", ""chain_role"": ""heavy"", ""wt_residue"": ""G"", ""mutant_residue"": ""N"", ""residue_position"": 54, ""insertion_code"": null, ""aligned_interface_position"": 54, ""flat_residue_index"": 53, ""interface_region"": ""rim"", ""is_alanine_scanning"": false}]",n.b.,,,,298.0,16597831,
1MHP_HL_A_GH54T_721,1MHP,AQC2 fab :: Integrin alpha-1,"[{""chain_id"": ""H"", ""chain_role"": ""heavy"", ""wt_residue"": ""G"", ""mutant_residue"": ""T"", ""residue_position"": 54, ""insertion_code"": null, ""aligned_interface_position"": 54, ""flat_residue_index"": 53, ""interface_region"": ""rim"", ""is_alanine_scanning"": false}]",bounded,1.1641667106613927,6,,298.0,16597831,
1MHP_HL_A_GH54Y_682,1MHP,AQC2 fab :: Integrin alpha-1,"[{""chain_id"": ""H"", ""chain_role"": ""heavy"", ""wt_residue"": ""G"", ""mutant_residue"": ""Y"", ""residue_position"": 54, ""insertion_code"": null, ""aligned_interface_position"": 54, ""flat_residue_index"": 53, ""interface_region"": ""rim"", ""is_alanine_scanning"": false}]",bounded,0.0,5,,298.0,16597831,
1MHP_HL_A_GL92Q_713,1MHP,AQC2 fab :: Integrin alpha-1,"[{""chain_id"": ""L"", ""chain_role"": ""light"", ""wt_residue"": ""G"", ""mutant_residue"": ""Q"", ""residue_position"": 92, ""insertion_code"": null, ""aligned_interface_position"": 91, ""flat_residue_index"": 309, ""interface_region"": ""support"", ""is_alanine_scanning"": false}]",bounded,1.5726849022722595,6,,298.0,16597831,
1MHP_HL_A_GL92S_714,1MHP,AQC2 fab :: Integrin alpha-1,"[{""chain_id"": ""L"", ""chain_role"": ""light"", ""wt_residue"": ""G"", ""mutant_residue"": ""S"", ""residue_position"": 92, ""insertion_code"": null, ""aligned_interface_position"": 91, ""flat_residue_index"": 309, ""interface_region"": ""support"", ""is_alanine_scanning"": false}]",bounded,0.5126066232454765,5,,298.0,16597831,
1MHP_HL_A_HH56Y_753,1MHP,AQC2 fab :: Integrin alpha-1,"[{""chain_id"": ""H"", ""chain_role"": ""heavy"", ""wt_residue"": ""H"", ""mutant_residue"": ""Y"", ""residue_position"": 56, ""insertion_code"": null, ""aligned_interface_position"": 56, ""flat_residue_index"": 55, ""interface_region"": ""core"", ""is_alanine_scanning"": false}]",n.b.,,,,298.0,16597831,
1MHP_HL_A_HL31K_693,1MHP,AQC2 fab :: Integrin alpha-1,"[{""chain_id"": ""L"", ""chain_role"": ""light"", ""wt_residue"": ""H"", ""mutant_residue"": ""K"", ""residue_position"": 31, ""insertion_code"": null, ""aligned_interface_position"": 30, ""flat_residue_index"": 248, ""interface_region"": ""core"", ""is_alanine_scanning"": false}]",bounded,1.1641667106613927,6,,298.0,16597831,
1MHP_HL_A_HL31R_692,1MHP,AQC2 fab :: Integrin alpha-1,"[{""chain_id"": ""L"", ""chain_role"": ""light"", ""wt_residue"": ""H"", ""mutant_residue"": ""R"", ""residue_position"": 31, ""insertion_code"": null, ""aligned_interface_position"": 30, ""flat_residue_index"": 248, ""interface_region"": ""core"", ""is_alanine_scanning"": false}]",bounded,1.1237976406461212,6,,298.0,16597831,
1MHP_HL_A_HL31W_768,1MHP,AQC2 fab :: Integrin alpha-1,"[{""chain_id"": ""L"", ""chain_role"": ""light"", ""wt_residue"": ""H"", ""mutant_residue"": ""W"", ""residue_position"": 31, ""insertion_code"": null, ""aligned_interface_position"": 30, ""flat_residue_index"": 248, ""interface_region"": ""core"", ""is_alanine_scanning"": false}]",bounded,1.2553133199680615,6,,298.0,16597831,
"1MHP_HL_A_KH64E,SL28Q_780",1MHP,AQC2 fab :: Integrin alpha-1,"[{""chain_id"": ""H"", ""chain_role"": ""heavy"", ""wt_residue"": ""K"", ""mutant_residue"": ""E"", ""residue_position"": 64, ""insertion_code"": null, ""aligned_interface_position"": 64, ""flat_residue_index"": 63, ""interface_region"": ""surface"", ""is_alanine_scanning"": false}, {""chain_id"": ""L"", ""chain_role"": ""light"", ""wt_residue"": ""S"", ""mutant_residue"": ""Q"", ""residue_position"": 28, ""insertion_code"": null, ""aligned_interface_position"": 27, ""flat_residue_index"": 245, ""interface_region"": ""rim"", ""is_alanine_scanning"": false}]",bounded,-0.8568463107889651,4,,298.0,16597831,
1MHP_HL_A_KH64E_671,1MHP,AQC2 fab :: Integrin alpha-1,"[{""chain_id"": ""H"", ""chain_role"": ""heavy"", ""wt_residue"": ""K"", ""mutant_residue"": ""E"", ""residue_position"": 64, ""insertion_code"": null, ""aligned_interface_position"": 64, ""flat_residue_index"": 63, ""interface_region"": ""surface"", ""is_alanine_scanning"": false}]",bounded,-0.15522933043188022,4,,298.0,16597831,
1MHP_HL_A_KH64N_674,1MHP,AQC2 fab :: Integrin alpha-1,"[{""chain_id"": ""H"", ""chain_role"": ""heavy"", ""wt_residue"": ""K"", ""mutant_residue"": ""N"", ""residue_position"": 64, ""insertion_code"": null, ""aligned_interface_position"": 64, ""flat_residue_index"": 63, ""interface_region"": ""surface"", ""is_alanine_scanning"": false}]",bounded,-0.0725428971412068,4,,298.0,16597831,
1MHP_HL_A_KH64Q_672,1MHP,AQC2 fab :: Integrin alpha-1,"[{""chain_id"": ""H"", ""chain_role"": ""heavy"", ""wt_residue"": ""K"", ""mutant_residue"": ""Q"", ""residue_position"": 64, ""insertion_code"": null, ""aligned_interface_position"": 64, ""flat_residue_index"": 63, ""interface_region"": ""surface"", ""is_alanine_scanning"": false}]",bounded,-0.15522933043188022,4,,298.0,16597831,
"1MHP_HL_A_LH60D,KH64E_686",1MHP,AQC2 fab :: Integrin alpha-1,"[{""chain_id"": ""H"", ""chain_role"": ""heavy"", ""wt_residue"": ""L"", ""mutant_residue"": ""D"", ""residue_position"": 60, ""insertion_code"": null, ""aligned_interface_position"": 60, ""flat_residue_index"": 59, ""interface_region"": ""interior"", ""is_alanine_scanning"": false}, {""chain_id"": ""H"", ""chain_role"": ""heavy"", ""wt_residue"": ""K"", ""mutant_residue"": ""E"", ""residue_position"": 64, ""insertion_code"": null, ""aligned_interface_position"": 64, ""flat_residue_index"": 63, ""interface_region"": ""surface"", ""is_alanine_scanning"": false}]",bounded,-0.14180048307086457,4,,298.0,16597831,
"1MHP_HL_A_LH60D,KH64Q_685",1MHP,AQC2 fab :: Integrin alpha-1,"[{""chain_id"": ""H"", ""chain_role"": ""heavy"", ""wt_residue"": ""L"", ""mutant_residue"": ""D"", ""residue_position"": 60, ""insertion_code"": null, ""aligned_interface_position"": 60, ""flat_residue_index"": 59, ""interface_region"": ""interior"", ""is_alanine_scanning"": false}, {""chain_id"": ""H"", ""chain_role"": ""heavy"", ""wt_residue"": ""K"", ""mutant_residue"": ""Q"", ""residue_position"": 64, ""insertion_code"": null, ""aligned_interface_position"": 64, ""flat_residue_index"": 63, ""interface_region"": ""surface"", ""is_alanine_scanning"": false}]",bounded,0.04298933942602454,5,,298.0,16597831,
1MHP_HL_A_LL49F_734,1MHP,AQC2 fab :: Integrin alpha-1,"[{""chain_id"": ""L"", ""chain_role"": ""light"", ""wt_residue"": ""L"", ""mutant_residue"": ""F"", ""residue_position"": 49, ""insertion_code"": null, ""aligned_interface_position"": 48, ""flat_residue_index"": 266, ""interface_region"": ""support"", ""is_alanine_scanning"": false}]",bounded,0.7122796921659313,5,,298.0,16597831,
1MHP_HL_A_LL49K_668,1MHP,AQC2 fab :: Integrin alpha-1,"[{""chain_id"": ""L"", ""chain_role"": ""light"", ""wt_residue"": ""L"", ""mutant_residue"": ""K"", ""residue_position"": 49, ""insertion_code"": null, ""aligned_interface_position"": 48, ""flat_residue_index"": 266, ""interface_region"": ""support"", ""is_alanine_scanning"": false}]",bounded,0.9245432262443404,5,,298.0,16597831,
1MHP_HL_A_LL49W_735,1MHP,AQC2 fab :: Integrin alpha-1,"[{""chain_id"": ""L"", ""chain_role"": ""light"", ""wt_residue"": ""L"", ""mutant_residue"": ""W"", ""residue_position"": 49, ""insertion_code"": null, ""aligned_interface_position"": 48, ""flat_residue_index"": 266, ""interface_region"": ""support"", ""is_alanine_scanning"": false}]",bounded,1.9075674925575925,6,,298.0,16597831,
1MHP_HL_A_LL49Y_733,1MHP,AQC2 fab :: Integrin alpha-1,"[{""chain_id"": ""L"", ""chain_role"": ""light"", ""wt_residue"": ""L"", ""mutant_residue"": ""Y"", ""residue_position"": 49, ""insertion_code"": null, ""aligned_interface_position"": 48, ""flat_residue_index"": 266, ""interface_region"": ""support"", ""is_alanine_scanning"": false}]",n.b.,,,,298.0,16597831,
1MHP_HL_A_NL30K_732,1MHP,AQC2 fab :: Integrin alpha-1,"[{""chain_id"": ""L"", ""chain_role"": ""light"", ""wt_residue"": ""N"", ""mutant_residue"": ""K"", ""residue_position"": 30, ""insertion_code"": null, ""aligned_interface_position"": 29, ""flat_residue_index"": 247, ""interface_region"": ""core"", ""is_alanine_scanning"": false}]",n.b.,,,,298.0,16597831,
"1MHP_HL_A_NL30Y,SL91I_769",1MHP,AQC2 fab :: Integrin alpha-1,"[{""chain_id"": ""L"", ""chain_role"": ""light"", ""wt_residue"": ""N"", ""mutant_residue"": ""Y"", ""residue_position"": 30, ""insertion_code"": null, ""aligned_interface_position"": 29, ""flat_residue_index"": 247, ""interface_region"": ""core"", ""is_alanine_scanning"": false}, {""chain_id"": ""L"", ""chain_role"": ""light"", ""wt_residue"": ""S"", ""mutant_residue"": ""I"", ""residue_position"": 91, ""insertion_code"": null, ""aligned_interface_position"": 90, ""flat_residue_index"": 308, ""interface_region"": ""core"", ""is_alanine_scanning"": false}]",bounded,0.43436810948878407,5,,298.0,16597831,
1MHP_HL_A_NL30Y_707,1MHP,AQC2 fab :: Integrin alpha-1,"[{""chain_id"": ""L"", ""chain_role"": ""light"", ""wt_residue"": ""N"", ""mutant_residue"": ""Y"", ""residue_position"": 30, ""insertion_code"": null, ""aligned_interface_position"": 29, ""flat_residue_index"": 247, ""interface_region"": ""core"", ""is_alanine_scanning"": false}]",bounded,1.9075674925575925,6,,298.0,16597831,
1MHP_HL_A_NL52D_736,1MHP,AQC2 fab :: Integrin alpha-1,"[{""chain_id"": ""L"", ""chain_role"": ""light"", ""wt_residue"": ""N"", ""mutant_residue"": ""D"", ""residue_position"": 52, ""insertion_code"": null, ""aligned_interface_position"": 51, ""flat_residue_index"": 269, ""interface_region"": ""surface"", ""is_alanine_scanning"": false}]",bounded,0.5007624925905925,5,,298.0,16597831,
1MHP_HL_A_NL52E_679,1MHP,AQC2 fab :: Integrin alpha-1,"[{""chain_id"": ""L"", ""chain_role"": ""light"", ""wt_residue"": ""N"", ""mutant_residue"": ""E"", ""residue_position"": 52, ""insertion_code"": null, ""aligned_interface_position"": 51, ""flat_residue_index"": 269, ""interface_region"": ""surface"", ""is_alanine_scanning"": false}]",bounded,-0.17736973311017012,4,,298.0,16597831,
1MHP_HL_A_NL52Y_676,1MHP,AQC2 fab :: Integrin alpha-1,"[{""chain_id"": ""L"", ""chain_role"": ""light"", ""wt_residue"": ""N"", ""mutant_residue"": ""Y"", ""residue_position"": 52, ""insertion_code"": null, ""aligned_interface_position"": 51, ""flat_residue_index"": 269, ""interface_region"": ""surface"", ""is_alanine_scanning"": false}]",bounded,-0.1032497730076,4,,298.0,16597831,
1MHP_HL_A_NL93D_715,1MHP,AQC2 fab :: Integrin alpha-1,"[{""chain_id"": ""L"", ""chain_role"": ""light"", ""wt_residue"": ""N"", ""mutant_residue"": ""D"", ""residue_position"": 93, ""insertion_code"": null, ""aligned_interface_position"": 92, ""flat_residue_index"": 310, ""interface_region"": ""rim"", ""is_alanine_scanning"": false}]",n.b.,,,,298.0,16597831,
1MHP_HL_A_RH31Q_697,1MHP,AQC2 fab :: Integrin alpha-1,"[{""chain_id"": ""H"", ""chain_role"": ""heavy"", ""wt_residue"": ""R"", ""mutant_residue"": ""Q"", ""residue_position"": 31, ""insertion_code"": null, ""aligned_interface_position"": 31, ""flat_residue_index"": 30, ""interface_region"": ""rim"", ""is_alanine_scanning"": false}]",bounded,1.3073280201320279,6,,298.0,16597831,
"1MHP_HL_A_SH35A,GH102S_763",1MHP,AQC2 fab :: Integrin alpha-1,"[{""chain_id"": ""H"", ""chain_role"": ""heavy"", ""wt_residue"": ""S"", ""mutant_residue"": ""A"", ""residue_position"": 35, ""insertion_code"": null, ""aligned_interface_position"": 35, ""flat_residue_index"": 34, ""interface_region"": ""interior"", ""is_alanine_scanning"": true}, {""chain_id"": ""H"", ""chain_role"": ""heavy"", ""wt_residue"": ""G"", ""mutant_residue"": ""S"", ""residue_position"": 102, ""insertion_code"": null, ""aligned_interface_position"": 102, ""flat_residue_index"": 101, ""interface_region"": ""interior"", ""is_alanine_scanning"": false}]",bounded,1.5726849022722595,6,,298.0,16597831,
"1MHP_HL_A_SH35A,TH50V,GH102S_766",1MHP,AQC2 fab :: Integrin alpha-1,"[{""chain_id"": ""H"", ""chain_role"": ""heavy"", ""wt_residue"": ""S"", ""mutant_residue"": ""A"", ""residue_position"": 35, ""insertion_code"": null, ""aligned_interface_position"": 35, ""flat_residue_index"": 34, ""interface_region"": ""interior"", ""is_alanine_scanning"": true}, {""chain_id"": ""H"", ""chain_role"": ""heavy"", ""wt_residue"": ""T"", ""mutant_residue"": ""V"", ""residue_position"": 50, ""insertion_code"": null, ""aligned_interface_position"": 50, ""flat_residue_index"": 49, ""interface_region"": ""support"", ""is_alanine_scanning"": false}, {""chain_id"": ""H"", ""chain_role"": ""heavy"", ""wt_residue"": ""G"", ""mutant_residue"": ""S"", ""residue_position"": 102, ""insertion_code"": null, ""aligned_interface_position"": 102, ""flat_residue_index"": 101, ""interface_region"": ""interior"", ""is_alanine_scanning"": false}]",n.b.,,,,298.0,16597831,
1MHP_HL_A_SH35A_745,1MHP,AQC2 fab :: Integrin alpha-1,"[{""chain_id"": ""H"", ""chain_role"": ""heavy"", ""wt_residue"": ""S"", ""mutant_residue"": ""A"", ""residue_position"": 35, ""insertion_code"": null, ""aligned_interface_position"": 35, ""flat_residue_index"": 34, ""interface_region"": ""interior"", ""is_alanine_scanning"": true}]",bounded,1.5726849022722595,6,,298.0,16597831,
1MHP_HL_A_SH35Q_698,1MHP,AQC2 fab :: Integrin alpha-1,"[{""chain_id"": ""H"", ""chain_role"": ""heavy"", ""wt_residue"": ""S"", ""mutant_residue"": ""Q"", ""residue_position"": 35, ""insertion_code"": null, ""aligned_interface_position"": 35, ""flat_residue_index"": 34, ""interface_region"": ""interior"", ""is_alanine_scanning"": false}]",bounded,2.727120959054331,7,,298.0,16597831,
"1MHP_HL_A_SH35V,GH102S_764",1MHP,AQC2 fab :: Integrin alpha-1,"[{""chain_id"": ""H"", ""chain_role"": ""heavy"", ""wt_residue"": ""S"", ""mutant_residue"": ""V"", ""residue_position"": 35, ""insertion_code"": null, ""aligned_interface_position"": 35, ""flat_residue_index"": 34, ""interface_region"": ""interior"", ""is_alanine_scanning"": false}, {""chain_id"": ""H"", ""chain_role"": ""heavy"", ""wt_residue"": ""G"", ""mutant_residue"": ""S"", ""residue_position"": 102, ""insertion_code"": null, ""aligned_interface_position"": 102, ""flat_residue_index"": 101, ""interface_region"": ""interior"", ""is_alanine_scanning"": false}]",bounded,1.425674843569193,6,,298.0,16597831,
"1MHP_HL_A_SH35V,TH50V,GH102S_767",1MHP,AQC2 fab :: Integrin alpha-1,"[{""chain_id"": ""H"", ""chain_role"": ""heavy"", ""wt_residue"": ""S"", ""mutant_residue"": ""V"", ""residue_position"": 35, ""insertion_code"": null, ""aligned_interface_position"": 35, ""flat_residue_index"": 34, ""interface_region"": ""interior"", ""is_alanine_scanning"": false}, {""chain_id"": ""H"", ""chain_role"": ""heavy"", ""wt_residue"": ""T"", ""mutant_residue"": ""V"", ""residue_position"": 50, ""insertion_code"": null, ""aligned_interface_position"": 50, ""flat_residue_index"": 49, ""interface_region"": ""support"", ""is_alanine_scanning"": false}, {""chain_id"": ""H"", ""chain_role"": ""heavy"", ""wt_residue"": ""G"", ""mutant_residue"": ""S"", ""residue_position"": 102, ""insertion_code"": null, ""aligned_interface_position"": 102, ""flat_residue_index"": 101, ""interface_region"": ""interior"", ""is_alanine_scanning"": false}]",n.b.,,,,298.0,16597831,
1MHP_HL_A_SH35V_746,1MHP,AQC2 fab :: Integrin alpha-1,"[{""chain_id"": ""H"", ""chain_role"": ""heavy"", ""wt_residue"": ""S"", ""mutant_residue"": ""V"", ""residue_position"": 35, ""insertion_code"": null, ""aligned_interface_position"": 35, ""flat_residue_index"": 34, ""interface_region"": ""interior"", ""is_alanine_scanning"": false}]",n.b.,,,,298.0,16597831,
1MHP_HL_A_SH52M_717,1MHP,AQC2 fab :: Integrin alpha-1,"[{""chain_id"": ""H"", ""chain_role"": ""heavy"", ""wt_residue"": ""S"", ""mutant_residue"": ""M"", ""residue_position"": 52, ""insertion_code"": null, ""aligned_interface_position"": 52, ""flat_residue_index"": 51, ""interface_region"": ""support"", ""is_alanine_scanning"": false}]",bounded,2.075840171693097,7,,298.0,16597831,
1MHP_HL_A_SH52T_749,1MHP,AQC2 fab :: Integrin alpha-1,"[{""chain_id"": ""H"", ""chain_role"": ""heavy"", ""wt_residue"": ""S"", ""mutant_residue"": ""T"", ""residue_position"": 52, ""insertion_code"": null, ""aligned_interface_position"": 52, ""flat_residue_index"": 51, ""interface_region"": ""support"", ""is_alanine_scanning"": false}]",n.b.,,,,298.0,16597831,
1MHP_HL_A_SL24R_678,1MHP,AQC2 fab :: Integrin alpha-1,"[{""chain_id"": ""L"", ""chain_role"": ""light"", ""wt_residue"": ""S"", ""mutant_residue"": ""R"", ""residue_position"": 24, ""insertion_code"": null, ""aligned_interface_position"": 23, ""flat_residue_index"": 241, ""interface_region"": ""surface"", ""is_alanine_scanning"": false}]",bounded,-0.06705601798871906,4,,298.0,16597831,
1MHP_HL_A_SL28Q_666,1MHP,AQC2 fab :: Integrin alpha-1,"[{""chain_id"": ""L"", ""chain_role"": ""light"", ""wt_residue"": ""S"", ""mutant_residue"": ""Q"", ""residue_position"": 28, ""insertion_code"": null, ""aligned_interface_position"": 27, ""flat_residue_index"": 245, ""interface_region"": ""rim"", ""is_alanine_scanning"": false}]",bounded,-0.5398544864624956,4,,298.0,16597831,
1MHP_HL_A_SL91K_712,1MHP,AQC2 fab :: Integrin alpha-1,"[{""chain_id"": ""L"", ""chain_role"": ""light"", ""wt_residue"": ""S"", ""mutant_residue"": ""K"", ""residue_position"": 91, ""insertion_code"": null, ""aligned_interface_position"": 90, ""flat_residue_index"": 308, ""interface_region"": ""core"", ""is_alanine_scanning"": false}]",n.b.,,,,298.0,16597831,
"1MHP_HL_A_SL91R,NL30E_716",1MHP,AQC2 fab :: Integrin alpha-1,"[{""chain_id"": ""L"", ""chain_role"": ""light"", ""wt_residue"": ""S"", ""mutant_residue"": ""R"", ""residue_position"": 91, ""insertion_code"": null, ""aligned_interface_position"": 90, ""flat_residue_index"": 308, ""interface_region"": ""core"", ""is_alanine_scanning"": false}, {""chain_id"": ""L"", ""chain_role"": ""light"", ""wt_residue"": ""N"", ""mutant_residue"": ""E"", ""residue_position"": 30, ""insertion_code"": null, ""aligned_interface_position"": 29, ""flat_residue_index"": 247, ""interface_region"": ""core"", ""is_alanine_scanning"": false}]",ineq,2.727120959054331,,>,298.0,16597831,
1MHP_HL_A_SL91R_711,1MHP,AQC2 fab :: Integrin alpha-1,"[{""chain_id"": ""L"", ""chain_role"": ""light"", ""wt_residue"": ""S"", ""mutant_residue"": ""R"", ""residue_position"": 91, ""insertion_code"": null, ""aligned_interface_position"": 90, ""flat_residue_index"": 308, ""interface_region"": ""core"", ""is_alanine_scanning"": false}]",ineq,2.727120959054331,,>,298.0,16597831,
1MHP_HL_A_SL91T_710,1MHP,AQC2 fab :: Integrin alpha-1,"[{""chain_id"": ""L"", ""chain_role"": ""light"", ""wt_residue"": ""S"", ""mutant_residue"": ""T"", ""residue_position"": 91, ""insertion_code"": null, ""aligned_interface_position"": 90, ""flat_residue_index"": 308, ""interface_region"": ""core"", ""is_alanine_scanning"": false}]",bounded,2.316648353814692,7,,298.0,16597831,
1MHP_HL_A_SL91W_740,1MHP,AQC2 fab :: Integrin alpha-1,"[{""chain_id"": ""L"", ""chain_role"": ""light"", ""wt_residue"": ""S"", ""mutant_residue"": ""W"", ""residue_position"": 91, ""insertion_code"": null, ""aligned_interface_position"": 90, ""flat_residue_index"": 308, ""interface_region"": ""core"", ""is_alanine_scanning"": false}]",n.b.,,,,298.0,16597831,
"1MHP_HL_A_TH33I,SH52T,GH53N,GH54N_776",1MHP,AQC2 fab :: Integrin alpha-1,"[{""chain_id"": ""H"", ""chain_role"": ""heavy"", ""wt_residue"": ""T"", ""mutant_residue"": ""I"", ""residue_position"": 33, ""insertion_code"": null, ""aligned_interface_position"": 33, ""flat_residue_index"": 32, ""interface_region"": ""support"", ""is_alanine_scanning"": false}, {""chain_id"": ""H"", ""chain_role"": ""heavy"", ""wt_residue"": ""S"", ""mutant_residue"": ""T"", ""residue_position"": 52, ""insertion_code"": null, ""aligned_interface_position"": 52, ""flat_residue_index"": 51, ""interface_region"": ""support"", ""is_alanine_scanning"": false}, {""chain_id"": ""H"", ""chain_role"": ""heavy"", ""wt_residue"": ""G"", ""mutant_residue"": ""N"", ""residue_position"": 53, ""insertion_code"": null, ""aligned_interface_position"": 53, ""flat_residue_index"": 52, ""interface_region"": ""core"", ""is_alanine_scanning"": false}, {""chain_id"": ""H"", ""chain_role"": ""heavy"", ""wt_residue"": ""G"", ""mutant_residue"": ""N"", ""residue_position"": 54, ""insertion_code"": null, ""aligned_interface_position"": 54, ""flat_residue_index"": 53, ""interface_region"": ""rim"", ""is_alanine_scanning"": false}]",bounded,1.9075674925575925,6,,298.0,16597831,
1MHP_HL_A_TH33N_743,1MHP,AQC2 fab :: Integrin alpha-1,"[{""chain_id"": ""H"", ""chain_role"": ""heavy"", ""wt_residue"": ""T"", ""mutant_residue"": ""N"", ""residue_position"": 33, ""insertion_code"": null, ""aligned_interface_position"": 33, ""flat_residue_index"": 32, ""interface_region"": ""support"", ""is_alanine_scanning"": false}]",bounded,2.727120959054331,7,,298.0,16597831,
1MHP_HL_A_TH33Q_744,1MHP,AQC2 fab :: Integrin alpha-1,"[{""chain_id"": ""H"", ""chain_role"": ""heavy"", ""wt_residue"": ""T"", ""mutant_residue"": ""Q"", ""residue_position"": 33, ""insertion_code"": null, ""aligned_interface_position"": 33, ""flat_residue_index"": 32, ""interface_region"": ""support"", ""is_alanine_scanning"": false}]",n.b.,,,,298.0,16597831,
"1MHP_HL_A_TH33S,GH53W_760",1MHP,AQC2 fab :: Integrin alpha-1,"[{""chain_id"": ""H"", ""chain_role"": ""heavy"", ""wt_residue"": ""T"", ""mutant_residue"": ""S"", ""residue_position"": 33, ""insertion_code"": null, ""aligned_interface_position"": 33, ""flat_residue_index"": 32, ""interface_region"": ""support"", ""is_alanine_scanning"": false}, {""chain_id"": ""H"", ""chain_role"": ""heavy"", ""wt_residue"": ""G"", ""mutant_residue"": ""W"", ""residue_position"": 53, ""insertion_code"": null, ""aligned_interface_position"": 53, ""flat_residue_index"": 52, ""interface_region"": ""core"", ""is_alanine_scanning"": false}]",n.b.,,,,298.0,16597831,
1MHP_HL_A_TH33V_742,1MHP,AQC2 fab :: Integrin alpha-1,"[{""chain_id"": ""H"", ""chain_role"": ""heavy"", ""wt_residue"": ""T"", ""mutant_residue"": ""V"", ""residue_position"": 33, ""insertion_code"": null, ""aligned_interface_position"": 33, ""flat_residue_index"": 32, ""interface_region"": ""support"", ""is_alanine_scanning"": false}]",bounded,0.43436810948878407,5,,298.0,16597831,
1MHP_HL_A_TH50E_748,1MHP,AQC2 fab :: Integrin alpha-1,"[{""chain_id"": ""H"", ""chain_role"": ""heavy"", ""wt_residue"": ""T"", ""mutant_residue"": ""E"", ""residue_position"": 50, ""insertion_code"": null, ""aligned_interface_position"": 50, ""flat_residue_index"": 49, ""interface_region"": ""support"", ""is_alanine_scanning"": false}]",n.b.,,,,298.0,16597831,
1MHP_HL_A_TH50Q_747,1MHP,AQC2 fab :: Integrin alpha-1,"[{""chain_id"": ""H"", ""chain_role"": ""heavy"", ""wt_residue"": ""T"", ""mutant_residue"": ""Q"", ""residue_position"": 50, ""insertion_code"": null, ""aligned_interface_position"": 50, ""flat_residue_index"": 49, ""interface_region"": ""support"", ""is_alanine_scanning"": false}]",n.b.,,,,298.0,16597831,
"1MHP_HL_A_TH50V,GH102S_765",1MHP,AQC2 fab :: Integrin alpha-1,"[{""chain_id"": ""H"", ""chain_role"": ""heavy"", ""wt_residue"": ""T"", ""mutant_residue"": ""V"", ""residue_position"": 50, ""insertion_code"": null, ""aligned_interface_position"": 50, ""flat_residue_index"": 49, ""interface_region"": ""support"", ""is_alanine_scanning"": false}, {""chain_id"": ""H"", ""chain_role"": ""heavy"", ""wt_residue"": ""G"", ""mutant_residue"": ""S"", ""residue_position"": 102, ""insertion_code"": null, ""aligned_interface_position"": 102, ""flat_residue_index"": 101, ""interface_region"": ""interior"", ""is_alanine_scanning"": false}]",bounded,1.6674564109190855,6,,298.0,16597831,
"1MHP_HL_A_TH50V,KH64E,SL28Q,NL52E_689",1MHP,AQC2 fab :: Integrin alpha-1,"[{""chain_id"": ""H"", ""chain_role"": ""heavy"", ""wt_residue"": ""T"", ""mutant_residue"": ""V"", ""residue_position"": 50, ""insertion_code"": null, ""aligned_interface_position"": 50, ""flat_residue_index"": 49, ""interface_region"": ""support"", ""is_alanine_scanning"": false}, {""chain_id"": ""H"", ""chain_role"": ""heavy"", ""wt_residue"": ""K"", ""mutant_residue"": ""E"", ""residue_position"": 64, ""insertion_code"": null, ""aligned_interface_position"": 64, ""flat_residue_index"": 63, ""interface_region"": ""surface"", ""is_alanine_scanning"": false}, {""chain_id"": ""L"", ""chain_role"": ""light"", ""wt_residue"": ""S"", ""mutant_residue"": ""Q"", ""residue_position"": 28, ""insertion_code"": null, ""aligned_interface_position"": 27, ""flat_residue_index"": 245, ""interface_region"": ""rim"", ""is_alanine_scanning"": false}, {""chain_id"": ""L"", ""chain_role"": ""light"", ""wt_residue"": ""N"", ""mutant_residue"": ""E"", ""residue_position"": 52, ""insertion_code"": null, ""aligned_interface_position"": 51, ""flat_residue_index"": 269, ""interface_region"": ""surface"", ""is_alanine_scanning"": false}]",bounded,-1.2673189160286038,3,,298.0,16597831,
"1MHP_HL_A_TH50V,KH64E,SL28Q,NL52Y_690",1MHP,AQC2 fab :: Integrin alpha-1,"[{""chain_id"": ""H"", ""chain_role"": ""heavy"", ""wt_residue"": ""T"", ""mutant_residue"": ""V"", ""residue_position"": 50, ""insertion_code"": null, ""aligned_interface_position"": 50, ""flat_residue_index"": 49, ""interface_region"": ""support"", ""is_alanine_scanning"": false}, {""chain_id"": ""H"", ""chain_role"": ""heavy"", ""wt_residue"": ""K"", ""mutant_residue"": ""E"", ""residue_position"": 64, ""insertion_code"": null, ""aligned_interface_position"": 64, ""flat_residue_index"": 63, ""interface_region"": ""surface"", ""is_alanine_scanning"": false}, {""chain_id"": ""L"", ""chain_role"": ""light"", ""wt_residue"": ""S"", ""mutant_residue"": ""Q"", ""residue_position"": 28, ""insertion_code"": null, ""aligned_interface_position"": 27, ""flat_residue_index"": 245, ""interface_region"": ""rim"", ""is_alanine_scanning"": false}, {""chain_id"": ""L"", ""chain_role"": ""light"", ""wt_residue"": ""N"", ""mutant_residue"": ""Y"", ""residue_position"": 52, ""insertion_code"": null, ""aligned_interface_position"": 51, ""flat_residue_index"": 269, ""interface_region"": ""surface"", ""is_alanine_scanning"": false}]",bounded,-1.043213857183518,3,,298.0,16597831,
"1MHP_HL_A_TH50V,KH64E_684",1MHP,AQC2 fab :: Integrin alpha-1,"[{""chain_id"": ""H"", ""chain_role"": ""heavy"", ""wt_residue"": ""T"", ""mutant_residue"": ""V"", ""residue_position"": 50, ""insertion_code"": null, ""aligned_interface_position"": 50, ""flat_residue_index"": 49, ""interface_region"": ""support"", ""is_alanine_scanning"": false}, {""chain_id"": ""H"", ""chain_role"": ""heavy"", ""wt_residue"": ""K"", ""mutant_residue"": ""E"", ""residue_position"": 64, ""insertion_code"": null, ""aligned_interface_position"": 64, ""flat_residue_index"": 63, ""interface_region"": ""surface"", ""is_alanine_scanning"": false}]",bounded,-0.3610393851254108,4,,298.0,16597831,
"1MHP_HL_A_TH50V,SH35V_761",1MHP,AQC2 fab :: Integrin alpha-1,"[{""chain_id"": ""H"", ""chain_role"": ""heavy"", ""wt_residue"": ""T"", ""mutant_residue"": ""V"", ""residue_position"": 50, ""insertion_code"": null, ""aligned_interface_position"": 50, ""flat_residue_index"": 49, ""interface_region"": ""support"", ""is_alanine_scanning"": false}, {""chain_id"": ""H"", ""chain_role"": ""heavy"", ""wt_residue"": ""S"", ""mutant_residue"": ""V"", ""residue_position"": 35, ""insertion_code"": null, ""aligned_interface_position"": 35, ""flat_residue_index"": 34, ""interface_region"": ""interior"", ""is_alanine_scanning"": false}]",bounded,2.727120959054331,7,,298.0,16597831,
"1MHP_HL_A_TH50V,SL28Q,NL52Y_667",1MHP,AQC2 fab :: Integrin alpha-1,"[{""chain_id"": ""H"", ""chain_role"": ""heavy"", ""wt_residue"": ""T"", ""mutant_residue"": ""V"", ""residue_position"": 50, ""insertion_code"": null, ""aligned_interface_position"": 50, ""flat_residue_index"": 49, ""interface_region"": ""support"", ""is_alanine_scanning"": false}, {""chain_id"": ""L"", ""chain_role"": ""light"", ""wt_residue"": ""S"", ""mutant_residue"": ""Q"", ""residue_position"": 28, ""insertion_code"": null, ""aligned_interface_position"": 27, ""flat_residue_index"": 245, ""interface_region"": ""rim"", ""is_alanine_scanning"": false}, {""chain_id"": ""L"", ""chain_role"": ""light"", ""wt_residue"": ""N"", ""mutant_residue"": ""Y"", ""residue_position"": 52, ""insertion_code"": null, ""aligned_interface_position"": 51, ""flat_residue_index"": 269, ""interface_region"": ""surface"", ""is_alanine_scanning"": false}]",bounded,-1.0235296437327657,3,,298.0,16597831,
"1MHP_HL_A_WL90Q,FL33Y_741",1MHP,AQC2 fab :: Integrin alpha-1,"[{""chain_id"": ""L"", ""chain_role"": ""light"", ""wt_residue"": ""W"", ""mutant_residue"": ""Q"", ""residue_position"": 90, ""insertion_code"": null, ""aligned_interface_position"": 89, ""flat_residue_index"": 307, ""interface_region"": ""support"", ""is_alanine_scanning"": false}, {""chain_id"": ""L"", ""chain_role"": ""light"", ""wt_residue"": ""F"", ""mutant_residue"": ""Y"", ""residue_position"": 33, ""insertion_code"": null, ""aligned_interface_position"": 32, ""flat_residue_index"": 250, ""interface_region"": ""interior"", ""is_alanine_scanning"": false}]",bounded,0.8710189788355153,5,,298.0,16597831,
1MHP_HL_A_WL90Q_738,1MHP,AQC2 fab :: Integrin alpha-1,"[{""chain_id"": ""L"", ""chain_role"": ""light"", ""wt_residue"": ""W"", ""mutant_residue"": ""Q"", ""residue_position"": 90, ""insertion_code"": null, ""aligned_interface_position"": 89, ""flat_residue_index"": 307, ""interface_region"": ""support"", ""is_alanine_scanning"": false}]",bounded,2.075840171693097,7,,298.0,16597831,
"1MHP_HL_A_YH58E,HH56N_729",1MHP,AQC2 fab :: Integrin alpha-1,"[{""chain_id"": ""H"", ""chain_role"": ""heavy"", ""wt_residue"": ""Y"", ""mutant_residue"": ""E"", ""residue_position"": 58, ""insertion_code"": null, ""aligned_interface_position"": 58, ""flat_residue_index"": 57, ""interface_region"": ""core"", ""is_alanine_scanning"": false}, {""chain_id"": ""H"", ""chain_role"": ""heavy"", ""wt_residue"": ""H"", ""mutant_residue"": ""N"", ""residue_position"": 56, ""insertion_code"": null, ""aligned_interface_position"": 56, ""flat_residue_index"": 55, ""interface_region"": ""core"", ""is_alanine_scanning"": false}]",n.b.,,,,298.0,16597831,
1MHP_HL_A_YH58E_724,1MHP,AQC2 fab :: Integrin alpha-1,"[{""chain_id"": ""H"", ""chain_role"": ""heavy"", ""wt_residue"": ""Y"", ""mutant_residue"": ""E"", ""residue_position"": 58, ""insertion_code"": null, ""aligned_interface_position"": 58, ""flat_residue_index"": 57, ""interface_region"": ""core"", ""is_alanine_scanning"": false}]",bounded,2.075840171693097,7,,298.0,16597831,
"1MHP_HL_A_YH58Q,HH56N_730",1MHP,AQC2 fab :: Integrin alpha-1,"[{""chain_id"": ""H"", ""chain_role"": ""heavy"", ""wt_residue"": ""Y"", ""mutant_residue"": ""Q"", ""residue_position"": 58, ""insertion_code"": null, ""aligned_interface_position"": 58, ""flat_residue_index"": 57, ""interface_region"": ""core"", ""is_alanine_scanning"": false}, {""chain_id"": ""H"", ""chain_role"": ""heavy"", ""wt_residue"": ""H"", ""mutant_residue"": ""N"", ""residue_position"": 56, ""insertion_code"": null, ""aligned_interface_position"": 56, ""flat_residue_index"": 55, ""interface_region"": ""core"", ""is_alanine_scanning"": false}]",n.b.,,,,298.0,16597831,
1MHP_HL_A_YH58Q_723,1MHP,AQC2 fab :: Integrin alpha-1,"[{""chain_id"": ""H"", ""chain_role"": ""heavy"", ""wt_residue"": ""Y"", ""mutant_residue"": ""Q"", ""residue_position"": 58, ""insertion_code"": null, ""aligned_interface_position"": 58, ""flat_residue_index"": 57, ""interface_region"": ""core"", ""is_alanine_scanning"": false}]",bounded,2.075840171693097,7,,298.0,16597831,
1MHP_HL_A_YH58W_725,1MHP,AQC2 fab :: Integrin alpha-1,"[{""chain_id"": ""H"", ""chain_role"": ""heavy"", ""wt_residue"": ""Y"", ""mutant_residue"": ""W"", ""residue_position"": 58, ""insertion_code"": null, ""aligned_interface_position"": 58, ""flat_residue_index"": 57, ""interface_region"": ""core"", ""is_alanine_scanning"": false}]",bounded,0.8209452104792774,5,,298.0,16597831,
1MHP_HL_A_YH59E_700,1MHP,AQC2 fab :: Integrin alpha-1,"[{""chain_id"": ""H"", ""chain_role"": ""heavy"", ""wt_residue"": ""Y"", ""mutant_residue"": ""E"", ""residue_position"": 59, ""insertion_code"": null, ""aligned_interface_position"": 59, ""flat_residue_index"": 58, ""interface_region"": ""support"", ""is_alanine_scanning"": false}]",bounded,0.5440070130304271,5,,298.0,16597831,
1MLC_AB_E_KB65D_907,1MLC,D44.1 fab :: HEW Lysozyme,"[{""chain_id"": ""B"", ""chain_role"": ""heavy"", ""wt_residue"": ""K"", ""mutant_residue"": ""D"", ""residue_position"": 65, ""insertion_code"": null, ""aligned_interface_position"": 65, ""flat_residue_index"": 64, ""interface_region"": ""surface"", ""is_alanine_scanning"": false}]",bounded,0.018548753695419445,5,,298.0,17891135,
"1MLC_AB_E_NA32G,NA92A,SB57V,TB58D_912",1MLC,D44.1 fab :: HEW Lysozyme,"[{""chain_id"": ""A"", ""chain_role"": ""light"", ""wt_residue"": ""N"", ""mutant_residue"": ""G"", ""residue_position"": 32, ""insertion_code"": null, ""aligned_interface_position"": 32, ""flat_residue_index"": 249, ""interface_region"": ""support"", ""is_alanine_scanning"": false}, {""chain_id"": ""A"", ""chain_role"": ""light"", ""wt_residue"": ""N"", ""mutant_residue"": ""A"", ""residue_position"": 92, ""insertion_code"": null, ""aligned_interface_position"": 92, ""flat_residue_index"": 309, ""interface_region"": ""core"", ""is_alanine_scanning"": true}, {""chain_id"": ""B"", ""chain_role"": ""heavy"", ""wt_residue"": ""S"", ""mutant_residue"": ""V"", ""residue_position"": 57, ""insertion_code"": null, ""aligned_interface_position"": 57, ""flat_residue_index"": 56, ""interface_region"": ""core"", ""is_alanine_scanning"": false}, {""chain_id"": ""B"", ""chain_role"": ""heavy"", ""wt_residue"": ""T"", ""mutant_residue"": ""D"", ""residue_position"": 58, ""insertion_code"": null, ""aligned_interface_position"": 58, ""flat_residue_index"": 57, ""interface_region"": ""rim"", ""is_alanine_scanning"": false}]",bounded,-1.7349736474133401,3,,298.0,17891135,
1MLC_AB_E_NA32G_899,1MLC,D44.1 fab :: HEW Lysozyme,"[{""chain_id"": ""A"", ""chain_role"": ""light"", ""wt_residue"": ""N"", ""mutant_residue"": ""G"", ""residue_position"": 32, ""insertion_code"": null, ""aligned_interface_position"": 32, ""flat_residue_index"": 249, ""interface_region"": ""support"", ""is_alanine_scanning"": false}]",bounded,-0.8773866401025436,4,,298.0,17891135,
1MLC_AB_E_NA32Y_908,1MLC,D44.1 fab :: HEW Lysozyme,"[{""chain_id"": ""A"", ""chain_role"": ""light"", ""wt_residue"": ""N"", ""mutant_residue"": ""Y"", ""residue_position"": 32, ""insertion_code"": null, ""aligned_interface_position"": 32, ""flat_residue_index"": 249, ""interface_region"": ""support"", ""is_alanine_scanning"": false}]",bounded,0.0,5,,298.0,17891135,
"1MLC_AB_E_NA92A,SB57V,TB58D_913",1MLC,D44.1 fab :: HEW Lysozyme,"[{""chain_id"": ""A"", ""chain_role"": ""light"", ""wt_residue"": ""N"", ""mutant_residue"": ""A"", ""residue_position"": 92, ""insertion_code"": null, ""aligned_interface_position"": 92, ""flat_residue_index"": 309, ""interface_region"": ""core"", ""is_alanine_scanning"": true}, {""chain_id"": ""B"", ""chain_role"": ""heavy"", ""wt_residue"": ""S"", ""mutant_residue"": ""V"", ""residue_position"": 57, ""insertion_code"": null, ""aligned_interface_position"": 57, ""flat_residue_index"": 56, ""interface_region"": ""core"", ""is_alanine_scanning"": false}, {""chain_id"": ""B"", ""chain_role"": ""heavy"", ""wt_residue"": ""T"", ""mutant_residue"": ""D"", ""residue_position"": 58, ""insertion_code"": null, ""aligned_interface_position"": 58, ""flat_residue_index"": 57, ""interface_region"": ""rim"", ""is_alanine_scanning"": false}]",bounded,-2.39418772747447,2,,298.0,17891135,
"1MLC_AB_E_NA92A,TB28D,SB57V,TB58D,EB35S,GB99D_924",1MLC,D44.1 fab :: HEW Lysozyme,"[{""chain_id"": ""A"", ""chain_role"": ""light"", ""wt_residue"": ""N"", ""mutant_residue"": ""A"", ""residue_position"": 92, ""insertion_code"": null, ""aligned_interface_position"": 92, ""flat_residue_index"": 309, ""interface_region"": ""core"", ""is_alanine_scanning"": true}, {""chain_id"": ""B"", ""chain_role"": ""heavy"", ""wt_residue"": ""T"", ""mutant_residue"": ""D"", ""residue_position"": 28, ""insertion_code"": null, ""aligned_interface_position"": 28, ""flat_residue_index"": 27, ""interface_region"": ""surface"", ""is_alanine_scanning"": false}, {""chain_id"": ""B"", ""chain_role"": ""heavy"", ""wt_residue"": ""S"", ""mutant_residue"": ""V"", ""residue_position"": 57, ""insertion_code"": null, ""aligned_interface_position"": 57, ""flat_residue_index"": 56, ""interface_region"": ""core"", ""is_alanine_scanning"": false}, {""chain_id"": ""B"", ""chain_role"": ""heavy"", ""wt_residue"": ""T"", ""mutant_residue"": ""D"", ""residue_position"": 58, ""insertion_code"": null, ""aligned_interface_position"": 58, ""flat_residue_index"": 57, ""interface_region"": ""rim"", ""is_alanine_scanning"": false}, {""chain_id"": ""B"", ""chain_role"": ""heavy"", ""wt_residue"": ""E"", ""mutant_residue"": ""S"", ""residue_position"": 35, ""insertion_code"": null, ""aligned_interface_position"": 35, ""flat_residue_index"": 34, ""interface_region"": ""support"", ""is_alanine_scanning"": false}, {""chain_id"": ""B"", ""chain_role"": ""heavy"", ""wt_residue"": ""G"", ""mutant_residue"": ""D"", ""residue_position"": 99, ""insertion_code"": null, ""aligned_interface_position"": 99, ""flat_residue_index"": 98, ""interface_region"": ""support"", ""is_alanine_scanning"": false}]",bounded,-2.953923912278729,2,,298.0,17891135,
"1MLC_AB_E_NA92A,TB28D,SB57V,TB58D,EB35S_926",1MLC,D44.1 fab :: HEW Lysozyme,"[{""chain_id"": ""A"", ""chain_role"": ""light"", ""wt_residue"": ""N"", ""mutant_residue"": ""A"", ""residue_position"": 92, ""insertion_code"": null, ""aligned_interface_position"": 92, ""flat_residue_index"": 309, ""interface_region"": ""core"", ""is_alanine_scanning"": true}, {""chain_id"": ""B"", ""chain_role"": ""heavy"", ""wt_residue"": ""T"", ""mutant_residue"": ""D"", ""residue_position"": 28, ""insertion_code"": null, ""aligned_interface_position"": 28, ""flat_residue_index"": 27, ""interface_region"": ""surface"", ""is_alanine_scanning"": false}, {""chain_id"": ""B"", ""chain_role"": ""heavy"", ""wt_residue"": ""S"", ""mutant_residue"": ""V"", ""residue_position"": 57, ""insertion_code"": null, ""aligned_interface_position"": 57, ""flat_residue_index"": 56, ""interface_region"": ""core"", ""is_alanine_scanning"": false}, {""chain_id"": ""B"", ""chain_role"": ""heavy"", ""wt_residue"": ""T"", ""mutant_residue"": ""D"", ""residue_position"": 58, ""insertion_code"": null, ""aligned_interface_position"": 58, ""flat_residue_index"": 57, ""interface_region"": ""rim"", ""is_alanine_scanning"": false}, {""chain_id"": ""B"", ""chain_role"": ""heavy"", ""wt_residue"": ""E"", ""mutant_residue"": ""S"", ""residue_position"": 35, ""insertion_code"": null, ""aligned_interface_position"": 35, ""flat_residue_index"": 34, ""interface_region"": ""support"", ""is_alanine_scanning"": false}]",ineq,1.9061757485750535,,>,298.0,17891135,
"1MLC_AB_E_NA92A,TB28D,SB57V,TB58D,GB99D_927",1MLC,D44.1 fab :: HEW Lysozyme,"[{""chain_id"": ""A"", ""chain_role"": ""light"", ""wt_residue"": ""N"", ""mutant_residue"": ""A"", ""residue_position"": 92, ""insertion_code"": null, ""aligned_interface_position"": 92, ""flat_residue_index"": 309, ""interface_region"": ""core"", ""is_alanine_scanning"": true}, {""chain_id"": ""B"", ""chain_role"": ""heavy"", ""wt_residue"": ""T"", ""mutant_residue"": ""D"", ""residue_position"": 28, ""insertion_code"": null, ""aligned_interface_position"": 28, ""flat_residue_index"": 27, ""interface_region"": ""surface"", ""is_alanine_scanning"": false}, {""chain_id"": ""B"", ""chain_role"": ""heavy"", ""wt_residue"": ""S"", ""mutant_residue"": ""V"", ""residue_position"": 57, ""insertion_code"": null, ""aligned_interface_position"": 57, ""flat_residue_index"": 56, ""interface_region"": ""core"", ""is_alanine_scanning"": false}, {""chain_id"": ""B"", ""chain_role"": ""heavy"", ""wt_residue"": ""T"", ""mutant_residue"": ""D"", ""residue_position"": 58, ""insertion_code"": null, ""aligned_interface_position"": 58, ""flat_residue_index"": 57, ""interface_region"": ""rim"", ""is_alanine_scanning"": false}, {""chain_id"": ""B"", ""chain_role"": ""heavy"", ""wt_residue"": ""G"", ""mutant_residue"": ""D"", ""residue_position"": 99, ""insertion_code"": null, ""aligned_interface_position"": 99, ""flat_residue_index"": 98, ""interface_region"": ""support"", ""is_alanine_scanning"": false}]",bounded,-0.20357696492220415,4,,298.0,17891135,
"1MLC_AB_E_NA92A,TB28D,SB57V,TB58D,NA32L_917",1MLC,D44.1 fab :: HEW Lysozyme,"[{""chain_id"": ""A"", ""chain_role"": ""light"", ""wt_residue"": ""N"", ""mutant_residue"": ""A"", ""residue_position"": 92, ""insertion_code"": null, ""aligned_interface_position"": 92, ""flat_residue_index"": 309, ""interface_region"": ""core"", ""is_alanine_scanning"": true}, {""chain_id"": ""B"", ""chain_role"": ""heavy"", ""wt_residue"": ""T"", ""mutant_residue"": ""D"", ""residue_position"": 28, ""insertion_code"": null, ""aligned_interface_position"": 28, ""flat_residue_index"": 27, ""interface_region"": ""surface"", ""is_alanine_scanning"": false}, {""chain_id"": ""B"", ""chain_role"": ""heavy"", ""wt_residue"": ""S"", ""mutant_residue"": ""V"", ""residue_position"": 57, ""insertion_code"": null, ""aligned_interface_position"": 57, ""flat_residue_index"": 56, ""interface_region"": ""core"", ""is_alanine_scanning"": false}, {""chain_id"": ""B"", ""chain_role"": ""heavy"", ""wt_residue"": ""T"", ""mutant_residue"": ""D"", ""residue_position"": 58, ""insertion_code"": null, ""aligned_interface_position"": 58, ""flat_residue_index"": 57, ""interface_region"": ""rim"", ""is_alanine_scanning"": false}, {""chain_id"": ""A"", ""chain_role"": ""light"", ""wt_residue"": ""N"", ""mutant_residue"": ""L"", ""residue_position"": 32, ""insertion_code"": null, ""aligned_interface_position"": 32, ""flat_residue_index"": 249, ""interface_region"": ""support"", ""is_alanine_scanning"": false}]",bounded,-2.5843079742758164,2,,298.0,17891135,
"1MLC_AB_E_NA92A,TB28D,SB57V,TB58D,SA91N,SA93A_921",1MLC,D44.1 fab :: HEW Lysozyme,"[{""chain_id"": ""A"", ""chain_role"": ""light"", ""wt_residue"": ""N"", ""mutant_residue"": ""A"", ""residue_position"": 92, ""insertion_code"": null, ""aligned_interface_position"": 92, ""flat_residue_index"": 309, ""interface_region"": ""core"", ""is_alanine_scanning"": true}, {""chain_id"": ""B"", ""chain_role"": ""heavy"", ""wt_residue"": ""T"", ""mutant_residue"": ""D"", ""residue_position"": 28, ""insertion_code"": null, ""aligned_interface_position"": 28, ""flat_residue_index"": 27, ""interface_region"": ""surface"", ""is_alanine_scanning"": false}, {""chain_id"": ""B"", ""chain_role"": ""heavy"", ""wt_residue"": ""S"", ""mutant_residue"": ""V"", ""residue_position"": 57, ""insertion_code"": null, ""aligned_interface_position"": 57, ""flat_residue_index"": 56, ""interface_region"": ""core"", ""is_alanine_scanning"": false}, {""chain_id"": ""B"", ""chain_role"": ""heavy"", ""wt_residue"": ""T"", ""mutant_residue"": ""D"", ""residue_position"": 58, ""insertion_code"": null, ""aligned_interface_position"": 58, ""flat_residue_index"": 57, ""interface_region"": ""rim"", ""is_alanine_scanning"": false}, {""chain_id"": ""A"", ""chain_role"": ""light"", ""wt_residue"": ""S"", ""mutant_residue"": ""N"", ""residue_position"": 91, ""insertion_code"": null, ""aligned_interface_position"": 91, ""flat_residue_index"": 308, ""interface_region"": ""support"", ""is_alanine_scanning"": false}, {""chain_id"": ""A"", ""chain_role"": ""light"", ""wt_residue"": ""S"", ""mutant_residue"": ""A"", ""residue_position"": 93, ""insertion_code"": null, ""aligned_interface_position"": 93, ""flat_residue_index"": 310, ""interface_region"": ""support"", ""is_alanine_scanning"": true}]",bounded,-1.6104394838822074,3,,298.0,17891135,
"1MLC_AB_E_NA92A,TB28D,SB57V,TB58D,SA91N_920",1MLC,D44.1 fab :: HEW Lysozyme,"[{""chain_id"": ""A"", ""chain_role"": ""light"", ""wt_residue"": ""N"", ""mutant_residue"": ""A"", ""residue_position"": 92, ""insertion_code"": null, ""aligned_interface_position"": 92, ""flat_residue_index"": 309, ""interface_region"": ""core"", ""is_alanine_scanning"": true}, {""chain_id"": ""B"", ""chain_role"": ""heavy"", ""wt_residue"": ""T"", ""mutant_residue"": ""D"", ""residue_position"": 28, ""insertion_code"": null, ""aligned_interface_position"": 28, ""flat_residue_index"": 27, ""interface_region"": ""surface"", ""is_alanine_scanning"": false}, {""chain_id"": ""B"", ""chain_role"": ""heavy"", ""wt_residue"": ""S"", ""mutant_residue"": ""V"", ""residue_position"": 57, ""insertion_code"": null, ""aligned_interface_position"": 57, ""flat_residue_index"": 56, ""interface_region"": ""core"", ""is_alanine_scanning"": false}, {""chain_id"": ""B"", ""chain_role"": ""heavy"", ""wt_residue"": ""T"", ""mutant_residue"": ""D"", ""residue_position"": 58, ""insertion_code"": null, ""aligned_interface_position"": 58, ""flat_residue_index"": 57, ""interface_region"": ""rim"", ""is_alanine_scanning"": false}, {""chain_id"": ""A"", ""chain_role"": ""light"", ""wt_residue"": ""S"", ""mutant_residue"": ""N"", ""residue_position"": 91, ""insertion_code"": null, ""aligned_interface_position"": 91, ""flat_residue_index"": 308, ""interface_region"": ""support"", ""is_alanine_scanning"": false}]",ineq,1.849734318951787,,>,298.0,17891135,
"1MLC_AB_E_NA92A,TB28D,SB57V,TB58D,YB32R,RB98S_923",1MLC,D44.1 fab :: HEW Lysozyme,"[{""chain_id"": ""A"", ""chain_role"": ""light"", ""wt_residue"": ""N"", ""mutant_residue"": ""A"", ""residue_position"": 92, ""insertion_code"": null, ""aligned_interface_position"": 92, ""flat_residue_index"": 309, ""interface_region"": ""core"", ""is_alanine_scanning"": true}, {""chain_id"": ""B"", ""chain_role"": ""heavy"", ""wt_residue"": ""T"", ""mutant_residue"": ""D"", ""residue_position"": 28, ""insertion_code"": null, ""aligned_interface_position"": 28, ""flat_residue_index"": 27, ""interface_region"": ""surface"", ""is_alanine_scanning"": false}, {""chain_id"": ""B"", ""chain_role"": ""heavy"", ""wt_residue"": ""S"", ""mutant_residue"": ""V"", ""residue_position"": 57, ""insertion_code"": null, ""aligned_interface_position"": 57, ""flat_residue_index"": 56, ""interface_region"": ""core"", ""is_alanine_scanning"": false}, {""chain_id"": ""B"", ""chain_role"": ""heavy"", ""wt_residue"": ""T"", ""mutant_residue"": ""D"", ""residue_position"": 58, ""insertion_code"": null, ""aligned_interface_position"": 58, ""flat_residue_index"": 57, ""interface_region"": ""rim"", ""is_alanine_scanning"": false}, {""chain_id"": ""B"", ""chain_role"": ""heavy"", ""wt_residue"": ""Y"", ""mutant_residue"": ""R"", ""residue_position"": 32, ""insertion_code"": null, ""aligned_interface_position"": 32, ""flat_residue_index"": 31, ""interface_region"": ""core"", ""is_alanine_scanning"": false}, {""chain_id"": ""B"", ""chain_role"": ""heavy"", ""wt_residue"": ""R"", ""mutant_residue"": ""S"", ""residue_position"": 98, ""insertion_code"": null, ""aligned_interface_position"": 98, ""flat_residue_index"": 97, ""interface_region"": ""interior"", ""is_alanine_scanning"": false}]",ineq,1.849734318951787,,>,298.0,17891135,
"1MLC_AB_E_NA92A,TB28D,SB57V,TB58D,YB59E_919",1MLC,D44.1 fab :: HEW Lysozyme,"[{""chain_id"": ""A"", ""chain_role"": ""light"", ""wt_residue"": ""N"", ""mutant_residue"": ""A"", ""residue_position"": 92, ""insertion_code"": null, ""aligned_interface_position"": 92, ""flat_residue_index"": 309, ""interface_region"": ""core"", ""is_alanine_scanning"": true}, {""chain_id"": ""B"", ""chain_role"": ""heavy"", ""wt_residue"": ""T"", ""mutant_residue"": ""D"", ""residue_position"": 28, ""insertion_code"": null, ""aligned_interface_position"": 28, ""flat_residue_index"": 27, ""interface_region"": ""surface"", ""is_alanine_scanning"": false}, {""chain_id"": ""B"", ""chain_role"": ""heavy"", ""wt_residue"": ""S"", ""mutant_residue"": ""V"", ""residue_position"": 57, ""insertion_code"": null, ""aligned_interface_position"": 57, ""flat_residue_index"": 56, ""interface_region"": ""core"", ""is_alanine_scanning"": false}, {""chain_id"": ""B"", ""chain_role"": ""heavy"", ""wt_residue"": ""T"", ""mutant_residue"": ""D"", ""residue_position"": 58, ""insertion_code"": null, ""aligned_interface_position"": 58, ""flat_residue_index"": 57, ""interface_region"": ""rim"", ""is_alanine_scanning"": false}, {""chain_id"": ""B"", ""chain_role"": ""heavy"", ""wt_residue"": ""Y"", ""mutant_residue"": ""E"", ""residue_position"": 59, ""insertion_code"": null, ""aligned_interface_position"": 59, ""flat_residue_index"": 58, ""interface_region"": ""rim"", ""is_alanine_scanning"": false}]",bounded,-1.466169704292755,3,,298.0,17891135,
"1MLC_AB_E_NA92A,TB28D,SB57V,TB58D_914",1MLC,D44.1 fab :: HEW Lysozyme,"[{""chain_id"": ""A"", ""chain_role"": ""light"", ""wt_residue"": ""N"", ""mutant_residue"": ""A"", ""residue_position"": 92, ""insertion_code"": null, ""aligned_interface_position"": 92, ""flat_residue_index"": 309, ""interface_region"": ""core"", ""is_alanine_scanning"": true}, {""chain_id"": ""B"", ""chain_role"": ""heavy"", ""wt_residue"": ""T"", ""mutant_residue"": ""D"", ""residue_position"": 28, ""insertion_code"": null, ""aligned_interface_position"": 28, ""flat_residue_index"": 27, ""interface_region"": ""surface"", ""is_alanine_scanning"": false}, {""chain_id"": ""B"", ""chain_role"": ""heavy"", ""wt_residue"": ""S"", ""mutant_residue"": ""V"", ""residue_position"": 57, ""insertion_code"": null, ""aligned_interface_position"": 57, ""flat_residue_index"": 56, ""interface_region"": ""core"", ""is_alanine_scanning"": false}, {""chain_id"": ""B"", ""chain_role"": ""heavy"", ""wt_residue"": ""T"", ""mutant_residue"": ""D"", ""residue_position"": 58, ""insertion_code"": null, ""aligned_interface_position"": 58, ""flat_residue_index"": 57, ""interface_region"": ""rim"", ""is_alanine_scanning"": false}]",bounded,-2.7393594684074203,2,,298.0,17891135,
1MLC_AB_E_NA92A_900,1MLC,D44.1 fab :: HEW Lysozyme,"[{""chain_id"": ""A"", ""chain_role"": ""light"", ""wt_residue"": ""N"", ""mutant_residue"": ""A"", ""residue_position"": 92, ""insertion_code"": null, ""aligned_interface_position"": 92, ""flat_residue_index"": 309, ""interface_region"": ""core"", ""is_alanine_scanning"": true}]",bounded,-1.2533531675669025,3,,298.0,17891135,
1MLC_AB_E_SB57A_904,1MLC,D44.1 fab :: HEW Lysozyme,"[{""chain_id"": ""B"", ""chain_role"": ""heavy"", ""wt_residue"": ""S"", ""mutant_residue"": ""A"", ""residue_position"": 57, ""insertion_code"": null, ""aligned_interface_position"": 57, ""flat_residue_index"": 56, ""interface_region"": ""core"", ""is_alanine_scanning"": true}]",bounded,-0.3790216681632913,4,,298.0,17891135,
1MLC_AB_E_SB57V_905,1MLC,D44.1 fab :: HEW Lysozyme,"[{""chain_id"": ""B"", ""chain_role"": ""heavy"", ""wt_residue"": ""S"", ""mutant_residue"": ""V"", ""residue_position"": 57, ""insertion_code"": null, ""aligned_interface_position"": 57, ""flat_residue_index"": 56, ""interface_region"": ""core"", ""is_alanine_scanning"": false}]",bounded,-0.49418064709509846,4,,298.0,17891135,
1MLC_AB_E_TB28D_901,1MLC,D44.1 fab :: HEW Lysozyme,"[{""chain_id"": ""B"", ""chain_role"": ""heavy"", ""wt_residue"": ""T"", ""mutant_residue"": ""D"", ""residue_position"": 28, ""insertion_code"": null, ""aligned_interface_position"": 28, ""flat_residue_index"": 27, ""interface_region"": ""surface"", ""is_alanine_scanning"": false}]",bounded,-0.15094382361333633,4,,298.0,17891135,
1MLC_AB_E_TB31A_902,1MLC,D44.1 fab :: HEW Lysozyme,"[{""chain_id"": ""B"", ""chain_role"": ""heavy"", ""wt_residue"": ""T"", ""mutant_residue"": ""A"", ""residue_position"": 31, ""insertion_code"": null, ""aligned_interface_position"": 31, ""flat_residue_index"": 30, ""interface_region"": ""core"", ""is_alanine_scanning"": true}]",bounded,0.4470067219559416,5,,298.0,17891135,
1MLC_AB_E_TB31V_903,1MLC,D44.1 fab :: HEW Lysozyme,"[{""chain_id"": ""B"", ""chain_role"": ""heavy"", ""wt_residue"": ""T"", ""mutant_residue"": ""V"", ""residue_position"": 31, ""insertion_code"": null, ""aligned_interface_position"": 31, ""flat_residue_index"": 30, ""interface_region"": ""core"", ""is_alanine_scanning"": false}]",bounded,0.5262403974153858,5,,298.0,17891135,
1MLC_AB_E_TB31W_909,1MLC,D44.1 fab :: HEW Lysozyme,"[{""chain_id"": ""B"", ""chain_role"": ""heavy"", ""wt_residue"": ""T"", ""mutant_residue"": ""W"", ""residue_position"": 31, ""insertion_code"": null, ""aligned_interface_position"": 31, ""flat_residue_index"": 30, ""interface_region"": ""core"", ""is_alanine_scanning"": false}]",bounded,0.13214266380824924,5,,298.0,17891135,
1MLC_AB_E_TB58D_906,1MLC,D44.1 fab :: HEW Lysozyme,"[{""chain_id"": ""B"", ""chain_role"": ""heavy"", ""wt_residue"": ""T"", ""mutant_residue"": ""D"", ""residue_position"": 58, ""insertion_code"": null, ""aligned_interface_position"": 58, ""flat_residue_index"": 57, ""interface_region"": ""rim"", ""is_alanine_scanning"": false}]",bounded,-0.559682352088254,4,,298.0,17891135,
1N8Z_AB_C_DB102W_940,1N8Z,Herceptin :: erbB-2,"[{""chain_id"": ""B"", ""chain_role"": ""heavy"", ""wt_residue"": ""D"", ""mutant_residue"": ""W"", ""residue_position"": 102, ""insertion_code"": null, ""aligned_interface_position"": 102, ""flat_residue_index"": 101, ""interface_region"": ""rim"", ""is_alanine_scanning"": false}]",bounded,-0.7130293915643785,4,,310.0,12206766,
1N8Z_AB_C_FC555A_514,1N8Z,Herceptin :: erbB-2,"[{""chain_id"": ""C"", ""chain_role"": ""antigen"", ""wt_residue"": ""F"", ""mutant_residue"": ""A"", ""residue_position"": 555, ""insertion_code"": null, ""aligned_interface_position"": 539, ""flat_residue_index"": 972, ""interface_region"": ""surface"", ""is_alanine_scanning"": true}]",bounded,0.03510282547480969,5,,298.0,23527120,
1N8Z_AB_C_HA91F_937,1N8Z,Herceptin :: erbB-2,"[{""chain_id"": ""A"", ""chain_role"": ""light"", ""wt_residue"": ""H"", ""mutant_residue"": ""F"", ""residue_position"": 91, ""insertion_code"": null, ""aligned_interface_position"": 91, ""flat_residue_index"": 310, ""interface_region"": ""support"", ""is_alanine_scanning"": false}]",bounded,0.03423287545321583,5,,310.0,12206766,
1N8Z_AB_C_LC525A_511,1N8Z,Herceptin :: erbB-2,"[{""chain_id"": ""C"", ""chain_role"": ""antigen"", ""wt_residue"": ""L"", ""mutant_residue"": ""A"", ""residue_position"": 525, ""insertion_code"": null, ""aligned_interface_position"": 509, ""flat_residue_index"": 942, ""interface_region"": ""surface"", ""is_alanine_scanning"": true}]",bounded,-0.023045195508238882,4,,298.0,23527120,
"1N8Z_AB_C_NA30S,HA91F,YA92W_938",1N8Z,Herceptin :: erbB-2,"[{""chain_id"": ""A"", ""chain_role"": ""light"", ""wt_residue"": ""N"", ""mutant_residue"": ""S"", ""residue_position"": 30, ""insertion_code"": null, ""aligned_interface_position"": 30, ""flat_residue_index"": 249, ""interface_region"": ""core"", ""is_alanine_scanning"": false}, {""chain_id"": ""A"", ""chain_role"": ""light"", ""wt_residue"": ""H"", ""mutant_residue"": ""F"", ""residue_position"": 91, ""insertion_code"": null, ""aligned_interface_position"": 91, ""flat_residue_index"": 310, ""interface_region"": ""support"", ""is_alanine_scanning"": false}, {""chain_id"": ""A"", ""chain_role"": ""light"", ""wt_residue"": ""Y"", ""mutant_residue"": ""W"", ""residue_position"": 92, ""insertion_code"": null, ""aligned_interface_position"": 92, ""flat_residue_index"": 311, ""interface_region"": ""core"", ""is_alanine_scanning"": false}]",bounded,-0.0747623219495155,4,,310.0,12206766,
1N8Z_AB_C_NA30S_936,1N8Z,Herceptin :: erbB-2,"[{""chain_id"": ""A"", ""chain_role"": ""light"", ""wt_residue"": ""N"", ""mutant_residue"": ""S"", ""residue_position"": 30, ""insertion_code"": null, ""aligned_interface_position"": 30, ""flat_residue_index"": 249, ""interface_region"": ""core"", ""is_alanine_scanning"": false}]",bounded,0.06666316515793683,5,,310.0,12206766,
"1N8Z_AB_C_RB50A,RB59A_959",1N8Z,Herceptin :: erbB-2,"[{""chain_id"": ""B"", ""chain_role"": ""heavy"", ""wt_residue"": ""R"", ""mutant_residue"": ""A"", ""residue_position"": 50, ""insertion_code"": null, ""aligned_interface_position"": 50, ""flat_residue_index"": 49, ""interface_region"": ""support"", ""is_alanine_scanning"": true}, {""chain_id"": ""B"", ""chain_role"": ""heavy"", ""wt_residue"": ""R"", ""mutant_residue"": ""A"", ""residue_position"": 59, ""insertion_code"": null, ""aligned_interface_position"": 59, ""flat_residue_index"": 58, ""interface_region"": ""core"", ""is_alanine_scanning"": true}]",n.b.,,,,303.0,21526167,
1N8Z_AB_C_RB50A_957,1N8Z,Herceptin :: erbB-2,"[{""chain_id"": ""B"", ""chain_role"": ""heavy"", ""wt_residue"": ""R"", ""mutant_residue"": ""A"", ""residue_position"": 50, ""insertion_code"": null, ""aligned_interface_position"": 50, ""flat_residue_index"": 49, ""interface_region"": ""support"", ""is_alanine_scanning"": true}]",bounded,2.9754756314000064,7,,303.0,21526167,
1N8Z_AB_C_RB59A_958,1N8Z,Herceptin :: erbB-2,"[{""chain_id"": ""B"", ""chain_role"": ""heavy"", ""wt_residue"": ""R"", ""mutant_residue"": ""A"", ""residue_position"": 59, ""insertion_code"": null, ""aligned_interface_position"": 59, ""flat_residue_index"": 58, ""interface_region"": ""core"", ""is_alanine_scanning"": true}]",bounded,1.8037987405514821,6,,303.0,21526167,
1N8Z_AB_C_SC551A_512,1N8Z,Herceptin :: erbB-2,"[{""chain_id"": ""C"", ""chain_role"": ""antigen"", ""wt_residue"": ""S"", ""mutant_residue"": ""A"", ""residue_position"": 551, ""insertion_code"": null, ""aligned_interface_position"": 535, ""flat_residue_index"": 968, ""interface_region"": ""surface"", ""is_alanine_scanning"": true}]",bounded,0.030827089989945943,5,,298.0,23527120,
1N8Z_AB_C_TA94S_939,1N8Z,Herceptin :: erbB-2,"[{""chain_id"": ""A"", ""chain_role"": ""light"", ""wt_residue"": ""T"", ""mutant_residue"": ""S"", ""residue_position"": 94, ""insertion_code"": null, ""aligned_interface_position"": 94, ""flat_residue_index"": 313, ""interface_region"": ""core"", ""is_alanine_scanning"": false}]",bounded,0.3216860171435159,5,,310.0,12206766,
1N8Z_AB_C_VC552A_513,1N8Z,Herceptin :: erbB-2,"[{""chain_id"": ""C"", ""chain_role"": ""antigen"", ""wt_residue"": ""V"", ""mutant_residue"": ""A"", ""residue_position"": 552, ""insertion_code"": null, ""aligned_interface_position"": 536, ""flat_residue_index"": 969, ""interface_region"": ""surface"", ""is_alanine_scanning"": true}]",bounded,0.008972698808159936,5,,298.0,23527120,
1N8Z_AB_C_YB105F_941,1N8Z,Herceptin :: erbB-2,"[{""chain_id"": ""B"", ""chain_role"": ""heavy"", ""wt_residue"": ""Y"", ""mutant_residue"": ""F"", ""residue_position"": 105, ""insertion_code"": null, ""aligned_interface_position"": 105, ""flat_residue_index"": 104, ""interface_region"": ""core"", ""is_alanine_scanning"": false}]",bounded,0.8540034068744161,5,,310.0,12206766,
1N8Z_AB_C_YB109V_942,1N8Z,Herceptin :: erbB-2,"[{""chain_id"": ""B"", ""chain_role"": ""heavy"", ""wt_residue"": ""Y"", ""mutant_residue"": ""V"", ""residue_position"": 109, ""insertion_code"": null, ""aligned_interface_position"": 109, ""flat_residue_index"": 108, ""interface_region"": ""interior"", ""is_alanine_scanning"": false}]",bounded,0.23192269799517373,5,,310.0,12206766,
1NCA_N_LH_DH97K_152,1NCA,Antibody NC41 scFv :: Subtype N9 neuraminidase,"[{""chain_id"": ""H"", ""chain_role"": ""heavy"", ""wt_residue"": ""D"", ""mutant_residue"": ""K"", ""residue_position"": 97, ""insertion_code"": null, ""aligned_interface_position"": 101, ""flat_residue_index"": 100, ""interface_region"": ""core"", ""is_alanine_scanning"": false}]",bounded,0.7141599834362354,5,,298.0,9692956,
1NCA_N_LH_EH96D_151,1NCA,Antibody NC41 scFv :: Subtype N9 neuraminidase,"[{""chain_id"": ""H"", ""chain_role"": ""heavy"", ""wt_residue"": ""E"", ""mutant_residue"": ""D"", ""residue_position"": 96, ""insertion_code"": null, ""aligned_interface_position"": 100, ""flat_residue_index"": 99, ""interface_region"": ""core"", ""is_alanine_scanning"": false}]",bounded,0.4104726052396387,5,,298.0,9692956,
1NCA_N_LH_NH31Q_150,1NCA,Antibody NC41 scFv :: Subtype N9 neuraminidase,"[{""chain_id"": ""H"", ""chain_role"": ""heavy"", ""wt_residue"": ""N"", ""mutant_residue"": ""Q"", ""residue_position"": 31, ""insertion_code"": null, ""aligned_interface_position"": 31, ""flat_residue_index"": 30, ""interface_region"": ""core"", ""is_alanine_scanning"": false}]",bounded,0.0,5,,298.0,9692956,
1NCA_N_LH_NH98Q_153,1NCA,Antibody NC41 scFv :: Subtype N9 neuraminidase,"[{""chain_id"": ""H"", ""chain_role"": ""heavy"", ""wt_residue"": ""N"", ""mutant_residue"": ""Q"", ""residue_position"": 98, ""insertion_code"": null, ""aligned_interface_position"": 102, ""flat_residue_index"": 101, ""interface_region"": ""core"", ""is_alanine_scanning"": false}]",bounded,0.5426152690478879,5,,298.0,9692956,
1NMB_N_LH_DH56E_330,1NMB,Antibody NC10 :: Subtype N9 neuraminidase,"[{""chain_id"": ""H"", ""chain_role"": ""heavy"", ""wt_residue"": ""D"", ""mutant_residue"": ""E"", ""residue_position"": 56, ""insertion_code"": null, ""aligned_interface_position"": 57, ""flat_residue_index"": 56, ""interface_region"": ""core"", ""is_alanine_scanning"": false}]",bounded,2.9536280407801936,7,,298.0,9579662,
1NMB_N_LH_DH56N_329,1NMB,Antibody NC10 :: Subtype N9 neuraminidase,"[{""chain_id"": ""H"", ""chain_role"": ""heavy"", ""wt_residue"": ""D"", ""mutant_residue"": ""N"", ""residue_position"": 56, ""insertion_code"": null, ""aligned_interface_position"": 57, ""flat_residue_index"": 56, ""interface_region"": ""core"", ""is_alanine_scanning"": false}]",bounded,2.9536280407801936,7,,298.0,9579662,
1NMB_N_LH_LL94V_336,1NMB,Antibody NC10 :: Subtype N9 neuraminidase,"[{""chain_id"": ""L"", ""chain_role"": ""light"", ""wt_residue"": ""L"", ""mutant_residue"": ""V"", ""residue_position"": 94, ""insertion_code"": null, ""aligned_interface_position"": 94, ""flat_residue_index"": 215, ""interface_region"": ""core"", ""is_alanine_scanning"": false}]",bounded,0.900020737508886,5,,298.0,9579662,
1NMB_N_LH_TL93W_335,1NMB,Antibody NC10 :: Subtype N9 neuraminidase,"[{""chain_id"": ""L"", ""chain_role"": ""light"", ""wt_residue"": ""T"", ""mutant_residue"": ""W"", ""residue_position"": 93, ""insertion_code"": null, ""aligned_interface_position"": 93, ""flat_residue_index"": 214, ""interface_region"": ""core"", ""is_alanine_scanning"": false}]",bounded,0.18419002708563262,5,,298.0,9579662,
1NMB_N_LH_YH100aF_332,1NMB,Antibody NC10 :: Subtype N9 neuraminidase,"[{""chain_id"": ""H"", ""chain_role"": ""heavy"", ""wt_residue"": ""Y"", ""mutant_residue"": ""F"", ""residue_position"": 100, ""insertion_code"": ""a"", ""aligned_interface_position"": 105, ""flat_residue_index"": 104, ""interface_region"": ""core"", ""is_alanine_scanning"": false}]",bounded,1.4194100182545801,6,,298.0,9579662,
1NMB_N_LH_YH99A_331,1NMB,Antibody NC10 :: Subtype N9 neuraminidase,"[{""chain_id"": ""H"", ""chain_role"": ""heavy"", ""wt_residue"": ""Y"", ""mutant_residue"": ""A"", ""residue_position"": 99, ""insertion_code"": null, ""aligned_interface_position"": 103, ""flat_residue_index"": 102, ""interface_region"": ""rim"", ""is_alanine_scanning"": true}]",bounded,2.140619927715105,7,,298.0,9579662,
1NMB_N_LH_YL32F_333,1NMB,Antibody NC10 :: Subtype N9 neuraminidase,"[{""chain_id"": ""L"", ""chain_role"": ""light"", ""wt_residue"": ""Y"", ""mutant_residue"": ""F"", ""residue_position"": 32, ""insertion_code"": null, ""aligned_interface_position"": 32, ""flat_residue_index"": 153, ""interface_region"": ""core"", ""is_alanine_scanning"": false}]",bounded,0.4663221439670534,5,,298.0,9579662,
"1VFB_AB_C_DB100A,SC24A_369",1VFB,IgG1-kappa D1.3 Fv :: HEW Lysozyme,"[{""chain_id"": ""B"", ""chain_role"": ""heavy"", ""wt_residue"": ""D"", ""mutant_residue"": ""A"", ""residue_position"": 100, ""insertion_code"": null, ""aligned_interface_position"": 100, ""flat_residue_index"": 99, ""interface_region"": ""core"", ""is_alanine_scanning"": true}, {""chain_id"": ""C"", ""chain_role"": ""antigen"", ""wt_residue"": ""S"", ""mutant_residue"": ""A"", ""residue_position"": 24, ""insertion_code"": null, ""aligned_interface_position"": 24, ""flat_residue_index"": 246, ""interface_region"": ""core"", ""is_alanine_scanning"": true}]",bounded,3.369755710583035,8,,298.0,9609690,
1VFB_AB_C_DB100A_77,1VFB,IgG1-kappa D1.3 Fv :: HEW Lysozyme,"[{""chain_id"": ""B"", ""chain_role"": ""heavy"", ""wt_residue"": ""D"", ""mutant_residue"": ""A"", ""residue_position"": 100, ""insertion_code"": null, ""aligned_interface_position"": 100, ""flat_residue_index"": 99, ""interface_region"": ""core"", ""is_alanine_scanning"": true}]",bounded,3.070244891596057,8,,298.0,8703938,
"1VFB_AB_C_DB54A,TC118A_368",1VFB,IgG1-kappa D1.3 Fv :: HEW Lysozyme,"[{""chain_id"": ""B"", ""chain_role"": ""heavy"", ""wt_residue"": ""D"", ""mutant_residue"": ""A"", ""residue_position"": 54, ""insertion_code"": null, ""aligned_interface_position"": 54, ""flat_residue_index"": 53, ""interface_region"": ""rim"", ""is_alanine_scanning"": true}, {""chain_id"": ""C"", ""chain_role"": ""antigen"", ""wt_residue"": ""T"", ""mutant_residue"": ""A"", ""residue_position"": 118, ""insertion_code"": null, ""aligned_interface_position"": 118, ""flat_residue_index"": 340, ""interface_region"": ""core"", ""is_alanine_scanning"": true}]",bounded,1.25464380402111,6,,298.0,9609690,
1VFB_AB_C_DB54A_72,1VFB,IgG1-kappa D1.3 Fv :: HEW Lysozyme,"[{""chain_id"": ""B"", ""chain_role"": ""heavy"", ""wt_residue"": ""D"", ""mutant_residue"": ""A"", ""residue_position"": 54, ""insertion_code"": null, ""aligned_interface_position"": 54, ""flat_residue_index"": 53, ""interface_region"": ""rim"", ""is_alanine_scanning"": true}]",bounded,0.638619910442069,5,,298.0,8703938,
1VFB_AB_C_DB58N_88,1VFB,IgG1-kappa D1.3 Fv :: HEW Lysozyme,"[{""chain_id"": ""B"", ""chain_role"": ""heavy"", ""wt_residue"": ""D"", ""mutant_residue"": ""N"", ""residue_position"": 58, ""insertion_code"": null, ""aligned_interface_position"": 58, ""flat_residue_index"": 57, ""interface_region"": ""rim"", ""is_alanine_scanning"": false}]",bounded,-0.12818153337350302,4,,298.0,17891135,
1VFB_AB_C_DC119A_343,1VFB,IgG1-kappa D1.3 Fv :: HEW Lysozyme,"[{""chain_id"": ""C"", ""chain_role"": ""antigen"", ""wt_residue"": ""D"", ""mutant_residue"": ""A"", ""residue_position"": 119, ""insertion_code"": null, ""aligned_interface_position"": 119, ""flat_residue_index"": 341, ""interface_region"": ""rim"", ""is_alanine_scanning"": true}]",bounded,0.9530878742875266,5,,298.0,9609690,
1VFB_AB_C_DC18A_337,1VFB,IgG1-kappa D1.3 Fv :: HEW Lysozyme,"[{""chain_id"": ""C"", ""chain_role"": ""antigen"", ""wt_residue"": ""D"", ""mutant_residue"": ""A"", ""residue_position"": 18, ""insertion_code"": null, ""aligned_interface_position"": 18, ""flat_residue_index"": 240, ""interface_region"": ""core"", ""is_alanine_scanning"": true}]",bounded,0.34013056411932363,5,,298.0,9609690,
1VFB_AB_C_GB31A_84,1VFB,IgG1-kappa D1.3 Fv :: HEW Lysozyme,"[{""chain_id"": ""B"", ""chain_role"": ""heavy"", ""wt_residue"": ""G"", ""mutant_residue"": ""A"", ""residue_position"": 31, ""insertion_code"": null, ""aligned_interface_position"": 31, ""flat_residue_index"": 30, ""interface_region"": ""core"", ""is_alanine_scanning"": true}]",bounded,0.30646531784412717,5,,298.0,17891135,
1VFB_AB_C_GB31E_85,1VFB,IgG1-kappa D1.3 Fv :: HEW Lysozyme,"[{""chain_id"": ""B"", ""chain_role"": ""heavy"", ""wt_residue"": ""G"", ""mutant_residue"": ""E"", ""residue_position"": 31, ""insertion_code"": null, ""aligned_interface_position"": 31, ""flat_residue_index"": 30, ""interface_region"": ""core"", ""is_alanine_scanning"": false}]",bounded,-0.5097612478124924,4,,298.0,17891135,
1VFB_AB_C_GB31W_86,1VFB,IgG1-kappa D1.3 Fv :: HEW Lysozyme,"[{""chain_id"": ""B"", ""chain_role"": ""heavy"", ""wt_residue"": ""G"", ""mutant_residue"": ""W"", ""residue_position"": 31, ""insertion_code"": null, ""aligned_interface_position"": 31, ""flat_residue_index"": 30, ""interface_region"": ""core"", ""is_alanine_scanning"": false}]",bounded,0.003961130434746185,5,,298.0,17891135,
1VFB_AB_C_HA30A_63,1VFB,IgG1-kappa D1.3 Fv :: HEW Lysozyme,"[{""chain_id"": ""A"", ""chain_role"": ""light"", ""wt_residue"": ""H"", ""mutant_residue"": ""A"", ""residue_position"": 30, ""insertion_code"": null, ""aligned_interface_position"": 30, ""flat_residue_index"": 145, ""interface_region"": ""rim"", ""is_alanine_scanning"": true}]",bounded,0.8448825343528885,5,,298.0,8703938,
1VFB_AB_C_KC116A_341,1VFB,IgG1-kappa D1.3 Fv :: HEW Lysozyme,"[{""chain_id"": ""C"", ""chain_role"": ""antigen"", ""wt_residue"": ""K"", ""mutant_residue"": ""A"", ""residue_position"": 116, ""insertion_code"": null, ""aligned_interface_position"": 116, ""flat_residue_index"": 338, ""interface_region"": ""rim"", ""is_alanine_scanning"": true}]",bounded,0.7134503526838523,5,,298.0,9609690,
1VFB_AB_C_LA46D_94,1VFB,IgG1-kappa D1.3 Fv :: HEW Lysozyme,"[{""chain_id"": ""A"", ""chain_role"": ""light"", ""wt_residue"": ""L"", ""mutant_residue"": ""D"", ""residue_position"": 46, ""insertion_code"": null, ""aligned_interface_position"": 46, ""flat_residue_index"": 161, ""interface_region"": ""interior"", ""is_alanine_scanning"": false}]",ineq,5.62856457214454,,>,298.0,17891135,
1VFB_AB_C_LA46E_95,1VFB,IgG1-kappa D1.3 Fv :: HEW Lysozyme,"[{""chain_id"": ""A"", ""chain_role"": ""light"", ""wt_residue"": ""L"", ""mutant_residue"": ""E"", ""residue_position"": 46, ""insertion_code"": null, ""aligned_interface_position"": 46, ""flat_residue_index"": 161, ""interface_region"": ""interior"", ""is_alanine_scanning"": false}]",ineq,5.62856457214454,,>,298.0,17891135,
1VFB_AB_C_LC129A_348,1VFB,IgG1-kappa D1.3 Fv :: HEW Lysozyme,"[{""chain_id"": ""C"", ""chain_role"": ""antigen"", ""wt_residue"": ""L"", ""mutant_residue"": ""A"", ""residue_position"": 129, ""insertion_code"": null, ""aligned_interface_position"": 129, ""flat_residue_index"": 351, ""interface_region"": ""rim"", ""is_alanine_scanning"": true}]",bounded,0.17154471438834754,5,,298.0,9609690,
1VFB_AB_C_NA31W_92,1VFB,IgG1-kappa D1.3 Fv :: HEW Lysozyme,"[{""chain_id"": ""A"", ""chain_role"": ""light"", ""wt_residue"": ""N"", ""mutant_residue"": ""W"", ""residue_position"": 31, ""insertion_code"": null, ""aligned_interface_position"": 31, ""flat_residue_index"": 146, ""interface_region"": ""surface"", ""is_alanine_scanning"": false}]",bounded,0.17432265403587796,5,,298.0,17891135,
1VFB_AB_C_NC19A_338,1VFB,IgG1-kappa D1.3 Fv :: HEW Lysozyme,"[{""chain_id"": ""C"", ""chain_role"": ""antigen"", ""wt_residue"": ""N"", ""mutant_residue"": ""A"", ""residue_position"": 19, ""insertion_code"": null, ""aligned_interface_position"": 19, ""flat_residue_index"": 241, ""interface_region"": ""core"", ""is_alanine_scanning"": true}]",bounded,0.39608679355813403,5,,298.0,9609690,
1VFB_AB_C_QC121A_345,1VFB,IgG1-kappa D1.3 Fv :: HEW Lysozyme,"[{""chain_id"": ""C"", ""chain_role"": ""antigen"", ""wt_residue"": ""Q"", ""mutant_residue"": ""A"", ""residue_position"": 121, ""insertion_code"": null, ""aligned_interface_position"": 121, ""flat_residue_index"": 343, ""interface_region"": ""core"", ""is_alanine_scanning"": true}]",bounded,2.8769978859466967,7,,298.0,9609690,
1VFB_AB_C_RB99A_76,1VFB,IgG1-kappa D1.3 Fv :: HEW Lysozyme,"[{""chain_id"": ""B"", ""chain_role"": ""heavy"", ""wt_residue"": ""R"", ""mutant_residue"": ""A"", ""residue_position"": 99, ""insertion_code"": null, ""aligned_interface_position"": 99, ""flat_residue_index"": 98, ""interface_region"": ""rim"", ""is_alanine_scanning"": true}]",bounded,-0.09973530101875255,4,,298.0,8703938,
1VFB_AB_C_RB99W_91,1VFB,IgG1-kappa D1.3 Fv :: HEW Lysozyme,"[{""chain_id"": ""B"", ""chain_role"": ""heavy"", ""wt_residue"": ""R"", ""mutant_residue"": ""W"", ""residue_position"": 99, ""insertion_code"": null, ""aligned_interface_position"": 99, ""flat_residue_index"": 98, ""interface_region"": ""rim"", ""is_alanine_scanning"": false}]",bounded,0.7049741466476891,5,,298.0,17891135,
1VFB_AB_C_RB99Y_90,1VFB,IgG1-kappa D1.3 Fv :: HEW Lysozyme,"[{""chain_id"": ""B"", ""chain_role"": ""heavy"", ""wt_residue"": ""R"", ""mutant_residue"": ""Y"", ""residue_position"": 99, ""insertion_code"": null, ""aligned_interface_position"": 99, ""flat_residue_index"": 98, ""interface_region"": ""rim"", ""is_alanine_scanning"": false}]",bounded,1.2353789461536624,6,,298.0,17891135,
1VFB_AB_C_RC125A_347,1VFB,IgG1-kappa D1.3 Fv :: HEW Lysozyme,"[{""chain_id"": ""C"", ""chain_role"": ""antigen"", ""wt_residue"": ""R"", ""mutant_residue"": ""A"", ""residue_position"": 125, ""insertion_code"": null, ""aligned_interface_position"": 125, ""flat_residue_index"": 347, ""interface_region"": ""rim"", ""is_alanine_scanning"": true}]",bounded,1.8368997505725106,6,,298.0,9609690,
1VFB_AB_C_SA93A_68,1VFB,IgG1-kappa D1.3 Fv :: HEW Lysozyme,"[{""chain_id"": ""A"", ""chain_role"": ""light"", ""wt_residue"": ""S"", ""mutant_residue"": ""A"", ""residue_position"": 93, ""insertion_code"": null, ""aligned_interface_position"": 93, ""flat_residue_index"": 208, ""interface_region"": ""rim"", ""is_alanine_scanning"": true}]",bounded,0.3431239325417265,5,,298.0,8703938,
1VFB_AB_C_SB28D_82,1VFB,IgG1-kappa D1.3 Fv :: HEW Lysozyme,"[{""chain_id"": ""B"", ""chain_role"": ""heavy"", ""wt_residue"": ""S"", ""mutant_residue"": ""D"", ""residue_position"": 28, ""insertion_code"": null, ""aligned_interface_position"": 28, ""flat_residue_index"": 27, ""interface_region"": ""surface"", ""is_alanine_scanning"": false}]",bounded,0.0,5,,298.0,17891135,
1VFB_AB_C_SB28E_83,1VFB,IgG1-kappa D1.3 Fv :: HEW Lysozyme,"[{""chain_id"": ""B"", ""chain_role"": ""heavy"", ""wt_residue"": ""S"", ""mutant_residue"": ""E"", ""residue_position"": 28, ""insertion_code"": null, ""aligned_interface_position"": 28, ""flat_residue_index"": 27, ""interface_region"": ""surface"", ""is_alanine_scanning"": false}]",bounded,-0.10400728739551152,4,,298.0,17891135,
1VFB_AB_C_SB28N_80,1VFB,IgG1-kappa D1.3 Fv :: HEW Lysozyme,"[{""chain_id"": ""B"", ""chain_role"": ""heavy"", ""wt_residue"": ""S"", ""mutant_residue"": ""N"", ""residue_position"": 28, ""insertion_code"": null, ""aligned_interface_position"": 28, ""flat_residue_index"": 27, ""interface_region"": ""surface"", ""is_alanine_scanning"": false}]",bounded,0.14394744258140277,5,,298.0,17891135,
1VFB_AB_C_SB28Q_81,1VFB,IgG1-kappa D1.3 Fv :: HEW Lysozyme,"[{""chain_id"": ""B"", ""chain_role"": ""heavy"", ""wt_residue"": ""S"", ""mutant_residue"": ""Q"", ""residue_position"": 28, ""insertion_code"": null, ""aligned_interface_position"": 28, ""flat_residue_index"": 27, ""interface_region"": ""surface"", ""is_alanine_scanning"": false}]",bounded,0.07808109053731642,5,,298.0,17891135,
1VFB_AB_C_SC24A_340,1VFB,IgG1-kappa D1.3 Fv :: HEW Lysozyme,"[{""chain_id"": ""C"", ""chain_role"": ""antigen"", ""wt_residue"": ""S"", ""mutant_residue"": ""A"", ""residue_position"": 24, ""insertion_code"": null, ""aligned_interface_position"": 24, ""flat_residue_index"": 246, ""interface_region"": ""core"", ""is_alanine_scanning"": true}]",bounded,0.8509650032222734,5,,298.0,9609690,
1VFB_AB_C_TA52F_98,1VFB,IgG1-kappa D1.3 Fv :: HEW Lysozyme,"[{""chain_id"": ""A"", ""chain_role"": ""light"", ""wt_residue"": ""T"", ""mutant_residue"": ""F"", ""residue_position"": 52, ""insertion_code"": null, ""aligned_interface_position"": 52, ""flat_residue_index"": 167, ""interface_region"": ""rim"", ""is_alanine_scanning"": false}]",bounded,0.47087516529765133,5,,298.0,17891135,
1VFB_AB_C_TA53R_99,1VFB,IgG1-kappa D1.3 Fv :: HEW Lysozyme,"[{""chain_id"": ""A"", ""chain_role"": ""light"", ""wt_residue"": ""T"", ""mutant_residue"": ""R"", ""residue_position"": 53, ""insertion_code"": null, ""aligned_interface_position"": 53, ""flat_residue_index"": 168, ""interface_region"": ""core"", ""is_alanine_scanning"": false}]",bounded,1.6458515513933012,6,,298.0,17891135,
1VFB_AB_C_TC118A_342,1VFB,IgG1-kappa D1.3 Fv :: HEW Lysozyme,"[{""chain_id"": ""C"", ""chain_role"": ""antigen"", ""wt_residue"": ""T"", ""mutant_residue"": ""A"", ""residue_position"": 118, ""insertion_code"": null, ""aligned_interface_position"": 118, ""flat_residue_index"": 340, ""interface_region"": ""core"", ""is_alanine_scanning"": true}]",bounded,0.7650956717518629,5,,298.0,9609690,
1VFB_AB_C_VC120A_344,1VFB,IgG1-kappa D1.3 Fv :: HEW Lysozyme,"[{""chain_id"": ""C"", ""chain_role"": ""antigen"", ""wt_residue"": ""V"", ""mutant_residue"": ""A"", ""residue_position"": 120, ""insertion_code"": null, ""aligned_interface_position"": 120, ""flat_residue_index"": 342, ""interface_region"": ""support"", ""is_alanine_scanning"": true}]",bounded,0.9169498518734585,5,,298.0,9609690,
"1VFB_AB_C_WA92A,LC129A_365",1VFB,IgG1-kappa D1.3 Fv :: HEW Lysozyme,"[{""chain_id"": ""A"", ""chain_role"": ""light"", ""wt_residue"": ""W"", ""mutant_residue"": ""A"", ""residue_position"": 92, ""insertion_code"": null, ""aligned_interface_position"": 92, ""flat_residue_index"": 207, ""interface_region"": ""core"", ""is_alanine_scanning"": true}, {""chain_id"": ""C"", ""chain_role"": ""antigen"", ""wt_residue"": ""L"", ""mutant_residue"": ""A"", ""residue_position"": 129, ""insertion_code"": null, ""aligned_interface_position"": 129, ""flat_residue_index"": 351, ""interface_region"": ""rim"", ""is_alanine_scanning"": true}]",bounded,3.3073626048121616,8,,298.0,9609690,
"1VFB_AB_C_WA92A,QC121A_362",1VFB,IgG1-kappa D1.3 Fv :: HEW Lysozyme,"[{""chain_id"": ""A"", ""chain_role"": ""light"", ""wt_residue"": ""W"", ""mutant_residue"": ""A"", ""residue_position"": 92, ""insertion_code"": null, ""aligned_interface_position"": 92, ""flat_residue_index"": 207, ""interface_region"": ""core"", ""is_alanine_scanning"": true}, {""chain_id"": ""C"", ""chain_role"": ""antigen"", ""wt_residue"": ""Q"", ""mutant_residue"": ""A"", ""residue_position"": 121, ""insertion_code"": null, ""aligned_interface_position"": 121, ""flat_residue_index"": 343, ""interface_region"": ""core"", ""is_alanine_scanning"": true}]",bounded,3.5189363566285787,8,,298.0,9609690,
"1VFB_AB_C_WA92A,RC125A_364",1VFB,IgG1-kappa D1.3 Fv :: HEW Lysozyme,"[{""chain_id"": ""A"", ""chain_role"": ""light"", ""wt_residue"": ""W"", ""mutant_residue"": ""A"", ""residue_position"": 92, ""insertion_code"": null, ""aligned_interface_position"": 92, ""flat_residue_index"": 207, ""interface_region"": ""core"", ""is_alanine_scanning"": true}, {""chain_id"": ""C"", ""chain_role"": ""antigen"", ""wt_residue"": ""R"", ""mutant_residue"": ""A"", ""residue_position"": 125, ""insertion_code"": null, ""aligned_interface_position"": 125, ""flat_residue_index"": 347, ""interface_region"": ""rim"", ""is_alanine_scanning"": true}]",bounded,3.393289408319017,8,,298.0,9609690,
"1VFB_AB_C_WB52A,DC119A_367",1VFB,IgG1-kappa D1.3 Fv :: HEW Lysozyme,"[{""chain_id"": ""B"", ""chain_role"": ""heavy"", ""wt_residue"": ""W"", ""mutant_residue"": ""A"", ""residue_position"": 52, ""insertion_code"": null, ""aligned_interface_position"": 52, ""flat_residue_index"": 51, ""interface_region"": ""core"", ""is_alanine_scanning"": true}, {""chain_id"": ""C"", ""chain_role"": ""antigen"", ""wt_residue"": ""D"", ""mutant_residue"": ""A"", ""residue_position"": 119, ""insertion_code"": null, ""aligned_interface_position"": 119, ""flat_residue_index"": 341, ""interface_region"": ""rim"", ""is_alanine_scanning"": true}]",bounded,2.247372355812149,7,,298.0,9609690,
1VFB_AB_C_WB52A_71,1VFB,IgG1-kappa D1.3 Fv :: HEW Lysozyme,"[{""chain_id"": ""B"", ""chain_role"": ""heavy"", ""wt_residue"": ""W"", ""mutant_residue"": ""A"", ""residue_position"": 52, ""insertion_code"": null, ""aligned_interface_position"": 52, ""flat_residue_index"": 51, ""interface_region"": ""core"", ""is_alanine_scanning"": true}]",bounded,0.36430481009731513,5,,298.0,8703938,
"1VFB_AB_C_YA32A,IC124A_359",1VFB,IgG1-kappa D1.3 Fv :: HEW Lysozyme,"[{""chain_id"": ""A"", ""chain_role"": ""light"", ""wt_residue"": ""Y"", ""mutant_residue"": ""A"", ""residue_position"": 32, ""insertion_code"": null, ""aligned_interface_position"": 32, ""flat_residue_index"": 147, ""interface_region"": ""core"", ""is_alanine_scanning"": true}, {""chain_id"": ""C"", ""chain_role"": ""antigen"", ""wt_residue"": ""I"", ""mutant_residue"": ""A"", ""residue_position"": 124, ""insertion_code"": null, ""aligned_interface_position"": 124, ""flat_residue_index"": 346, ""interface_region"": ""support"", ""is_alanine_scanning"": true}]",bounded,2.905715599466968,7,,298.0,9609690,
"1VFB_AB_C_YA32A,QC121A_358",1VFB,IgG1-kappa D1.3 Fv :: HEW Lysozyme,"[{""chain_id"": ""A"", ""chain_role"": ""light"", ""wt_residue"": ""Y"", ""mutant_residue"": ""A"", ""residue_position"": 32, ""insertion_code"": null, ""aligned_interface_position"": 32, ""flat_residue_index"": 147, ""interface_region"": ""core"", ""is_alanine_scanning"": true}, {""chain_id"": ""C"", ""chain_role"": ""antigen"", ""wt_residue"": ""Q"", ""mutant_residue"": ""A"", ""residue_position"": 121, ""insertion_code"": null, ""aligned_interface_position"": 121, ""flat_residue_index"": 343, ""interface_region"": ""core"", ""is_alanine_scanning"": true}]",bounded,1.5860408822311403,6,,298.0,9609690,
1VFB_AB_C_YA32A_64,1VFB,IgG1-kappa D1.3 Fv :: HEW Lysozyme,"[{""chain_id"": ""A"", ""chain_role"": ""light"", ""wt_residue"": ""Y"", ""mutant_residue"": ""A"", ""residue_position"": 32, ""insertion_code"": null, ""aligned_interface_position"": 32, ""flat_residue_index"": 147, ""interface_region"": ""core"", ""is_alanine_scanning"": true}]",bounded,1.339386233549174,6,,298.0,8703938,
1VFB_AB_C_YA32W_93,1VFB,IgG1-kappa D1.3 Fv :: HEW Lysozyme,"[{""chain_id"": ""A"", ""chain_role"": ""light"", ""wt_residue"": ""Y"", ""mutant_residue"": ""W"", ""residue_position"": 32, ""insertion_code"": null, ""aligned_interface_position"": 32, ""flat_residue_index"": 147, ""interface_region"": ""core"", ""is_alanine_scanning"": false}]",ineq,5.62856457214454,,>,298.0,17891135,
"1VFB_AB_C_YA50A,DC119A_361",1VFB,IgG1-kappa D1.3 Fv :: HEW Lysozyme,"[{""chain_id"": ""A"", ""chain_role"": ""light"", ""wt_residue"": ""Y"", ""mutant_residue"": ""A"", ""residue_position"": 50, ""insertion_code"": null, ""aligned_interface_position"": 50, ""flat_residue_index"": 165, ""interface_region"": ""core"", ""is_alanine_scanning"": true}, {""chain_id"": ""C"", ""chain_role"": ""antigen"", ""wt_residue"": ""D"", ""mutant_residue"": ""A"", ""residue_position"": 119, ""insertion_code"": null, ""aligned_interface_position"": 119, ""flat_residue_index"": 341, ""interface_region"": ""rim"", ""is_alanine_scanning"": true}]",bounded,1.231417815718916,6,,298.0,9609690,
"1VFB_AB_C_YA50A,DC18A_360",1VFB,IgG1-kappa D1.3 Fv :: HEW Lysozyme,"[{""chain_id"": ""A"", ""chain_role"": ""light"", ""wt_residue"": ""Y"", ""mutant_residue"": ""A"", ""residue_position"": 50, ""insertion_code"": null, ""aligned_interface_position"": 50, ""flat_residue_index"": 165, ""interface_region"": ""core"", ""is_alanine_scanning"": true}, {""chain_id"": ""C"", ""chain_role"": ""antigen"", ""wt_residue"": ""D"", ""mutant_residue"": ""A"", ""residue_position"": 18, ""insertion_code"": null, ""aligned_interface_position"": 18, ""flat_residue_index"": 240, ""interface_region"": ""core"", ""is_alanine_scanning"": true}]",bounded,1.265923893494196,6,,298.0,9609690,
1VFB_AB_C_YA50A_66,1VFB,IgG1-kappa D1.3 Fv :: HEW Lysozyme,"[{""chain_id"": ""A"", ""chain_role"": ""light"", ""wt_residue"": ""Y"", ""mutant_residue"": ""A"", ""residue_position"": 50, ""insertion_code"": null, ""aligned_interface_position"": 50, ""flat_residue_index"": 165, ""interface_region"": ""core"", ""is_alanine_scanning"": true}]",bounded,0.38783850783329654,5,,298.0,8703938,
1VFB_AB_C_YA50K_97,1VFB,IgG1-kappa D1.3 Fv :: HEW Lysozyme,"[{""chain_id"": ""A"", ""chain_role"": ""light"", ""wt_residue"": ""Y"", ""mutant_residue"": ""K"", ""residue_position"": 50, ""insertion_code"": null, ""aligned_interface_position"": 50, ""flat_residue_index"": 165, ""interface_region"": ""core"", ""is_alanine_scanning"": false}]",bounded,1.7156011094306765,6,,298.0,17891135,
1VFB_AB_C_YA50R_96,1VFB,IgG1-kappa D1.3 Fv :: HEW Lysozyme,"[{""chain_id"": ""A"", ""chain_role"": ""light"", ""wt_residue"": ""Y"", ""mutant_residue"": ""R"", ""residue_position"": 50, ""insertion_code"": null, ""aligned_interface_position"": 50, ""flat_residue_index"": 165, ""interface_region"": ""core"", ""is_alanine_scanning"": false}]",bounded,0.8443240409018189,5,,298.0,17891135,
"1VFB_AB_C_YB101F,DC119A_370",1VFB,IgG1-kappa D1.3 Fv :: HEW Lysozyme,"[{""chain_id"": ""B"", ""chain_role"": ""heavy"", ""wt_residue"": ""Y"", ""mutant_residue"": ""F"", ""residue_position"": 101, ""insertion_code"": null, ""aligned_interface_position"": 101, ""flat_residue_index"": 100, ""interface_region"": ""core"", ""is_alanine_scanning"": false}, {""chain_id"": ""C"", ""chain_role"": ""antigen"", ""wt_residue"": ""D"", ""mutant_residue"": ""A"", ""residue_position"": 119, ""insertion_code"": null, ""aligned_interface_position"": 119, ""flat_residue_index"": 341, ""interface_region"": ""rim"", ""is_alanine_scanning"": true}]",bounded,2.73652094676949,7,,298.0,9609690,
"1VFB_AB_C_YB101F,VC120A_371",1VFB,IgG1-kappa D1.3 Fv :: HEW Lysozyme,"[{""chain_id"": ""B"", ""chain_role"": ""heavy"", ""wt_residue"": ""Y"", ""mutant_residue"": ""F"", ""residue_position"": 101, ""insertion_code"": null, ""aligned_interface_position"": 101, ""flat_residue_index"": 100, ""interface_region"": ""core"", ""is_alanine_scanning"": false}, {""chain_id"": ""C"", ""chain_role"": ""antigen"", ""wt_residue"": ""V"", ""mutant_residue"": ""A"", ""residue_position"": 120, ""insertion_code"": null, ""aligned_interface_position"": 120, ""flat_residue_index"": 342, ""interface_region"": ""support"", ""is_alanine_scanning"": true}]",bounded,2.5384776439824837,7,,298.0,9609690,
"1VFB_AB_C_YB32A,KC116A_366",1VFB,IgG1-kappa D1.3 Fv :: HEW Lysozyme,"[{""chain_id"": ""B"", ""chain_role"": ""heavy"", ""wt_residue"": ""Y"", ""mutant_residue"": ""A"", ""residue_position"": 32, ""insertion_code"": null, ""aligned_interface_position"": 32, ""flat_residue_index"": 31, ""interface_region"": ""core"", ""is_alanine_scanning"": true}, {""chain_id"": ""C"", ""chain_role"": ""antigen"", ""wt_residue"": ""K"", ""mutant_residue"": ""A"", ""residue_position"": 116, ""insertion_code"": null, ""aligned_interface_position"": 116, ""flat_residue_index"": 338, ""interface_region"": ""rim"", ""is_alanine_scanning"": true}]",bounded,1.5860408822311403,6,,298.0,9609690,
1VFB_AB_C_YB32A_70,1VFB,IgG1-kappa D1.3 Fv :: HEW Lysozyme,"[{""chain_id"": ""B"", ""chain_role"": ""heavy"", ""wt_residue"": ""Y"", ""mutant_residue"": ""A"", ""residue_position"": 32, ""insertion_code"": null, ""aligned_interface_position"": 32, ""flat_residue_index"": 31, ""interface_region"": ""core"", ""is_alanine_scanning"": true}]",bounded,0.46014611214637,5,,298.0,8703938,
1VFB_AB_C_YB32E_87,1VFB,IgG1-kappa D1.3 Fv :: HEW Lysozyme,"[{""chain_id"": ""B"", ""chain_role"": ""heavy"", ""wt_residue"": ""Y"", ""mutant_residue"": ""E"", ""residue_position"": 32, ""insertion_code"": null, ""aligned_interface_position"": 32, ""flat_residue_index"": 31, ""interface_region"": ""core"", ""is_alanine_scanning"": false}]",bounded,1.9021879436603584,6,,298.0,17891135,
1VFB_AB_C_YC23A_339,1VFB,IgG1-kappa D1.3 Fv :: HEW Lysozyme,"[{""chain_id"": ""C"", ""chain_role"": ""antigen"", ""wt_residue"": ""Y"", ""mutant_residue"": ""A"", ""residue_position"": 23, ""insertion_code"": null, ""aligned_interface_position"": 23, ""flat_residue_index"": 245, ""interface_region"": ""support"", ""is_alanine_scanning"": true}]",bounded,0.4104726052396387,5,,298.0,9609690,
1XGP_AB_C_AB33F_529,1XGP,HyHEL-63 fab :: HEW Lysozyme,"[{""chain_id"": ""B"", ""chain_role"": ""heavy"", ""wt_residue"": ""A"", ""mutant_residue"": ""F"", ""residue_position"": 33, ""insertion_code"": null, ""aligned_interface_position"": 33, ""flat_residue_index"": 32, ""interface_region"": ""support"", ""is_alanine_scanning"": false}]",bounded,-4.0606616458385005,0,,298.0,15698573,Crystal structure is one of the mutants in the paper. This mutant is taken as 'wild-type' and is mutated to another mutant.
1XGP_AB_C_AB33V_532,1XGP,HyHEL-63 fab :: HEW Lysozyme,"[{""chain_id"": ""B"", ""chain_role"": ""heavy"", ""wt_residue"": ""A"", ""mutant_residue"": ""V"", ""residue_position"": 33, ""insertion_code"": null, ""aligned_interface_position"": 33, ""flat_residue_index"": 32, ""interface_region"": ""support"", ""is_alanine_scanning"": false}]",bounded,-1.152579210793688,3,,298.0,15698573,Crystal structure is one of the mutants in the paper. This mutant is taken as 'wild-type' and is mutated to another mutant.
1XGQ_AB_C_VB33A_536,1XGQ,HyHEL-63 fab :: HEW Lysozyme,"[{""chain_id"": ""B"", ""chain_role"": ""heavy"", ""wt_residue"": ""V"", ""mutant_residue"": ""A"", ""residue_position"": 33, ""insertion_code"": null, ""aligned_interface_position"": 33, ""flat_residue_index"": 32, ""interface_region"": ""support"", ""is_alanine_scanning"": true}]",bounded,1.152579210793688,6,,298.0,15698573,Crystal structure is one of the mutants in the paper. This mutant is taken as 'wild-type' and is mutated to another mutant.
1XGQ_AB_C_VB33F_533,1XGQ,HyHEL-63 fab :: HEW Lysozyme,"[{""chain_id"": ""B"", ""chain_role"": ""heavy"", ""wt_residue"": ""V"", ""mutant_residue"": ""F"", ""residue_position"": 33, ""insertion_code"": null, ""aligned_interface_position"": 33, ""flat_residue_index"": 32, ""interface_region"": ""support"", ""is_alanine_scanning"": false}]",bounded,-2.908082435044812,2,,298.0,15698573,Crystal structure is one of the mutants in the paper. This mutant is taken as 'wild-type' and is mutated to another mutant.
1XGQ_AB_C_VB33I_535,1XGQ,HyHEL-63 fab :: HEW Lysozyme,"[{""chain_id"": ""B"", ""chain_role"": ""heavy"", ""wt_residue"": ""V"", ""mutant_residue"": ""I"", ""residue_position"": 33, ""insertion_code"": null, ""aligned_interface_position"": 33, ""flat_residue_index"": 32, ""interface_region"": ""support"", ""is_alanine_scanning"": false}]",bounded,-1.1076277133977375,3,,298.0,15698573,Crystal structure is one of the mutants in the paper. This mutant is taken as 'wild-type' and is mutated to another mutant.
1XGQ_AB_C_VB33L_534,1XGQ,HyHEL-63 fab :: HEW Lysozyme,"[{""chain_id"": ""B"", ""chain_role"": ""heavy"", ""wt_residue"": ""V"", ""mutant_residue"": ""L"", ""residue_position"": 33, ""insertion_code"": null, ""aligned_interface_position"": 33, ""flat_residue_index"": 32, ""interface_region"": ""support"", ""is_alanine_scanning"": false}]",bounded,-1.0463122908942593,3,,298.0,15698573,Crystal structure is one of the mutants in the paper. This mutant is taken as 'wild-type' and is mutated to another mutant.
1XGR_AB_C_IB33A_540,1XGR,HyHEL-63 fab :: HEW Lysozyme,"[{""chain_id"": ""B"", ""chain_role"": ""heavy"", ""wt_residue"": ""I"", ""mutant_residue"": ""A"", ""residue_position"": 33, ""insertion_code"": null, ""aligned_interface_position"": 33, ""flat_residue_index"": 32, ""interface_region"": ""support"", ""is_alanine_scanning"": true}]",bounded,2.2602069241914258,7,,298.0,15698573,Crystal structure is one of the mutants in the paper. This mutant is taken as 'wild-type' and is mutated to another mutant.
1XGR_AB_C_IB33L_538,1XGR,HyHEL-63 fab :: HEW Lysozyme,"[{""chain_id"": ""B"", ""chain_role"": ""heavy"", ""wt_residue"": ""I"", ""mutant_residue"": ""L"", ""residue_position"": 33, ""insertion_code"": null, ""aligned_interface_position"": 33, ""flat_residue_index"": 32, ""interface_region"": ""support"", ""is_alanine_scanning"": false}]",bounded,0.061315422503478205,5,,298.0,15698573,Crystal structure is one of the mutants in the paper. This mutant is taken as 'wild-type' and is mutated to another mutant.
1XGR_AB_C_IB33V_539,1XGR,HyHEL-63 fab :: HEW Lysozyme,"[{""chain_id"": ""B"", ""chain_role"": ""heavy"", ""wt_residue"": ""I"", ""mutant_residue"": ""V"", ""residue_position"": 33, ""insertion_code"": null, ""aligned_interface_position"": 33, ""flat_residue_index"": 32, ""interface_region"": ""support"", ""is_alanine_scanning"": false}]",bounded,1.1076277133977375,6,,298.0,15698573,Crystal structure is one of the mutants in the paper. This mutant is taken as 'wild-type' and is mutated to another mutant.
1XGT_AB_C_LB33F_541,1XGT,HyHEL-63 fab :: HEW Lysozyme,"[{""chain_id"": ""B"", ""chain_role"": ""heavy"", ""wt_residue"": ""L"", ""mutant_residue"": ""F"", ""residue_position"": 33, ""insertion_code"": null, ""aligned_interface_position"": 33, ""flat_residue_index"": 32, ""interface_region"": ""support"", ""is_alanine_scanning"": false}]",bounded,-1.8617701441505525,3,,298.0,15698573,Crystal structure is one of the mutants in the paper. This mutant is taken as 'wild-type' and is mutated to another mutant.
1XGT_AB_C_LB33I_542,1XGT,HyHEL-63 fab :: HEW Lysozyme,"[{""chain_id"": ""B"", ""chain_role"": ""heavy"", ""wt_residue"": ""L"", ""mutant_residue"": ""I"", ""residue_position"": 33, ""insertion_code"": null, ""aligned_interface_position"": 33, ""flat_residue_index"": 32, ""interface_region"": ""support"", ""is_alanine_scanning"": false}]",bounded,-0.061315422503478184,4,,298.0,15698573,Crystal structure is one of the mutants in the paper. This mutant is taken as 'wild-type' and is mutated to another mutant.
1XGT_AB_C_LB33V_543,1XGT,HyHEL-63 fab :: HEW Lysozyme,"[{""chain_id"": ""B"", ""chain_role"": ""heavy"", ""wt_residue"": ""L"", ""mutant_residue"": ""V"", ""residue_position"": 33, ""insertion_code"": null, ""aligned_interface_position"": 33, ""flat_residue_index"": 32, ""interface_region"": ""support"", ""is_alanine_scanning"": false}]",bounded,1.0463122908942593,6,,298.0,15698573,Crystal structure is one of the mutants in the paper. This mutant is taken as 'wild-type' and is mutated to another mutant.
1XGU_AB_C_FB33I_526,1XGU,HyHEL-63 fab :: HEW Lysozyme,"[{""chain_id"": ""B"", ""chain_role"": ""heavy"", ""wt_residue"": ""F"", ""mutant_residue"": ""I"", ""residue_position"": 33, ""insertion_code"": null, ""aligned_interface_position"": 33, ""flat_residue_index"": 32, ""interface_region"": ""core"", ""is_alanine_scanning"": false}]",bounded,1.8004547216470745,6,,298.0,15698573,Crystal structure is one of the mutants in the paper. This mutant is taken as 'wild-type' and is mutated to another mutant.
1XGU_AB_C_FB33V_527,1XGU,HyHEL-63 fab :: HEW Lysozyme,"[{""chain_id"": ""B"", ""chain_role"": ""heavy"", ""wt_residue"": ""F"", ""mutant_residue"": ""V"", ""residue_position"": 33, ""insertion_code"": null, ""aligned_interface_position"": 33, ""flat_residue_index"": 32, ""interface_region"": ""core"", ""is_alanine_scanning"": false}]",bounded,2.908082435044812,7,,298.0,15698573,Crystal structure is one of the mutants in the paper. This mutant is taken as 'wild-type' and is mutated to another mutant.
1YQV_HL_Y_RY45K_1202,1YQV,HyHEL-5 fab :: HEW Lysozyme,"[{""chain_id"": ""Y"", ""chain_role"": ""antigen"", ""wt_residue"": ""R"", ""mutant_residue"": ""K"", ""residue_position"": 45, ""insertion_code"": null, ""aligned_interface_position"": 45, ""flat_residue_index"": 470, ""interface_region"": ""core"", ""is_alanine_scanning"": false}]",bounded,1.899504022610373,6,,283.0,9252107,
"1YQV_HL_Y_RY68K,TY40S,IY55V,SY91T,QY121H_1205",1YQV,HyHEL-5 fab :: HEW Lysozyme,"[{""chain_id"": ""Y"", ""chain_role"": ""antigen"", ""wt_residue"": ""R"", ""mutant_residue"": ""K"", ""residue_position"": 68, ""insertion_code"": null, ""aligned_interface_position"": 68, ""flat_residue_index"": 493, ""interface_region"": ""core"", ""is_alanine_scanning"": false}, {""chain_id"": ""Y"", ""chain_role"": ""antigen"", ""wt_residue"": ""T"", ""mutant_residue"": ""S"", ""residue_position"": 40, ""insertion_code"": null, ""aligned_interface_position"": 40, ""flat_residue_index"": 465, ""interface_region"": ""interior"", ""is_alanine_scanning"": false}, {""chain_id"": ""Y"", ""chain_role"": ""antigen"", ""wt_residue"": ""I"", ""mutant_residue"": ""V"", ""residue_position"": 55, ""insertion_code"": null, ""aligned_interface_position"": 55, ""flat_residue_index"": 480, ""interface_region"": ""interior"", ""is_alanine_scanning"": false}, {""chain_id"": ""Y"", ""chain_role"": ""antigen"", ""wt_residue"": ""S"", ""mutant_residue"": ""T"", ""residue_position"": 91, ""insertion_code"": null, ""aligned_interface_position"": 91, ""flat_residue_index"": 516, ""interface_region"": ""interior"", ""is_alanine_scanning"": false}, {""chain_id"": ""Y"", ""chain_role"": ""antigen"", ""wt_residue"": ""Q"", ""mutant_residue"": ""H"", ""residue_position"": 121, ""insertion_code"": null, ""aligned_interface_position"": 121, ""flat_residue_index"": 546, ""interface_region"": ""surface"", ""is_alanine_scanning"": false}]",bounded,0.10076726183773536,5,,283.0,9252107,
"1YQV_HL_Y_RY68K,TY40S,IY55V,SY91T_1208",1YQV,HyHEL-5 fab :: HEW Lysozyme,"[{""chain_id"": ""Y"", ""chain_role"": ""antigen"", ""wt_residue"": ""R"", ""mutant_residue"": ""K"", ""residue_position"": 68, ""insertion_code"": null, ""aligned_interface_position"": 68, ""flat_residue_index"": 493, ""interface_region"": ""core"", ""is_alanine_scanning"": false}, {""chain_id"": ""Y"", ""chain_role"": ""antigen"", ""wt_residue"": ""T"", ""mutant_residue"": ""S"", ""residue_position"": 40, ""insertion_code"": null, ""aligned_interface_position"": 40, ""flat_residue_index"": 465, ""interface_region"": ""interior"", ""is_alanine_scanning"": false}, {""chain_id"": ""Y"", ""chain_role"": ""antigen"", ""wt_residue"": ""I"", ""mutant_residue"": ""V"", ""residue_position"": 55, ""insertion_code"": null, ""aligned_interface_position"": 55, ""flat_residue_index"": 480, ""interface_region"": ""interior"", ""is_alanine_scanning"": false}, {""chain_id"": ""Y"", ""chain_role"": ""antigen"", ""wt_residue"": ""S"", ""mutant_residue"": ""T"", ""residue_position"": 91, ""insertion_code"": null, ""aligned_interface_position"": 91, ""flat_residue_index"": 516, ""interface_region"": ""interior"", ""is_alanine_scanning"": false}]",bounded,5.1002683065424606,9,,283.0,9252107,
1YY9_CD_A_AD98P_498,1YY9,Cetuximab fab :: Epidermal growth factor receptor,"[{""chain_id"": ""D"", ""chain_role"": ""heavy"", ""wt_residue"": ""A"", ""mutant_residue"": ""P"", ""residue_position"": 98, ""insertion_code"": null, ""aligned_interface_position"": 98, ""flat_residue_index"": 97, ""interface_region"": ""interior"", ""is_alanine_scanning"": false}]",bounded,1.037227262223763,6,,298.0,24380763,
1YY9_CD_A_GD54P_497,1YY9,Cetuximab fab :: Epidermal growth factor receptor,"[{""chain_id"": ""D"", ""chain_role"": ""heavy"", ""wt_residue"": ""G"", ""mutant_residue"": ""P"", ""residue_position"": 54, ""insertion_code"": null, ""aligned_interface_position"": 54, ""flat_residue_index"": 53, ""interface_region"": ""core"", ""is_alanine_scanning"": false}]",bounded,0.26807043337527536,5,,298.0,24380763,
1YY9_CD_A_LD29P_494,1YY9,Cetuximab fab :: Epidermal growth factor receptor,"[{""chain_id"": ""D"", ""chain_role"": ""heavy"", ""wt_residue"": ""L"", ""mutant_residue"": ""P"", ""residue_position"": 29, ""insertion_code"": null, ""aligned_interface_position"": 29, ""flat_residue_index"": 28, ""interface_region"": ""interior"", ""is_alanine_scanning"": false}]",bounded,0.030827089989945943,5,,298.0,24380763,
1YY9_CD_A_NC93A_930,1YY9,Cetuximab fab :: Epidermal growth factor receptor,"[{""chain_id"": ""C"", ""chain_role"": ""light"", ""wt_residue"": ""N"", ""mutant_residue"": ""A"", ""residue_position"": 93, ""insertion_code"": null, ""aligned_interface_position"": 93, ""flat_residue_index"": 312, ""interface_region"": ""support"", ""is_alanine_scanning"": true}]",bounded,-0.7418696834496689,4,,298.0,17891135,
1YY9_CD_A_ND56A_931,1YY9,Cetuximab fab :: Epidermal growth factor receptor,"[{""chain_id"": ""D"", ""chain_role"": ""heavy"", ""wt_residue"": ""N"", ""mutant_residue"": ""A"", ""residue_position"": 56, ""insertion_code"": null, ""aligned_interface_position"": 56, ""flat_residue_index"": 55, ""interface_region"": ""core"", ""is_alanine_scanning"": true}]",bounded,-0.057046010372052536,4,,298.0,17891135,
"1YY9_CD_A_SC26D,TC31E,NC93A,ND56A,TD61E_935",1YY9,Cetuximab fab :: Epidermal growth factor receptor,"[{""chain_id"": ""C"", ""chain_role"": ""light"", ""wt_residue"": ""S"", ""mutant_residue"": ""D"", ""residue_position"": 26, ""insertion_code"": null, ""aligned_interface_position"": 26, ""flat_residue_index"": 245, ""interface_region"": ""surface"", ""is_alanine_scanning"": false}, {""chain_id"": ""C"", ""chain_role"": ""light"", ""wt_residue"": ""T"", ""mutant_residue"": ""E"", ""residue_position"": 31, ""insertion_code"": null, ""aligned_interface_position"": 31, ""flat_residue_index"": 250, ""interface_region"": ""surface"", ""is_alanine_scanning"": false}, {""chain_id"": ""C"", ""chain_role"": ""light"", ""wt_residue"": ""N"", ""mutant_residue"": ""A"", ""residue_position"": 93, ""insertion_code"": null, ""aligned_interface_position"": 93, ""flat_residue_index"": 312, ""interface_region"": ""support"", ""is_alanine_scanning"": true}, {""chain_id"": ""D"", ""chain_role"": ""heavy"", ""wt_residue"": ""N"", ""mutant_residue"": ""A"", ""residue_position"": 56, ""insertion_code"": null, ""aligned_interface_position"": 56, ""flat_residue_index"": 55, ""interface_region"": ""core"", ""is_alanine_scanning"": true}, {""chain_id"": ""D"", ""chain_role"": ""heavy"", ""wt_residue"": ""T"", ""mutant_residue"": ""E"", ""residue_position"": 61, ""insertion_code"": null, ""aligned_interface_position"": 61, ""flat_residue_index"": 60, ""interface_region"": ""surface"", ""is_alanine_scanning"": false}]",bounded,-0.6517934662406686,4,,298.0,17891135,
"1YY9_CD_A_SC26D,TC31E,NC93A_934",1YY9,Cetuximab fab :: Epidermal growth factor receptor,"[{""chain_id"": ""C"", ""chain_role"": ""light"", ""wt_residue"": ""S"", ""mutant_residue"": ""D"", ""residue_position"": 26, ""insertion_code"": null, ""aligned_interface_position"": 26, ""flat_residue_index"": 245, ""interface_region"": ""surface"", ""is_alanine_scanning"": false}, {""chain_id"": ""C"", ""chain_role"": ""light"", ""wt_residue"": ""T"", ""mutant_residue"": ""E"", ""residue_position"": 31, ""insertion_code"": null, ""aligned_interface_position"": 31, ""flat_residue_index"": 250, ""interface_region"": ""surface"", ""is_alanine_scanning"": false}, {""chain_id"": ""C"", ""chain_role"": ""light"", ""wt_residue"": ""N"", ""mutant_residue"": ""A"", ""residue_position"": 93, ""insertion_code"": null, ""aligned_interface_position"": 93, ""flat_residue_index"": 312, ""interface_region"": ""support"", ""is_alanine_scanning"": true}]",bounded,-1.3329436084929236,3,,298.0,17891135,
1YY9_CD_A_SC26D_928,1YY9,Cetuximab fab :: Epidermal growth factor receptor,"[{""chain_id"": ""C"", ""chain_role"": ""light"", ""wt_residue"": ""S"", ""mutant_residue"": ""D"", ""residue_position"": 26, ""insertion_code"": null, ""aligned_interface_position"": 26, ""flat_residue_index"": 245, ""interface_region"": ""surface"", ""is_alanine_scanning"": false}]",bounded,-0.19925441440178096,4,,298.0,17891135,
1YY9_CD_A_SC26P_501,1YY9,Cetuximab fab :: Epidermal growth factor receptor,"[{""chain_id"": ""C"", ""chain_role"": ""light"", ""wt_residue"": ""S"", ""mutant_residue"": ""P"", ""residue_position"": 26, ""insertion_code"": null, ""aligned_interface_position"": 26, ""flat_residue_index"": 245, ""interface_region"": ""surface"", ""is_alanine_scanning"": false}]",bounded,-0.009110745732731634,4,,298.0,24380763,
1YY9_CD_A_SD53P_496,1YY9,Cetuximab fab :: Epidermal growth factor receptor,"[{""chain_id"": ""D"", ""chain_role"": ""heavy"", ""wt_residue"": ""S"", ""mutant_residue"": ""P"", ""residue_position"": 53, ""insertion_code"": null, ""aligned_interface_position"": 53, ""flat_residue_index"": 52, ""interface_region"": ""support"", ""is_alanine_scanning"": false}]",bounded,0.8175450855863151,5,,298.0,24380763,
"1YY9_CD_A_TC31E,NC93A_933",1YY9,Cetuximab fab :: Epidermal growth factor receptor,"[{""chain_id"": ""C"", ""chain_role"": ""light"", ""wt_residue"": ""T"", ""mutant_residue"": ""E"", ""residue_position"": 31, ""insertion_code"": null, ""aligned_interface_position"": 31, ""flat_residue_index"": 250, ""interface_region"": ""surface"", ""is_alanine_scanning"": false}, {""chain_id"": ""C"", ""chain_role"": ""light"", ""wt_residue"": ""N"", ""mutant_residue"": ""A"", ""residue_position"": 93, ""insertion_code"": null, ""aligned_interface_position"": 93, ""flat_residue_index"": 312, ""interface_region"": ""support"", ""is_alanine_scanning"": true}]",bounded,-0.8185330409852013,4,,298.0,17891135,
1YY9_CD_A_TC31E_929,1YY9,Cetuximab fab :: Epidermal growth factor receptor,"[{""chain_id"": ""C"", ""chain_role"": ""light"", ""wt_residue"": ""T"", ""mutant_residue"": ""E"", ""residue_position"": 31, ""insertion_code"": null, ""aligned_interface_position"": 31, ""flat_residue_index"": 250, ""interface_region"": ""surface"", ""is_alanine_scanning"": false}]",bounded,-0.5189246382801149,4,,298.0,17891135,
1YY9_CD_A_TC96P_504,1YY9,Cetuximab fab :: Epidermal growth factor receptor,"[{""chain_id"": ""C"", ""chain_role"": ""light"", ""wt_residue"": ""T"", ""mutant_residue"": ""P"", ""residue_position"": 96, ""insertion_code"": null, ""aligned_interface_position"": 96, ""flat_residue_index"": 315, ""interface_region"": ""support"", ""is_alanine_scanning"": false}]",bounded,4.003150602291158,9,,298.0,24380763,
1YY9_CD_A_TD61E_932,1YY9,Cetuximab fab :: Epidermal growth factor receptor,"[{""chain_id"": ""D"", ""chain_role"": ""heavy"", ""wt_residue"": ""T"", ""mutant_residue"": ""E"", ""residue_position"": 61, ""insertion_code"": null, ""aligned_interface_position"": 61, ""flat_residue_index"": 60, ""interface_region"": ""surface"", ""is_alanine_scanning"": false}]",bounded,-0.057046010372052536,4,,298.0,17891135,
1YY9_CD_A_WD52P_495,1YY9,Cetuximab fab :: Epidermal growth factor receptor,"[{""chain_id"": ""D"", ""chain_role"": ""heavy"", ""wt_residue"": ""W"", ""mutant_residue"": ""P"", ""residue_position"": 52, ""insertion_code"": null, ""aligned_interface_position"": 52, ""flat_residue_index"": 51, ""interface_region"": ""support"", ""is_alanine_scanning"": false}]",bounded,1.4782711348018065,6,,298.0,24380763,
1YY9_CD_A_YD101P_499,1YY9,Cetuximab fab :: Epidermal growth factor receptor,"[{""chain_id"": ""D"", ""chain_role"": ""heavy"", ""wt_residue"": ""Y"", ""mutant_residue"": ""P"", ""residue_position"": 101, ""insertion_code"": null, ""aligned_interface_position"": 101, ""flat_residue_index"": 100, ""interface_region"": ""core"", ""is_alanine_scanning"": false}]",bounded,1.651419424919885,6,,298.0,24380763,
"2B2X_HL_A_EH64K,QL28S,YL52N,GH102S_881",2B2X,AQC2 fab :: Integrin alpha-1,"[{""chain_id"": ""H"", ""chain_role"": ""heavy"", ""wt_residue"": ""E"", ""mutant_residue"": ""K"", ""residue_position"": 64, ""insertion_code"": null, ""aligned_interface_position"": 64, ""flat_residue_index"": 63, ""interface_region"": ""surface"", ""is_alanine_scanning"": false}, {""chain_id"": ""L"", ""chain_role"": ""light"", ""wt_residue"": ""Q"", ""mutant_residue"": ""S"", ""residue_position"": 28, ""insertion_code"": null, ""aligned_interface_position"": 28, ""flat_residue_index"": 237, ""interface_region"": ""rim"", ""is_alanine_scanning"": false}, {""chain_id"": ""L"", ""chain_role"": ""light"", ""wt_residue"": ""Y"", ""mutant_residue"": ""N"", ""residue_position"": 52, ""insertion_code"": null, ""aligned_interface_position"": 52, ""flat_residue_index"": 261, ""interface_region"": ""rim"", ""is_alanine_scanning"": false}, {""chain_id"": ""H"", ""chain_role"": ""heavy"", ""wt_residue"": ""G"", ""mutant_residue"": ""S"", ""residue_position"": 102, ""insertion_code"": null, ""aligned_interface_position"": 102, ""flat_residue_index"": 101, ""interface_region"": ""interior"", ""is_alanine_scanning"": false}]",bounded,2.710670268102603,7,,298.0,16597831,Crystal structure is the affinity matured fab reported in the paper. This is taken as 'wild-type'
"2B2X_HL_A_EH64K,QL28S,YL52N,SH35A,GH102S_882",2B2X,AQC2 fab :: Integrin alpha-1,"[{""chain_id"": ""H"", ""chain_role"": ""heavy"", ""wt_residue"": ""E"", ""mutant_residue"": ""K"", ""residue_position"": 64, ""insertion_code"": null, ""aligned_interface_position"": 64, ""flat_residue_index"": 63, ""interface_region"": ""surface"", ""is_alanine_scanning"": false}, {""chain_id"": ""L"", ""chain_role"": ""light"", ""wt_residue"": ""Q"", ""mutant_residue"": ""S"", ""residue_position"": 28, ""insertion_code"": null, ""aligned_interface_position"": 28, ""flat_residue_index"": 237, ""interface_region"": ""rim"", ""is_alanine_scanning"": false}, {""chain_id"": ""L"", ""chain_role"": ""light"", ""wt_residue"": ""Y"", ""mutant_residue"": ""N"", ""residue_position"": 52, ""insertion_code"": null, ""aligned_interface_position"": 52, ""flat_residue_index"": 261, ""interface_region"": ""rim"", ""is_alanine_scanning"": false}, {""chain_id"": ""H"", ""chain_role"": ""heavy"", ""wt_residue"": ""S"", ""mutant_residue"": ""A"", ""residue_position"": 35, ""insertion_code"": null, ""aligned_interface_position"": 35, ""flat_residue_index"": 34, ""interface_region"": ""interior"", ""is_alanine_scanning"": true}, {""chain_id"": ""H"", ""chain_role"": ""heavy"", ""wt_residue"": ""G"", ""mutant_residue"": ""S"", ""residue_position"": 102, ""insertion_code"": null, ""aligned_interface_position"": 102, ""flat_residue_index"": 101, ""interface_region"": ""interior"", ""is_alanine_scanning"": false}]",n.b.,,,,298.0,16597831,Crystal structure is the affinity matured fab reported in the paper. This is taken as 'wild-type'
"2B2X_HL_A_EH64K,QL28S,YL52N,SH35V,GH102S_883",2B2X,AQC2 fab :: Integrin alpha-1,"[{""chain_id"": ""H"", ""chain_role"": ""heavy"", ""wt_residue"": ""E"", ""mutant_residue"": ""K"", ""residue_position"": 64, ""insertion_code"": null, ""aligned_interface_position"": 64, ""flat_residue_index"": 63, ""interface_region"": ""surface"", ""is_alanine_scanning"": false}, {""chain_id"": ""L"", ""chain_role"": ""light"", ""wt_residue"": ""Q"", ""mutant_residue"": ""S"", ""residue_position"": 28, ""insertion_code"": null, ""aligned_interface_position"": 28, ""flat_residue_index"": 237, ""interface_region"": ""rim"", ""is_alanine_scanning"": false}, {""chain_id"": ""L"", ""chain_role"": ""light"", ""wt_residue"": ""Y"", ""mutant_residue"": ""N"", ""residue_position"": 52, ""insertion_code"": null, ""aligned_interface_position"": 52, ""flat_residue_index"": 261, ""interface_region"": ""rim"", ""is_alanine_scanning"": false}, {""chain_id"": ""H"", ""chain_role"": ""heavy"", ""wt_residue"": ""S"", ""mutant_residue"": ""V"", ""residue_position"": 35, ""insertion_code"": null, ""aligned_interface_position"": 35, ""flat_residue_index"": 34, ""interface_region"": ""interior"", ""is_alanine_scanning"": false}, {""chain_id"": ""H"", ""chain_role"": ""heavy"", ""wt_residue"": ""G"", ""mutant_residue"": ""S"", ""residue_position"": 102, ""insertion_code"": null, ""aligned_interface_position"": 102, ""flat_residue_index"": 101, ""interface_region"": ""interior"", ""is_alanine_scanning"": false}]",n.b.,,,,298.0,16597831,Crystal structure is the affinity matured fab reported in the paper. This is taken as 'wild-type'
"2B2X_HL_A_EH64K,QL28S,YL52N,SH35V_877",2B2X,AQC2 fab :: Integrin alpha-1,"[{""chain_id"": ""H"", ""chain_role"": ""heavy"", ""wt_residue"": ""E"", ""mutant_residue"": ""K"", ""residue_position"": 64, ""insertion_code"": null, ""aligned_interface_position"": 64, ""flat_residue_index"": 63, ""interface_region"": ""surface"", ""is_alanine_scanning"": false}, {""chain_id"": ""L"", ""chain_role"": ""light"", ""wt_residue"": ""Q"", ""mutant_residue"": ""S"", ""residue_position"": 28, ""insertion_code"": null, ""aligned_interface_position"": 28, ""flat_residue_index"": 237, ""interface_region"": ""rim"", ""is_alanine_scanning"": false}, {""chain_id"": ""L"", ""chain_role"": ""light"", ""wt_residue"": ""Y"", ""mutant_residue"": ""N"", ""residue_position"": 52, ""insertion_code"": null, ""aligned_interface_position"": 52, ""flat_residue_index"": 261, ""interface_region"": ""rim"", ""is_alanine_scanning"": false}, {""chain_id"": ""H"", ""chain_role"": ""heavy"", ""wt_residue"": ""S"", ""mutant_residue"": ""V"", ""residue_position"": 35, ""insertion_code"": null, ""aligned_interface_position"": 35, ""flat_residue_index"": 34, ""interface_region"": ""interior"", ""is_alanine_scanning"": false}]",bounded,3.7703348162378485,8,,298.0,16597831,Crystal structure is the affinity matured fab reported in the paper. This is taken as 'wild-type'
"2B2X_HL_A_EH64K,YL52N_894",2B2X,AQC2 fab :: Integrin alpha-1,"[{""chain_id"": ""H"", ""chain_role"": ""heavy"", ""wt_residue"": ""E"", ""mutant_residue"": ""K"", ""residue_position"": 64, ""insertion_code"": null, ""aligned_interface_position"": 64, ""flat_residue_index"": 63, ""interface_region"": ""surface"", ""is_alanine_scanning"": false}, {""chain_id"": ""L"", ""chain_role"": ""light"", ""wt_residue"": ""Y"", ""mutant_residue"": ""N"", ""residue_position"": 52, ""insertion_code"": null, ""aligned_interface_position"": 52, ""flat_residue_index"": 261, ""interface_region"": ""rim"", ""is_alanine_scanning"": false}]",bounded,0.3485300029457978,5,,298.0,16597831,Crystal structure is the affinity matured fab reported in the paper. This is taken as 'wild-type'
2B2X_HL_A_EH64K_804,2B2X,AQC2 fab :: Integrin alpha-1,"[{""chain_id"": ""H"", ""chain_role"": ""heavy"", ""wt_residue"": ""E"", ""mutant_residue"": ""K"", ""residue_position"": 64, ""insertion_code"": null, ""aligned_interface_position"": 64, ""flat_residue_index"": 63, ""interface_region"": ""surface"", ""is_alanine_scanning"": false}]",bounded,-0.1569933082515543,4,,298.0,16597831,Crystal structure is the affinity matured fab reported in the paper. This is taken as 'wild-type'
"2B2X_HL_A_QL28S,YL52N_801",2B2X,AQC2 fab :: Integrin alpha-1,"[{""chain_id"": ""L"", ""chain_role"": ""light"", ""wt_residue"": ""Q"", ""mutant_residue"": ""S"", ""residue_position"": 28, ""insertion_code"": null, ""aligned_interface_position"": 28, ""flat_residue_index"": 237, ""interface_region"": ""rim"", ""is_alanine_scanning"": false}, {""chain_id"": ""L"", ""chain_role"": ""light"", ""wt_residue"": ""Y"", ""mutant_residue"": ""N"", ""residue_position"": 52, ""insertion_code"": null, ""aligned_interface_position"": 52, ""flat_residue_index"": 261, ""interface_region"": ""rim"", ""is_alanine_scanning"": false}]",bounded,0.682174472058107,5,,298.0,16597831,Crystal structure is the affinity matured fab reported in the paper. This is taken as 'wild-type'
"2B2X_HL_A_VH50E,EH64K,QL28S,YL52N_864",2B2X,AQC2 fab :: Integrin alpha-1,"[{""chain_id"": ""H"", ""chain_role"": ""heavy"", ""wt_residue"": ""V"", ""mutant_residue"": ""E"", ""residue_position"": 50, ""insertion_code"": null, ""aligned_interface_position"": 50, ""flat_residue_index"": 49, ""interface_region"": ""support"", ""is_alanine_scanning"": false}, {""chain_id"": ""H"", ""chain_role"": ""heavy"", ""wt_residue"": ""E"", ""mutant_residue"": ""K"", ""residue_position"": 64, ""insertion_code"": null, ""aligned_interface_position"": 64, ""flat_residue_index"": 63, ""interface_region"": ""surface"", ""is_alanine_scanning"": false}, {""chain_id"": ""L"", ""chain_role"": ""light"", ""wt_residue"": ""Q"", ""mutant_residue"": ""S"", ""residue_position"": 28, ""insertion_code"": null, ""aligned_interface_position"": 28, ""flat_residue_index"": 237, ""interface_region"": ""rim"", ""is_alanine_scanning"": false}, {""chain_id"": ""L"", ""chain_role"": ""light"", ""wt_residue"": ""Y"", ""mutant_residue"": ""N"", ""residue_position"": 52, ""insertion_code"": null, ""aligned_interface_position"": 52, ""flat_residue_index"": 261, ""interface_region"": ""rim"", ""is_alanine_scanning"": false}]",n.b.,,,,298.0,16597831,Crystal structure is the affinity matured fab reported in the paper. This is taken as 'wild-type'
"2B2X_HL_A_VH50Q,EH64K,QL28S,YL52N_863",2B2X,AQC2 fab :: Integrin alpha-1,"[{""chain_id"": ""H"", ""chain_role"": ""heavy"", ""wt_residue"": ""V"", ""mutant_residue"": ""Q"", ""residue_position"": 50, ""insertion_code"": null, ""aligned_interface_position"": 50, ""flat_residue_index"": 49, ""interface_region"": ""support"", ""is_alanine_scanning"": false}, {""chain_id"": ""H"", ""chain_role"": ""heavy"", ""wt_residue"": ""E"", ""mutant_residue"": ""K"", ""residue_position"": 64, ""insertion_code"": null, ""aligned_interface_position"": 64, ""flat_residue_index"": 63, ""interface_region"": ""surface"", ""is_alanine_scanning"": false}, {""chain_id"": ""L"", ""chain_role"": ""light"", ""wt_residue"": ""Q"", ""mutant_residue"": ""S"", ""residue_position"": 28, ""insertion_code"": null, ""aligned_interface_position"": 28, ""flat_residue_index"": 237, ""interface_region"": ""rim"", ""is_alanine_scanning"": false}, {""chain_id"": ""L"", ""chain_role"": ""light"", ""wt_residue"": ""Y"", ""mutant_residue"": ""N"", ""residue_position"": 52, ""insertion_code"": null, ""aligned_interface_position"": 52, ""flat_residue_index"": 261, ""interface_region"": ""rim"", ""is_alanine_scanning"": false}]",n.b.,,,,298.0,16597831,Crystal structure is the affinity matured fab reported in the paper. This is taken as 'wild-type'
"2B2X_HL_A_VH50T,EH64D,QL28S,YL52N_790",2B2X,AQC2 fab :: Integrin alpha-1,"[{""chain_id"": ""H"", ""chain_role"": ""heavy"", ""wt_residue"": ""V"", ""mutant_residue"": ""T"", ""residue_position"": 50, ""insertion_code"": null, ""aligned_interface_position"": 50, ""flat_residue_index"": 49, ""interface_region"": ""support"", ""is_alanine_scanning"": false}, {""chain_id"": ""H"", ""chain_role"": ""heavy"", ""wt_residue"": ""E"", ""mutant_residue"": ""D"", ""residue_position"": 64, ""insertion_code"": null, ""aligned_interface_position"": 64, ""flat_residue_index"": 63, ""interface_region"": ""surface"", ""is_alanine_scanning"": false}, {""chain_id"": ""L"", ""chain_role"": ""light"", ""wt_residue"": ""Q"", ""mutant_residue"": ""S"", ""residue_position"": 28, ""insertion_code"": null, ""aligned_interface_position"": 28, ""flat_residue_index"": 237, ""interface_region"": ""rim"", ""is_alanine_scanning"": false}, {""chain_id"": ""L"", ""chain_role"": ""light"", ""wt_residue"": ""Y"", ""mutant_residue"": ""N"", ""residue_position"": 52, ""insertion_code"": null, ""aligned_interface_position"": 52, ""flat_residue_index"": 261, ""interface_region"": ""rim"", ""is_alanine_scanning"": false}]",bounded,0.9205740299850045,5,,298.0,16597831,Crystal structure is the affinity matured fab reported in the paper. This is taken as 'wild-type'
"2B2X_HL_A_VH50T,EH64K,QL28S,YL52D_852",2B2X,AQC2 fab :: Integrin alpha-1,"[{""chain_id"": ""H"", ""chain_role"": ""heavy"", ""wt_residue"": ""V"", ""mutant_residue"": ""T"", ""residue_position"": 50, ""insertion_code"": null, ""aligned_interface_position"": 50, ""flat_residue_index"": 49, ""interface_region"": ""support"", ""is_alanine_scanning"": false}, {""chain_id"": ""H"", ""chain_role"": ""heavy"", ""wt_residue"": ""E"", ""mutant_residue"": ""K"", ""residue_position"": 64, ""insertion_code"": null, ""aligned_interface_position"": 64, ""flat_residue_index"": 63, ""interface_region"": ""surface"", ""is_alanine_scanning"": false}, {""chain_id"": ""L"", ""chain_role"": ""light"", ""wt_residue"": ""Q"", ""mutant_residue"": ""S"", ""residue_position"": 28, ""insertion_code"": null, ""aligned_interface_position"": 28, ""flat_residue_index"": 237, ""interface_region"": ""rim"", ""is_alanine_scanning"": false}, {""chain_id"": ""L"", ""chain_role"": ""light"", ""wt_residue"": ""Y"", ""mutant_residue"": ""D"", ""residue_position"": 52, ""insertion_code"": null, ""aligned_interface_position"": 52, ""flat_residue_index"": 261, ""interface_region"": ""rim"", ""is_alanine_scanning"": false}]",bounded,1.5439763497741104,6,,298.0,16597831,Crystal structure is the affinity matured fab reported in the paper. This is taken as 'wild-type'
"2B2X_HL_A_VH50T,EH64K,QL28S,YL52N,FH99W_797",2B2X,AQC2 fab :: Integrin alpha-1,"[{""chain_id"": ""H"", ""chain_role"": ""heavy"", ""wt_residue"": ""V"", ""mutant_residue"": ""T"", ""residue_position"": 50, ""insertion_code"": null, ""aligned_interface_position"": 50, ""flat_residue_index"": 49, ""interface_region"": ""support"", ""is_alanine_scanning"": false}, {""chain_id"": ""H"", ""chain_role"": ""heavy"", ""wt_residue"": ""E"", ""mutant_residue"": ""K"", ""residue_position"": 64, ""insertion_code"": null, ""aligned_interface_position"": 64, ""flat_residue_index"": 63, ""interface_region"": ""surface"", ""is_alanine_scanning"": false}, {""chain_id"": ""L"", ""chain_role"": ""light"", ""wt_residue"": ""Q"", ""mutant_residue"": ""S"", ""residue_position"": 28, ""insertion_code"": null, ""aligned_interface_position"": 28, ""flat_residue_index"": 237, ""interface_region"": ""rim"", ""is_alanine_scanning"": false}, {""chain_id"": ""L"", ""chain_role"": ""light"", ""wt_residue"": ""Y"", ""mutant_residue"": ""N"", ""residue_position"": 52, ""insertion_code"": null, ""aligned_interface_position"": 52, ""flat_residue_index"": 261, ""interface_region"": ""rim"", ""is_alanine_scanning"": false}, {""chain_id"": ""H"", ""chain_role"": ""heavy"", ""wt_residue"": ""F"", ""mutant_residue"": ""W"", ""residue_position"": 99, ""insertion_code"": null, ""aligned_interface_position"": 99, ""flat_residue_index"": 98, ""interface_region"": ""core"", ""is_alanine_scanning"": false}]",bounded,1.043213857183518,6,,298.0,16597831,Crystal structure is the affinity matured fab reported in the paper. This is taken as 'wild-type'
"2B2X_HL_A_VH50T,EH64K,QL28S,YL52N,GH100F_798",2B2X,AQC2 fab :: Integrin alpha-1,"[{""chain_id"": ""H"", ""chain_role"": ""heavy"", ""wt_residue"": ""V"", ""mutant_residue"": ""T"", ""residue_position"": 50, ""insertion_code"": null, ""aligned_interface_position"": 50, ""flat_residue_index"": 49, ""interface_region"": ""support"", ""is_alanine_scanning"": false}, {""chain_id"": ""H"", ""chain_role"": ""heavy"", ""wt_residue"": ""E"", ""mutant_residue"": ""K"", ""residue_position"": 64, ""insertion_code"": null, ""aligned_interface_position"": 64, ""flat_residue_index"": 63, ""interface_region"": ""surface"", ""is_alanine_scanning"": false}, {""chain_id"": ""L"", ""chain_role"": ""light"", ""wt_residue"": ""Q"", ""mutant_residue"": ""S"", ""residue_position"": 28, ""insertion_code"": null, ""aligned_interface_position"": 28, ""flat_residue_index"": 237, ""interface_region"": ""rim"", ""is_alanine_scanning"": false}, {""chain_id"": ""L"", ""chain_role"": ""light"", ""wt_residue"": ""Y"", ""mutant_residue"": ""N"", ""residue_position"": 52, ""insertion_code"": null, ""aligned_interface_position"": 52, ""flat_residue_index"": 261, ""interface_region"": ""rim"", ""is_alanine_scanning"": false}, {""chain_id"": ""H"", ""chain_role"": ""heavy"", ""wt_residue"": ""G"", ""mutant_residue"": ""F"", ""residue_position"": 100, ""insertion_code"": null, ""aligned_interface_position"": 100, ""flat_residue_index"": 99, ""interface_region"": ""rim"", ""is_alanine_scanning"": false}]",bounded,1.6170397765152498,6,,298.0,16597831,Crystal structure is the affinity matured fab reported in the paper. This is taken as 'wild-type'
"2B2X_HL_A_VH50T,EH64K,QL28S,YL52N,GH100L_872",2B2X,AQC2 fab :: Integrin alpha-1,"[{""chain_id"": ""H"", ""chain_role"": ""heavy"", ""wt_residue"": ""V"", ""mutant_residue"": ""T"", ""residue_position"": 50, ""insertion_code"": null, ""aligned_interface_position"": 50, ""flat_residue_index"": 49, ""interface_region"": ""support"", ""is_alanine_scanning"": false}, {""chain_id"": ""H"", ""chain_role"": ""heavy"", ""wt_residue"": ""E"", ""mutant_residue"": ""K"", ""residue_position"": 64, ""insertion_code"": null, ""aligned_interface_position"": 64, ""flat_residue_index"": 63, ""interface_region"": ""surface"", ""is_alanine_scanning"": false}, {""chain_id"": ""L"", ""chain_role"": ""light"", ""wt_residue"": ""Q"", ""mutant_residue"": ""S"", ""residue_position"": 28, ""insertion_code"": null, ""aligned_interface_position"": 28, ""flat_residue_index"": 237, ""interface_region"": ""rim"", ""is_alanine_scanning"": false}, {""chain_id"": ""L"", ""chain_role"": ""light"", ""wt_residue"": ""Y"", ""mutant_residue"": ""N"", ""residue_position"": 52, ""insertion_code"": null, ""aligned_interface_position"": 52, ""flat_residue_index"": 261, ""interface_region"": ""rim"", ""is_alanine_scanning"": false}, {""chain_id"": ""H"", ""chain_role"": ""heavy"", ""wt_residue"": ""G"", ""mutant_residue"": ""L"", ""residue_position"": 100, ""insertion_code"": null, ""aligned_interface_position"": 100, ""flat_residue_index"": 99, ""interface_region"": ""rim"", ""is_alanine_scanning"": false}]",bounded,3.7703348162378485,8,,298.0,16597831,Crystal structure is the affinity matured fab reported in the paper. This is taken as 'wild-type'
"2B2X_HL_A_VH50T,EH64K,QL28S,YL52N,GH100M_794",2B2X,AQC2 fab :: Integrin alpha-1,"[{""chain_id"": ""H"", ""chain_role"": ""heavy"", ""wt_residue"": ""V"", ""mutant_residue"": ""T"", ""residue_position"": 50, ""insertion_code"": null, ""aligned_interface_position"": 50, ""flat_residue_index"": 49, ""interface_region"": ""support"", ""is_alanine_scanning"": false}, {""chain_id"": ""H"", ""chain_role"": ""heavy"", ""wt_residue"": ""E"", ""mutant_residue"": ""K"", ""residue_position"": 64, ""insertion_code"": null, ""aligned_interface_position"": 64, ""flat_residue_index"": 63, ""interface_region"": ""surface"", ""is_alanine_scanning"": false}, {""chain_id"": ""L"", ""chain_role"": ""light"", ""wt_residue"": ""Q"", ""mutant_residue"": ""S"", ""residue_position"": 28, ""insertion_code"": null, ""aligned_interface_position"": 28, ""flat_residue_index"": 237, ""interface_region"": ""rim"", ""is_alanine_scanning"": false}, {""chain_id"": ""L"", ""chain_role"": ""light"", ""wt_residue"": ""Y"", ""mutant_residue"": ""N"", ""residue_position"": 52, ""insertion_code"": null, ""aligned_interface_position"": 52, ""flat_residue_index"": 261, ""interface_region"": ""rim"", ""is_alanine_scanning"": false}, {""chain_id"": ""H"", ""chain_role"": ""heavy"", ""wt_residue"": ""G"", ""mutant_residue"": ""M"", ""residue_position"": 100, ""insertion_code"": null, ""aligned_interface_position"": 100, ""flat_residue_index"": 99, ""interface_region"": ""rim"", ""is_alanine_scanning"": false}]",bounded,1.1453478751893553,6,,298.0,16597831,Crystal structure is the affinity matured fab reported in the paper. This is taken as 'wild-type'
"2B2X_HL_A_VH50T,EH64K,QL28S,YL52N,GH100S_874",2B2X,AQC2 fab :: Integrin alpha-1,"[{""chain_id"": ""H"", ""chain_role"": ""heavy"", ""wt_residue"": ""V"", ""mutant_residue"": ""T"", ""residue_position"": 50, ""insertion_code"": null, ""aligned_interface_position"": 50, ""flat_residue_index"": 49, ""interface_region"": ""support"", ""is_alanine_scanning"": false}, {""chain_id"": ""H"", ""chain_role"": ""heavy"", ""wt_residue"": ""E"", ""mutant_residue"": ""K"", ""residue_position"": 64, ""insertion_code"": null, ""aligned_interface_position"": 64, ""flat_residue_index"": 63, ""interface_region"": ""surface"", ""is_alanine_scanning"": false}, {""chain_id"": ""L"", ""chain_role"": ""light"", ""wt_residue"": ""Q"", ""mutant_residue"": ""S"", ""residue_position"": 28, ""insertion_code"": null, ""aligned_interface_position"": 28, ""flat_residue_index"": 237, ""interface_region"": ""rim"", ""is_alanine_scanning"": false}, {""chain_id"": ""L"", ""chain_role"": ""light"", ""wt_residue"": ""Y"", ""mutant_residue"": ""N"", ""residue_position"": 52, ""insertion_code"": null, ""aligned_interface_position"": 52, ""flat_residue_index"": 261, ""interface_region"": ""rim"", ""is_alanine_scanning"": false}, {""chain_id"": ""H"", ""chain_role"": ""heavy"", ""wt_residue"": ""G"", ""mutant_residue"": ""S"", ""residue_position"": 100, ""insertion_code"": null, ""aligned_interface_position"": 100, ""flat_residue_index"": 99, ""interface_region"": ""rim"", ""is_alanine_scanning"": false}]",bounded,1.6009613194006573,6,,298.0,16597831,Crystal structure is the affinity matured fab reported in the paper. This is taken as 'wild-type'
"2B2X_HL_A_VH50T,EH64K,QL28S,YL52N,GH100V_843",2B2X,AQC2 fab :: Integrin alpha-1,"[{""chain_id"": ""H"", ""chain_role"": ""heavy"", ""wt_residue"": ""V"", ""mutant_residue"": ""T"", ""residue_position"": 50, ""insertion_code"": null, ""aligned_interface_position"": 50, ""flat_residue_index"": 49, ""interface_region"": ""support"", ""is_alanine_scanning"": false}, {""chain_id"": ""H"", ""chain_role"": ""heavy"", ""wt_residue"": ""E"", ""mutant_residue"": ""K"", ""residue_position"": 64, ""insertion_code"": null, ""aligned_interface_position"": 64, ""flat_residue_index"": 63, ""interface_region"": ""surface"", ""is_alanine_scanning"": false}, {""chain_id"": ""L"", ""chain_role"": ""light"", ""wt_residue"": ""Q"", ""mutant_residue"": ""S"", ""residue_position"": 28, ""insertion_code"": null, ""aligned_interface_position"": 28, ""flat_residue_index"": 237, ""interface_region"": ""rim"", ""is_alanine_scanning"": false}, {""chain_id"": ""L"", ""chain_role"": ""light"", ""wt_residue"": ""Y"", ""mutant_residue"": ""N"", ""residue_position"": 52, ""insertion_code"": null, ""aligned_interface_position"": 52, ""flat_residue_index"": 261, ""interface_region"": ""rim"", ""is_alanine_scanning"": false}, {""chain_id"": ""H"", ""chain_role"": ""heavy"", ""wt_residue"": ""G"", ""mutant_residue"": ""V"", ""residue_position"": 100, ""insertion_code"": null, ""aligned_interface_position"": 100, ""flat_residue_index"": 99, ""interface_region"": ""rim"", ""is_alanine_scanning"": false}]",n.b.,,,,298.0,16597831,Crystal structure is the affinity matured fab reported in the paper. This is taken as 'wild-type'
"2B2X_HL_A_VH50T,EH64K,QL28S,YL52N,GH102S_875",2B2X,AQC2 fab :: Integrin alpha-1,"[{""chain_id"": ""H"", ""chain_role"": ""heavy"", ""wt_residue"": ""V"", ""mutant_residue"": ""T"", ""residue_position"": 50, ""insertion_code"": null, ""aligned_interface_position"": 50, ""flat_residue_index"": 49, ""interface_region"": ""support"", ""is_alanine_scanning"": false}, {""chain_id"": ""H"", ""chain_role"": ""heavy"", ""wt_residue"": ""E"", ""mutant_residue"": ""K"", ""residue_position"": 64, ""insertion_code"": null, ""aligned_interface_position"": 64, ""flat_residue_index"": 63, ""interface_region"": ""surface"", ""is_alanine_scanning"": false}, {""chain_id"": ""L"", ""chain_role"": ""light"", ""wt_residue"": ""Q"", ""mutant_residue"": ""S"", ""residue_position"": 28, ""insertion_code"": null, ""aligned_interface_position"": 28, ""flat_residue_index"": 237, ""interface_region"": ""rim"", ""is_alanine_scanning"": false}, {""chain_id"": ""L"", ""chain_role"": ""light"", ""wt_residue"": ""Y"", ""mutant_residue"": ""N"", ""residue_position"": 52, ""insertion_code"": null, ""aligned_interface_position"": 52, ""flat_residue_index"": 261, ""interface_region"": ""rim"", ""is_alanine_scanning"": false}, {""chain_id"": ""H"", ""chain_role"": ""heavy"", ""wt_residue"": ""G"", ""mutant_residue"": ""S"", ""residue_position"": 102, ""insertion_code"": null, ""aligned_interface_position"": 102, ""flat_residue_index"": 101, ""interface_region"": ""interior"", ""is_alanine_scanning"": false}]",n.b.,,,,298.0,16597831,Crystal structure is the affinity matured fab reported in the paper. This is taken as 'wild-type'
"2B2X_HL_A_VH50T,EH64K,QL28S,YL52N,GH53A_835",2B2X,AQC2 fab :: Integrin alpha-1,"[{""chain_id"": ""H"", ""chain_role"": ""heavy"", ""wt_residue"": ""V"", ""mutant_residue"": ""T"", ""residue_position"": 50, ""insertion_code"": null, ""aligned_interface_position"": 50, ""flat_residue_index"": 49, ""interface_region"": ""support"", ""is_alanine_scanning"": false}, {""chain_id"": ""H"", ""chain_role"": ""heavy"", ""wt_residue"": ""E"", ""mutant_residue"": ""K"", ""residue_position"": 64, ""insertion_code"": null, ""aligned_interface_position"": 64, ""flat_residue_index"": 63, ""interface_region"": ""surface"", ""is_alanine_scanning"": false}, {""chain_id"": ""L"", ""chain_role"": ""light"", ""wt_residue"": ""Q"", ""mutant_residue"": ""S"", ""residue_position"": 28, ""insertion_code"": null, ""aligned_interface_position"": 28, ""flat_residue_index"": 237, ""interface_region"": ""rim"", ""is_alanine_scanning"": false}, {""chain_id"": ""L"", ""chain_role"": ""light"", ""wt_residue"": ""Y"", ""mutant_residue"": ""N"", ""residue_position"": 52, ""insertion_code"": null, ""aligned_interface_position"": 52, ""flat_residue_index"": 261, ""interface_region"": ""rim"", ""is_alanine_scanning"": false}, {""chain_id"": ""H"", ""chain_role"": ""heavy"", ""wt_residue"": ""G"", ""mutant_residue"": ""A"", ""residue_position"": 53, ""insertion_code"": null, ""aligned_interface_position"": 53, ""flat_residue_index"": 52, ""interface_region"": ""core"", ""is_alanine_scanning"": true}]",bounded,1.5558204804289941,6,,298.0,16597831,Crystal structure is the affinity matured fab reported in the paper. This is taken as 'wild-type'
"2B2X_HL_A_VH50T,EH64K,QL28S,YL52N,GH53N_886",2B2X,AQC2 fab :: Integrin alpha-1,"[{""chain_id"": ""H"", ""chain_role"": ""heavy"", ""wt_residue"": ""V"", ""mutant_residue"": ""T"", ""residue_position"": 50, ""insertion_code"": null, ""aligned_interface_position"": 50, ""flat_residue_index"": 49, ""interface_region"": ""support"", ""is_alanine_scanning"": false}, {""chain_id"": ""H"", ""chain_role"": ""heavy"", ""wt_residue"": ""E"", ""mutant_residue"": ""K"", ""residue_position"": 64, ""insertion_code"": null, ""aligned_interface_position"": 64, ""flat_residue_index"": 63, ""interface_region"": ""surface"", ""is_alanine_scanning"": false}, {""chain_id"": ""L"", ""chain_role"": ""light"", ""wt_residue"": ""Q"", ""mutant_residue"": ""S"", ""residue_position"": 28, ""insertion_code"": null, ""aligned_interface_position"": 28, ""flat_residue_index"": 237, ""interface_region"": ""rim"", ""is_alanine_scanning"": false}, {""chain_id"": ""L"", ""chain_role"": ""light"", ""wt_residue"": ""Y"", ""mutant_residue"": ""N"", ""residue_position"": 52, ""insertion_code"": null, ""aligned_interface_position"": 52, ""flat_residue_index"": 261, ""interface_region"": ""rim"", ""is_alanine_scanning"": false}, {""chain_id"": ""H"", ""chain_role"": ""heavy"", ""wt_residue"": ""G"", ""mutant_residue"": ""N"", ""residue_position"": 53, ""insertion_code"": null, ""aligned_interface_position"": 53, ""flat_residue_index"": 52, ""interface_region"": ""core"", ""is_alanine_scanning"": false}]",bounded,2.298527177151579,7,,298.0,16597831,Crystal structure is the affinity matured fab reported in the paper. This is taken as 'wild-type'
"2B2X_HL_A_VH50T,EH64K,QL28S,YL52N,GH53Q_867",2B2X,AQC2 fab :: Integrin alpha-1,"[{""chain_id"": ""H"", ""chain_role"": ""heavy"", ""wt_residue"": ""V"", ""mutant_residue"": ""T"", ""residue_position"": 50, ""insertion_code"": null, ""aligned_interface_position"": 50, ""flat_residue_index"": 49, ""interface_region"": ""support"", ""is_alanine_scanning"": false}, {""chain_id"": ""H"", ""chain_role"": ""heavy"", ""wt_residue"": ""E"", ""mutant_residue"": ""K"", ""residue_position"": 64, ""insertion_code"": null, ""aligned_interface_position"": 64, ""flat_residue_index"": 63, ""interface_region"": ""surface"", ""is_alanine_scanning"": false}, {""chain_id"": ""L"", ""chain_role"": ""light"", ""wt_residue"": ""Q"", ""mutant_residue"": ""S"", ""residue_position"": 28, ""insertion_code"": null, ""aligned_interface_position"": 28, ""flat_residue_index"": 237, ""interface_region"": ""rim"", ""is_alanine_scanning"": false}, {""chain_id"": ""L"", ""chain_role"": ""light"", ""wt_residue"": ""Y"", ""mutant_residue"": ""N"", ""residue_position"": 52, ""insertion_code"": null, ""aligned_interface_position"": 52, ""flat_residue_index"": 261, ""interface_region"": ""rim"", ""is_alanine_scanning"": false}, {""chain_id"": ""H"", ""chain_role"": ""heavy"", ""wt_residue"": ""G"", ""mutant_residue"": ""Q"", ""residue_position"": 53, ""insertion_code"": null, ""aligned_interface_position"": 53, ""flat_residue_index"": 52, ""interface_region"": ""core"", ""is_alanine_scanning"": false}]",n.b.,,,,298.0,16597831,Crystal structure is the affinity matured fab reported in the paper. This is taken as 'wild-type'
"2B2X_HL_A_VH50T,EH64K,QL28S,YL52N,GH53S_834",2B2X,AQC2 fab :: Integrin alpha-1,"[{""chain_id"": ""H"", ""chain_role"": ""heavy"", ""wt_residue"": ""V"", ""mutant_residue"": ""T"", ""residue_position"": 50, ""insertion_code"": null, ""aligned_interface_position"": 50, ""flat_residue_index"": 49, ""interface_region"": ""support"", ""is_alanine_scanning"": false}, {""chain_id"": ""H"", ""chain_role"": ""heavy"", ""wt_residue"": ""E"", ""mutant_residue"": ""K"", ""residue_position"": 64, ""insertion_code"": null, ""aligned_interface_position"": 64, ""flat_residue_index"": 63, ""interface_region"": ""surface"", ""is_alanine_scanning"": false}, {""chain_id"": ""L"", ""chain_role"": ""light"", ""wt_residue"": ""Q"", ""mutant_residue"": ""S"", ""residue_position"": 28, ""insertion_code"": null, ""aligned_interface_position"": 28, ""flat_residue_index"": 237, ""interface_region"": ""rim"", ""is_alanine_scanning"": false}, {""chain_id"": ""L"", ""chain_role"": ""light"", ""wt_residue"": ""Y"", ""mutant_residue"": ""N"", ""residue_position"": 52, ""insertion_code"": null, ""aligned_interface_position"": 52, ""flat_residue_index"": 261, ""interface_region"": ""rim"", ""is_alanine_scanning"": false}, {""chain_id"": ""H"", ""chain_role"": ""heavy"", ""wt_residue"": ""G"", ""mutant_residue"": ""S"", ""residue_position"": 53, ""insertion_code"": null, ""aligned_interface_position"": 53, ""flat_residue_index"": 52, ""interface_region"": ""core"", ""is_alanine_scanning"": false}]",bounded,1.7188072288690237,6,,298.0,16597831,Crystal structure is the affinity matured fab reported in the paper. This is taken as 'wild-type'
"2B2X_HL_A_VH50T,EH64K,QL28S,YL52N,GH53W_866",2B2X,AQC2 fab :: Integrin alpha-1,"[{""chain_id"": ""H"", ""chain_role"": ""heavy"", ""wt_residue"": ""V"", ""mutant_residue"": ""T"", ""residue_position"": 50, ""insertion_code"": null, ""aligned_interface_position"": 50, ""flat_residue_index"": 49, ""interface_region"": ""support"", ""is_alanine_scanning"": false}, {""chain_id"": ""H"", ""chain_role"": ""heavy"", ""wt_residue"": ""E"", ""mutant_residue"": ""K"", ""residue_position"": 64, ""insertion_code"": null, ""aligned_interface_position"": 64, ""flat_residue_index"": 63, ""interface_region"": ""surface"", ""is_alanine_scanning"": false}, {""chain_id"": ""L"", ""chain_role"": ""light"", ""wt_residue"": ""Q"", ""mutant_residue"": ""S"", ""residue_position"": 28, ""insertion_code"": null, ""aligned_interface_position"": 28, ""flat_residue_index"": 237, ""interface_region"": ""rim"", ""is_alanine_scanning"": false}, {""chain_id"": ""L"", ""chain_role"": ""light"", ""wt_residue"": ""Y"", ""mutant_residue"": ""N"", ""residue_position"": 52, ""insertion_code"": null, ""aligned_interface_position"": 52, ""flat_residue_index"": 261, ""interface_region"": ""rim"", ""is_alanine_scanning"": false}, {""chain_id"": ""H"", ""chain_role"": ""heavy"", ""wt_residue"": ""G"", ""mutant_residue"": ""W"", ""residue_position"": 53, ""insertion_code"": null, ""aligned_interface_position"": 53, ""flat_residue_index"": 52, ""interface_region"": ""core"", ""is_alanine_scanning"": false}]",n.b.,,,,298.0,16597831,Crystal structure is the affinity matured fab reported in the paper. This is taken as 'wild-type'
"2B2X_HL_A_VH50T,EH64K,QL28S,YL52N,GH54I_836",2B2X,AQC2 fab :: Integrin alpha-1,"[{""chain_id"": ""H"", ""chain_role"": ""heavy"", ""wt_residue"": ""V"", ""mutant_residue"": ""T"", ""residue_position"": 50, ""insertion_code"": null, ""aligned_interface_position"": 50, ""flat_residue_index"": 49, ""interface_region"": ""support"", ""is_alanine_scanning"": false}, {""chain_id"": ""H"", ""chain_role"": ""heavy"", ""wt_residue"": ""E"", ""mutant_residue"": ""K"", ""residue_position"": 64, ""insertion_code"": null, ""aligned_interface_position"": 64, ""flat_residue_index"": 63, ""interface_region"": ""surface"", ""is_alanine_scanning"": false}, {""chain_id"": ""L"", ""chain_role"": ""light"", ""wt_residue"": ""Q"", ""mutant_residue"": ""S"", ""residue_position"": 28, ""insertion_code"": null, ""aligned_interface_position"": 28, ""flat_residue_index"": 237, ""interface_region"": ""rim"", ""is_alanine_scanning"": false}, {""chain_id"": ""L"", ""chain_role"": ""light"", ""wt_residue"": ""Y"", ""mutant_residue"": ""N"", ""residue_position"": 52, ""insertion_code"": null, ""aligned_interface_position"": 52, ""flat_residue_index"": 261, ""interface_region"": ""rim"", ""is_alanine_scanning"": false}, {""chain_id"": ""H"", ""chain_role"": ""heavy"", ""wt_residue"": ""G"", ""mutant_residue"": ""I"", ""residue_position"": 54, ""insertion_code"": null, ""aligned_interface_position"": 54, ""flat_residue_index"": 53, ""interface_region"": ""rim"", ""is_alanine_scanning"": false}]",bounded,2.406774336710683,7,,298.0,16597831,Crystal structure is the affinity matured fab reported in the paper. This is taken as 'wild-type'
"2B2X_HL_A_VH50T,EH64K,QL28S,YL52N,GH54M_838",2B2X,AQC2 fab :: Integrin alpha-1,"[{""chain_id"": ""H"", ""chain_role"": ""heavy"", ""wt_residue"": ""V"", ""mutant_residue"": ""T"", ""residue_position"": 50, ""insertion_code"": null, ""aligned_interface_position"": 50, ""flat_residue_index"": 49, ""interface_region"": ""support"", ""is_alanine_scanning"": false}, {""chain_id"": ""H"", ""chain_role"": ""heavy"", ""wt_residue"": ""E"", ""mutant_residue"": ""K"", ""residue_position"": 64, ""insertion_code"": null, ""aligned_interface_position"": 64, ""flat_residue_index"": 63, ""interface_region"": ""surface"", ""is_alanine_scanning"": false}, {""chain_id"": ""L"", ""chain_role"": ""light"", ""wt_residue"": ""Q"", ""mutant_residue"": ""S"", ""residue_position"": 28, ""insertion_code"": null, ""aligned_interface_position"": 28, ""flat_residue_index"": 237, ""interface_region"": ""rim"", ""is_alanine_scanning"": false}, {""chain_id"": ""L"", ""chain_role"": ""light"", ""wt_residue"": ""Y"", ""mutant_residue"": ""N"", ""residue_position"": 52, ""insertion_code"": null, ""aligned_interface_position"": 52, ""flat_residue_index"": 261, ""interface_region"": ""rim"", ""is_alanine_scanning"": false}, {""chain_id"": ""H"", ""chain_role"": ""heavy"", ""wt_residue"": ""G"", ""mutant_residue"": ""M"", ""residue_position"": 54, ""insertion_code"": null, ""aligned_interface_position"": 54, ""flat_residue_index"": 53, ""interface_region"": ""rim"", ""is_alanine_scanning"": false}]",n.b.,,,,298.0,16597831,Crystal structure is the affinity matured fab reported in the paper. This is taken as 'wild-type'
"2B2X_HL_A_VH50T,EH64K,QL28S,YL52N,GH54N_868",2B2X,AQC2 fab :: Integrin alpha-1,"[{""chain_id"": ""H"", ""chain_role"": ""heavy"", ""wt_residue"": ""V"", ""mutant_residue"": ""T"", ""residue_position"": 50, ""insertion_code"": null, ""aligned_interface_position"": 50, ""flat_residue_index"": 49, ""interface_region"": ""support"", ""is_alanine_scanning"": false}, {""chain_id"": ""H"", ""chain_role"": ""heavy"", ""wt_residue"": ""E"", ""mutant_residue"": ""K"", ""residue_position"": 64, ""insertion_code"": null, ""aligned_interface_position"": 64, ""flat_residue_index"": 63, ""interface_region"": ""surface"", ""is_alanine_scanning"": false}, {""chain_id"": ""L"", ""chain_role"": ""light"", ""wt_residue"": ""Q"", ""mutant_residue"": ""S"", ""residue_position"": 28, ""insertion_code"": null, ""aligned_interface_position"": 28, ""flat_residue_index"": 237, ""interface_region"": ""rim"", ""is_alanine_scanning"": false}, {""chain_id"": ""L"", ""chain_role"": ""light"", ""wt_residue"": ""Y"", ""mutant_residue"": ""N"", ""residue_position"": 52, ""insertion_code"": null, ""aligned_interface_position"": 52, ""flat_residue_index"": 261, ""interface_region"": ""rim"", ""is_alanine_scanning"": false}, {""chain_id"": ""H"", ""chain_role"": ""heavy"", ""wt_residue"": ""G"", ""mutant_residue"": ""N"", ""residue_position"": 54, ""insertion_code"": null, ""aligned_interface_position"": 54, ""flat_residue_index"": 53, ""interface_region"": ""rim"", ""is_alanine_scanning"": false}]",n.b.,,,,298.0,16597831,Crystal structure is the affinity matured fab reported in the paper. This is taken as 'wild-type'
"2B2X_HL_A_VH50T,EH64K,QL28S,YL52N,GH54T_837",2B2X,AQC2 fab :: Integrin alpha-1,"[{""chain_id"": ""H"", ""chain_role"": ""heavy"", ""wt_residue"": ""V"", ""mutant_residue"": ""T"", ""residue_position"": 50, ""insertion_code"": null, ""aligned_interface_position"": 50, ""flat_residue_index"": 49, ""interface_region"": ""support"", ""is_alanine_scanning"": false}, {""chain_id"": ""H"", ""chain_role"": ""heavy"", ""wt_residue"": ""E"", ""mutant_residue"": ""K"", ""residue_position"": 64, ""insertion_code"": null, ""aligned_interface_position"": 64, ""flat_residue_index"": 63, ""interface_region"": ""surface"", ""is_alanine_scanning"": false}, {""chain_id"": ""L"", ""chain_role"": ""light"", ""wt_residue"": ""Q"", ""mutant_residue"": ""S"", ""residue_position"": 28, ""insertion_code"": null, ""aligned_interface_position"": 28, ""flat_residue_index"": 237, ""interface_region"": ""rim"", ""is_alanine_scanning"": false}, {""chain_id"": ""L"", ""chain_role"": ""light"", ""wt_residue"": ""Y"", ""mutant_residue"": ""N"", ""residue_position"": 52, ""insertion_code"": null, ""aligned_interface_position"": 52, ""flat_residue_index"": 261, ""interface_region"": ""rim"", ""is_alanine_scanning"": false}, {""chain_id"": ""H"", ""chain_role"": ""heavy"", ""wt_residue"": ""G"", ""mutant_residue"": ""T"", ""residue_position"": 54, ""insertion_code"": null, ""aligned_interface_position"": 54, ""flat_residue_index"": 53, ""interface_region"": ""rim"", ""is_alanine_scanning"": false}]",bounded,2.2073805678449103,7,,298.0,16597831,Crystal structure is the affinity matured fab reported in the paper. This is taken as 'wild-type'
"2B2X_HL_A_VH50T,EH64K,QL28S,YL52N,GH54Y_799",2B2X,AQC2 fab :: Integrin alpha-1,"[{""chain_id"": ""H"", ""chain_role"": ""heavy"", ""wt_residue"": ""V"", ""mutant_residue"": ""T"", ""residue_position"": 50, ""insertion_code"": null, ""aligned_interface_position"": 50, ""flat_residue_index"": 49, ""interface_region"": ""support"", ""is_alanine_scanning"": false}, {""chain_id"": ""H"", ""chain_role"": ""heavy"", ""wt_residue"": ""E"", ""mutant_residue"": ""K"", ""residue_position"": 64, ""insertion_code"": null, ""aligned_interface_position"": 64, ""flat_residue_index"": 63, ""interface_region"": ""surface"", ""is_alanine_scanning"": false}, {""chain_id"": ""L"", ""chain_role"": ""light"", ""wt_residue"": ""Q"", ""mutant_residue"": ""S"", ""residue_position"": 28, ""insertion_code"": null, ""aligned_interface_position"": 28, ""flat_residue_index"": 237, ""interface_region"": ""rim"", ""is_alanine_scanning"": false}, {""chain_id"": ""L"", ""chain_role"": ""light"", ""wt_residue"": ""Y"", ""mutant_residue"": ""N"", ""residue_position"": 52, ""insertion_code"": null, ""aligned_interface_position"": 52, ""flat_residue_index"": 261, ""interface_region"": ""rim"", ""is_alanine_scanning"": false}, {""chain_id"": ""H"", ""chain_role"": ""heavy"", ""wt_residue"": ""G"", ""mutant_residue"": ""Y"", ""residue_position"": 54, ""insertion_code"": null, ""aligned_interface_position"": 54, ""flat_residue_index"": 53, ""interface_region"": ""rim"", ""is_alanine_scanning"": false}]",bounded,1.043213857183518,6,,298.0,16597831,Crystal structure is the affinity matured fab reported in the paper. This is taken as 'wild-type'
"2B2X_HL_A_VH50T,EH64K,QL28S,YL52N,GL92Q_829",2B2X,AQC2 fab :: Integrin alpha-1,"[{""chain_id"": ""H"", ""chain_role"": ""heavy"", ""wt_residue"": ""V"", ""mutant_residue"": ""T"", ""residue_position"": 50, ""insertion_code"": null, ""aligned_interface_position"": 50, ""flat_residue_index"": 49, ""interface_region"": ""support"", ""is_alanine_scanning"": false}, {""chain_id"": ""H"", ""chain_role"": ""heavy"", ""wt_residue"": ""E"", ""mutant_residue"": ""K"", ""residue_position"": 64, ""insertion_code"": null, ""aligned_interface_position"": 64, ""flat_residue_index"": 63, ""interface_region"": ""surface"", ""is_alanine_scanning"": false}, {""chain_id"": ""L"", ""chain_role"": ""light"", ""wt_residue"": ""Q"", ""mutant_residue"": ""S"", ""residue_position"": 28, ""insertion_code"": null, ""aligned_interface_position"": 28, ""flat_residue_index"": 237, ""interface_region"": ""rim"", ""is_alanine_scanning"": false}, {""chain_id"": ""L"", ""chain_role"": ""light"", ""wt_residue"": ""Y"", ""mutant_residue"": ""N"", ""residue_position"": 52, ""insertion_code"": null, ""aligned_interface_position"": 52, ""flat_residue_index"": 261, ""interface_region"": ""rim"", ""is_alanine_scanning"": false}, {""chain_id"": ""L"", ""chain_role"": ""light"", ""wt_residue"": ""G"", ""mutant_residue"": ""Q"", ""residue_position"": 92, ""insertion_code"": null, ""aligned_interface_position"": 92, ""flat_residue_index"": 301, ""interface_region"": ""interior"", ""is_alanine_scanning"": false}]",bounded,2.6158987594557774,7,,298.0,16597831,Crystal structure is the affinity matured fab reported in the paper. This is taken as 'wild-type'
"2B2X_HL_A_VH50T,EH64K,QL28S,YL52N,GL92S_830",2B2X,AQC2 fab :: Integrin alpha-1,"[{""chain_id"": ""H"", ""chain_role"": ""heavy"", ""wt_residue"": ""V"", ""mutant_residue"": ""T"", ""residue_position"": 50, ""insertion_code"": null, ""aligned_interface_position"": 50, ""flat_residue_index"": 49, ""interface_region"": ""support"", ""is_alanine_scanning"": false}, {""chain_id"": ""H"", ""chain_role"": ""heavy"", ""wt_residue"": ""E"", ""mutant_residue"": ""K"", ""residue_position"": 64, ""insertion_code"": null, ""aligned_interface_position"": 64, ""flat_residue_index"": 63, ""interface_region"": ""surface"", ""is_alanine_scanning"": false}, {""chain_id"": ""L"", ""chain_role"": ""light"", ""wt_residue"": ""Q"", ""mutant_residue"": ""S"", ""residue_position"": 28, ""insertion_code"": null, ""aligned_interface_position"": 28, ""flat_residue_index"": 237, ""interface_region"": ""rim"", ""is_alanine_scanning"": false}, {""chain_id"": ""L"", ""chain_role"": ""light"", ""wt_residue"": ""Y"", ""mutant_residue"": ""N"", ""residue_position"": 52, ""insertion_code"": null, ""aligned_interface_position"": 52, ""flat_residue_index"": 261, ""interface_region"": ""rim"", ""is_alanine_scanning"": false}, {""chain_id"": ""L"", ""chain_role"": ""light"", ""wt_residue"": ""G"", ""mutant_residue"": ""S"", ""residue_position"": 92, ""insertion_code"": null, ""aligned_interface_position"": 92, ""flat_residue_index"": 301, ""interface_region"": ""interior"", ""is_alanine_scanning"": false}]",bounded,1.5558204804289941,6,,298.0,16597831,Crystal structure is the affinity matured fab reported in the paper. This is taken as 'wild-type'
"2B2X_HL_A_VH50T,EH64K,QL28S,YL52N,HL31K_809",2B2X,AQC2 fab :: Integrin alpha-1,"[{""chain_id"": ""H"", ""chain_role"": ""heavy"", ""wt_residue"": ""V"", ""mutant_residue"": ""T"", ""residue_position"": 50, ""insertion_code"": null, ""aligned_interface_position"": 50, ""flat_residue_index"": 49, ""interface_region"": ""support"", ""is_alanine_scanning"": false}, {""chain_id"": ""H"", ""chain_role"": ""heavy"", ""wt_residue"": ""E"", ""mutant_residue"": ""K"", ""residue_position"": 64, ""insertion_code"": null, ""aligned_interface_position"": 64, ""flat_residue_index"": 63, ""interface_region"": ""surface"", ""is_alanine_scanning"": false}, {""chain_id"": ""L"", ""chain_role"": ""light"", ""wt_residue"": ""Q"", ""mutant_residue"": ""S"", ""residue_position"": 28, ""insertion_code"": null, ""aligned_interface_position"": 28, ""flat_residue_index"": 237, ""interface_region"": ""rim"", ""is_alanine_scanning"": false}, {""chain_id"": ""L"", ""chain_role"": ""light"", ""wt_residue"": ""Y"", ""mutant_residue"": ""N"", ""residue_position"": 52, ""insertion_code"": null, ""aligned_interface_position"": 52, ""flat_residue_index"": 261, ""interface_region"": ""rim"", ""is_alanine_scanning"": false}, {""chain_id"": ""L"", ""chain_role"": ""light"", ""wt_residue"": ""H"", ""mutant_residue"": ""K"", ""residue_position"": 31, ""insertion_code"": null, ""aligned_interface_position"": 31, ""flat_residue_index"": 240, ""interface_region"": ""core"", ""is_alanine_scanning"": false}]",bounded,2.2073805678449103,7,,298.0,16597831,Crystal structure is the affinity matured fab reported in the paper. This is taken as 'wild-type'
"2B2X_HL_A_VH50T,EH64K,QL28S,YL52N,HL31R_808",2B2X,AQC2 fab :: Integrin alpha-1,"[{""chain_id"": ""H"", ""chain_role"": ""heavy"", ""wt_residue"": ""V"", ""mutant_residue"": ""T"", ""residue_position"": 50, ""insertion_code"": null, ""aligned_interface_position"": 50, ""flat_residue_index"": 49, ""interface_region"": ""support"", ""is_alanine_scanning"": false}, {""chain_id"": ""H"", ""chain_role"": ""heavy"", ""wt_residue"": ""E"", ""mutant_residue"": ""K"", ""residue_position"": 64, ""insertion_code"": null, ""aligned_interface_position"": 64, ""flat_residue_index"": 63, ""interface_region"": ""surface"", ""is_alanine_scanning"": false}, {""chain_id"": ""L"", ""chain_role"": ""light"", ""wt_residue"": ""Q"", ""mutant_residue"": ""S"", ""residue_position"": 28, ""insertion_code"": null, ""aligned_interface_position"": 28, ""flat_residue_index"": 237, ""interface_region"": ""rim"", ""is_alanine_scanning"": false}, {""chain_id"": ""L"", ""chain_role"": ""light"", ""wt_residue"": ""Y"", ""mutant_residue"": ""N"", ""residue_position"": 52, ""insertion_code"": null, ""aligned_interface_position"": 52, ""flat_residue_index"": 261, ""interface_region"": ""rim"", ""is_alanine_scanning"": false}, {""chain_id"": ""L"", ""chain_role"": ""light"", ""wt_residue"": ""H"", ""mutant_residue"": ""R"", ""residue_position"": 31, ""insertion_code"": null, ""aligned_interface_position"": 31, ""flat_residue_index"": 240, ""interface_region"": ""core"", ""is_alanine_scanning"": false}]",bounded,2.167011497829639,7,,298.0,16597831,Crystal structure is the affinity matured fab reported in the paper. This is taken as 'wild-type'
"2B2X_HL_A_VH50T,EH64K,QL28S,YL52N,HL31W_884",2B2X,AQC2 fab :: Integrin alpha-1,"[{""chain_id"": ""H"", ""chain_role"": ""heavy"", ""wt_residue"": ""V"", ""mutant_residue"": ""T"", ""residue_position"": 50, ""insertion_code"": null, ""aligned_interface_position"": 50, ""flat_residue_index"": 49, ""interface_region"": ""support"", ""is_alanine_scanning"": false}, {""chain_id"": ""H"", ""chain_role"": ""heavy"", ""wt_residue"": ""E"", ""mutant_residue"": ""K"", ""residue_position"": 64, ""insertion_code"": null, ""aligned_interface_position"": 64, ""flat_residue_index"": 63, ""interface_region"": ""surface"", ""is_alanine_scanning"": false}, {""chain_id"": ""L"", ""chain_role"": ""light"", ""wt_residue"": ""Q"", ""mutant_residue"": ""S"", ""residue_position"": 28, ""insertion_code"": null, ""aligned_interface_position"": 28, ""flat_residue_index"": 237, ""interface_region"": ""rim"", ""is_alanine_scanning"": false}, {""chain_id"": ""L"", ""chain_role"": ""light"", ""wt_residue"": ""Y"", ""mutant_residue"": ""N"", ""residue_position"": 52, ""insertion_code"": null, ""aligned_interface_position"": 52, ""flat_residue_index"": 261, ""interface_region"": ""rim"", ""is_alanine_scanning"": false}, {""chain_id"": ""L"", ""chain_role"": ""light"", ""wt_residue"": ""H"", ""mutant_residue"": ""W"", ""residue_position"": 31, ""insertion_code"": null, ""aligned_interface_position"": 31, ""flat_residue_index"": 240, ""interface_region"": ""core"", ""is_alanine_scanning"": false}]",bounded,2.298527177151579,7,,298.0,16597831,Crystal structure is the affinity matured fab reported in the paper. This is taken as 'wild-type'
"2B2X_HL_A_VH50T,EH64K,QL28S,YL52N,LH60D_787",2B2X,AQC2 fab :: Integrin alpha-1,"[{""chain_id"": ""H"", ""chain_role"": ""heavy"", ""wt_residue"": ""V"", ""mutant_residue"": ""T"", ""residue_position"": 50, ""insertion_code"": null, ""aligned_interface_position"": 50, ""flat_residue_index"": 49, ""interface_region"": ""support"", ""is_alanine_scanning"": false}, {""chain_id"": ""H"", ""chain_role"": ""heavy"", ""wt_residue"": ""E"", ""mutant_residue"": ""K"", ""residue_position"": 64, ""insertion_code"": null, ""aligned_interface_position"": 64, ""flat_residue_index"": 63, ""interface_region"": ""surface"", ""is_alanine_scanning"": false}, {""chain_id"": ""L"", ""chain_role"": ""light"", ""wt_residue"": ""Q"", ""mutant_residue"": ""S"", ""residue_position"": 28, ""insertion_code"": null, ""aligned_interface_position"": 28, ""flat_residue_index"": 237, ""interface_region"": ""rim"", ""is_alanine_scanning"": false}, {""chain_id"": ""L"", ""chain_role"": ""light"", ""wt_residue"": ""Y"", ""mutant_residue"": ""N"", ""residue_position"": 52, ""insertion_code"": null, ""aligned_interface_position"": 52, ""flat_residue_index"": 261, ""interface_region"": ""rim"", ""is_alanine_scanning"": false}, {""chain_id"": ""H"", ""chain_role"": ""heavy"", ""wt_residue"": ""L"", ""mutant_residue"": ""D"", ""residue_position"": 60, ""insertion_code"": null, ""aligned_interface_position"": 60, ""flat_residue_index"": 59, ""interface_region"": ""interior"", ""is_alanine_scanning"": false}]",bounded,0.9205740299850045,5,,298.0,16597831,Crystal structure is the affinity matured fab reported in the paper. This is taken as 'wild-type'
"2B2X_HL_A_VH50T,EH64K,QL28S,YL52N,LL49F_850",2B2X,AQC2 fab :: Integrin alpha-1,"[{""chain_id"": ""H"", ""chain_role"": ""heavy"", ""wt_residue"": ""V"", ""mutant_residue"": ""T"", ""residue_position"": 50, ""insertion_code"": null, ""aligned_interface_position"": 50, ""flat_residue_index"": 49, ""interface_region"": ""support"", ""is_alanine_scanning"": false}, {""chain_id"": ""H"", ""chain_role"": ""heavy"", ""wt_residue"": ""E"", ""mutant_residue"": ""K"", ""residue_position"": 64, ""insertion_code"": null, ""aligned_interface_position"": 64, ""flat_residue_index"": 63, ""interface_region"": ""surface"", ""is_alanine_scanning"": false}, {""chain_id"": ""L"", ""chain_role"": ""light"", ""wt_residue"": ""Q"", ""mutant_residue"": ""S"", ""residue_position"": 28, ""insertion_code"": null, ""aligned_interface_position"": 28, ""flat_residue_index"": 237, ""interface_region"": ""rim"", ""is_alanine_scanning"": false}, {""chain_id"": ""L"", ""chain_role"": ""light"", ""wt_residue"": ""Y"", ""mutant_residue"": ""N"", ""residue_position"": 52, ""insertion_code"": null, ""aligned_interface_position"": 52, ""flat_residue_index"": 261, ""interface_region"": ""rim"", ""is_alanine_scanning"": false}, {""chain_id"": ""L"", ""chain_role"": ""light"", ""wt_residue"": ""L"", ""mutant_residue"": ""F"", ""residue_position"": 49, ""insertion_code"": null, ""aligned_interface_position"": 49, ""flat_residue_index"": 258, ""interface_region"": ""support"", ""is_alanine_scanning"": false}]",bounded,1.7554935493494492,6,,298.0,16597831,Crystal structure is the affinity matured fab reported in the paper. This is taken as 'wild-type'
"2B2X_HL_A_VH50T,EH64K,QL28S,YL52N,LL49K_785",2B2X,AQC2 fab :: Integrin alpha-1,"[{""chain_id"": ""H"", ""chain_role"": ""heavy"", ""wt_residue"": ""V"", ""mutant_residue"": ""T"", ""residue_position"": 50, ""insertion_code"": null, ""aligned_interface_position"": 50, ""flat_residue_index"": 49, ""interface_region"": ""support"", ""is_alanine_scanning"": false}, {""chain_id"": ""H"", ""chain_role"": ""heavy"", ""wt_residue"": ""E"", ""mutant_residue"": ""K"", ""residue_position"": 64, ""insertion_code"": null, ""aligned_interface_position"": 64, ""flat_residue_index"": 63, ""interface_region"": ""surface"", ""is_alanine_scanning"": false}, {""chain_id"": ""L"", ""chain_role"": ""light"", ""wt_residue"": ""Q"", ""mutant_residue"": ""S"", ""residue_position"": 28, ""insertion_code"": null, ""aligned_interface_position"": 28, ""flat_residue_index"": 237, ""interface_region"": ""rim"", ""is_alanine_scanning"": false}, {""chain_id"": ""L"", ""chain_role"": ""light"", ""wt_residue"": ""Y"", ""mutant_residue"": ""N"", ""residue_position"": 52, ""insertion_code"": null, ""aligned_interface_position"": 52, ""flat_residue_index"": 261, ""interface_region"": ""rim"", ""is_alanine_scanning"": false}, {""chain_id"": ""L"", ""chain_role"": ""light"", ""wt_residue"": ""L"", ""mutant_residue"": ""K"", ""residue_position"": 49, ""insertion_code"": null, ""aligned_interface_position"": 49, ""flat_residue_index"": 258, ""interface_region"": ""support"", ""is_alanine_scanning"": false}]",bounded,1.9677570834278582,6,,298.0,16597831,Crystal structure is the affinity matured fab reported in the paper. This is taken as 'wild-type'
"2B2X_HL_A_VH50T,EH64K,QL28S,YL52N,LL49W_851",2B2X,AQC2 fab :: Integrin alpha-1,"[{""chain_id"": ""H"", ""chain_role"": ""heavy"", ""wt_residue"": ""V"", ""mutant_residue"": ""T"", ""residue_position"": 50, ""insertion_code"": null, ""aligned_interface_position"": 50, ""flat_residue_index"": 49, ""interface_region"": ""support"", ""is_alanine_scanning"": false}, {""chain_id"": ""H"", ""chain_role"": ""heavy"", ""wt_residue"": ""E"", ""mutant_residue"": ""K"", ""residue_position"": 64, ""insertion_code"": null, ""aligned_interface_position"": 64, ""flat_residue_index"": 63, ""interface_region"": ""surface"", ""is_alanine_scanning"": false}, {""chain_id"": ""L"", ""chain_role"": ""light"", ""wt_residue"": ""Q"", ""mutant_residue"": ""S"", ""residue_position"": 28, ""insertion_code"": null, ""aligned_interface_position"": 28, ""flat_residue_index"": 237, ""interface_region"": ""rim"", ""is_alanine_scanning"": false}, {""chain_id"": ""L"", ""chain_role"": ""light"", ""wt_residue"": ""Y"", ""mutant_residue"": ""N"", ""residue_position"": 52, ""insertion_code"": null, ""aligned_interface_position"": 52, ""flat_residue_index"": 261, ""interface_region"": ""rim"", ""is_alanine_scanning"": false}, {""chain_id"": ""L"", ""chain_role"": ""light"", ""wt_residue"": ""L"", ""mutant_residue"": ""W"", ""residue_position"": 49, ""insertion_code"": null, ""aligned_interface_position"": 49, ""flat_residue_index"": 258, ""interface_region"": ""support"", ""is_alanine_scanning"": false}]",bounded,2.9507813497411104,7,,298.0,16597831,Crystal structure is the affinity matured fab reported in the paper. This is taken as 'wild-type'
"2B2X_HL_A_VH50T,EH64K,QL28S,YL52N,LL49Y_849",2B2X,AQC2 fab :: Integrin alpha-1,"[{""chain_id"": ""H"", ""chain_role"": ""heavy"", ""wt_residue"": ""V"", ""mutant_residue"": ""T"", ""residue_position"": 50, ""insertion_code"": null, ""aligned_interface_position"": 50, ""flat_residue_index"": 49, ""interface_region"": ""support"", ""is_alanine_scanning"": false}, {""chain_id"": ""H"", ""chain_role"": ""heavy"", ""wt_residue"": ""E"", ""mutant_residue"": ""K"", ""residue_position"": 64, ""insertion_code"": null, ""aligned_interface_position"": 64, ""flat_residue_index"": 63, ""interface_region"": ""surface"", ""is_alanine_scanning"": false}, {""chain_id"": ""L"", ""chain_role"": ""light"", ""wt_residue"": ""Q"", ""mutant_residue"": ""S"", ""residue_position"": 28, ""insertion_code"": null, ""aligned_interface_position"": 28, ""flat_residue_index"": 237, ""interface_region"": ""rim"", ""is_alanine_scanning"": false}, {""chain_id"": ""L"", ""chain_role"": ""light"", ""wt_residue"": ""Y"", ""mutant_residue"": ""N"", ""residue_position"": 52, ""insertion_code"": null, ""aligned_interface_position"": 52, ""flat_residue_index"": 261, ""interface_region"": ""rim"", ""is_alanine_scanning"": false}, {""chain_id"": ""L"", ""chain_role"": ""light"", ""wt_residue"": ""L"", ""mutant_residue"": ""Y"", ""residue_position"": 49, ""insertion_code"": null, ""aligned_interface_position"": 49, ""flat_residue_index"": 258, ""interface_region"": ""support"", ""is_alanine_scanning"": false}]",n.b.,,,,298.0,16597831,Crystal structure is the affinity matured fab reported in the paper. This is taken as 'wild-type'
"2B2X_HL_A_VH50T,EH64K,QL28S,YL52N,NL30K_848",2B2X,AQC2 fab :: Integrin alpha-1,"[{""chain_id"": ""H"", ""chain_role"": ""heavy"", ""wt_residue"": ""V"", ""mutant_residue"": ""T"", ""residue_position"": 50, ""insertion_code"": null, ""aligned_interface_position"": 50, ""flat_residue_index"": 49, ""interface_region"": ""support"", ""is_alanine_scanning"": false}, {""chain_id"": ""H"", ""chain_role"": ""heavy"", ""wt_residue"": ""E"", ""mutant_residue"": ""K"", ""residue_position"": 64, ""insertion_code"": null, ""aligned_interface_position"": 64, ""flat_residue_index"": 63, ""interface_region"": ""surface"", ""is_alanine_scanning"": false}, {""chain_id"": ""L"", ""chain_role"": ""light"", ""wt_residue"": ""Q"", ""mutant_residue"": ""S"", ""residue_position"": 28, ""insertion_code"": null, ""aligned_interface_position"": 28, ""flat_residue_index"": 237, ""interface_region"": ""rim"", ""is_alanine_scanning"": false}, {""chain_id"": ""L"", ""chain_role"": ""light"", ""wt_residue"": ""Y"", ""mutant_residue"": ""N"", ""residue_position"": 52, ""insertion_code"": null, ""aligned_interface_position"": 52, ""flat_residue_index"": 261, ""interface_region"": ""rim"", ""is_alanine_scanning"": false}, {""chain_id"": ""L"", ""chain_role"": ""light"", ""wt_residue"": ""N"", ""mutant_residue"": ""K"", ""residue_position"": 30, ""insertion_code"": null, ""aligned_interface_position"": 30, ""flat_residue_index"": 239, ""interface_region"": ""core"", ""is_alanine_scanning"": false}]",n.b.,,,,298.0,16597831,Crystal structure is the affinity matured fab reported in the paper. This is taken as 'wild-type'
"2B2X_HL_A_VH50T,EH64K,QL28S,YL52N,NL30Y,SL91I_885",2B2X,AQC2 fab :: Integrin alpha-1,"[{""chain_id"": ""H"", ""chain_role"": ""heavy"", ""wt_residue"": ""V"", ""mutant_residue"": ""T"", ""residue_position"": 50, ""insertion_code"": null, ""aligned_interface_position"": 50, ""flat_residue_index"": 49, ""interface_region"": ""support"", ""is_alanine_scanning"": false}, {""chain_id"": ""H"", ""chain_role"": ""heavy"", ""wt_residue"": ""E"", ""mutant_residue"": ""K"", ""residue_position"": 64, ""insertion_code"": null, ""aligned_interface_position"": 64, ""flat_residue_index"": 63, ""interface_region"": ""surface"", ""is_alanine_scanning"": false}, {""chain_id"": ""L"", ""chain_role"": ""light"", ""wt_residue"": ""Q"", ""mutant_residue"": ""S"", ""residue_position"": 28, ""insertion_code"": null, ""aligned_interface_position"": 28, ""flat_residue_index"": 237, ""interface_region"": ""rim"", ""is_alanine_scanning"": false}, {""chain_id"": ""L"", ""chain_role"": ""light"", ""wt_residue"": ""Y"", ""mutant_residue"": ""N"", ""residue_position"": 52, ""insertion_code"": null, ""aligned_interface_position"": 52, ""flat_residue_index"": 261, ""interface_region"": ""rim"", ""is_alanine_scanning"": false}, {""chain_id"": ""L"", ""chain_role"": ""light"", ""wt_residue"": ""N"", ""mutant_residue"": ""Y"", ""residue_position"": 30, ""insertion_code"": null, ""aligned_interface_position"": 30, ""flat_residue_index"": 239, ""interface_region"": ""core"", ""is_alanine_scanning"": false}, {""chain_id"": ""L"", ""chain_role"": ""light"", ""wt_residue"": ""S"", ""mutant_residue"": ""I"", ""residue_position"": 91, ""insertion_code"": null, ""aligned_interface_position"": 91, ""flat_residue_index"": 300, ""interface_region"": ""core"", ""is_alanine_scanning"": false}]",bounded,1.4775819666723018,6,,298.0,16597831,Crystal structure is the affinity matured fab reported in the paper. This is taken as 'wild-type'
"2B2X_HL_A_VH50T,EH64K,QL28S,YL52N,NL30Y_823",2B2X,AQC2 fab :: Integrin alpha-1,"[{""chain_id"": ""H"", ""chain_role"": ""heavy"", ""wt_residue"": ""V"", ""mutant_residue"": ""T"", ""residue_position"": 50, ""insertion_code"": null, ""aligned_interface_position"": 50, ""flat_residue_index"": 49, ""interface_region"": ""support"", ""is_alanine_scanning"": false}, {""chain_id"": ""H"", ""chain_role"": ""heavy"", ""wt_residue"": ""E"", ""mutant_residue"": ""K"", ""residue_position"": 64, ""insertion_code"": null, ""aligned_interface_position"": 64, ""flat_residue_index"": 63, ""interface_region"": ""surface"", ""is_alanine_scanning"": false}, {""chain_id"": ""L"", ""chain_role"": ""light"", ""wt_residue"": ""Q"", ""mutant_residue"": ""S"", ""residue_position"": 28, ""insertion_code"": null, ""aligned_interface_position"": 28, ""flat_residue_index"": 237, ""interface_region"": ""rim"", ""is_alanine_scanning"": false}, {""chain_id"": ""L"", ""chain_role"": ""light"", ""wt_residue"": ""Y"", ""mutant_residue"": ""N"", ""residue_position"": 52, ""insertion_code"": null, ""aligned_interface_position"": 52, ""flat_residue_index"": 261, ""interface_region"": ""rim"", ""is_alanine_scanning"": false}, {""chain_id"": ""L"", ""chain_role"": ""light"", ""wt_residue"": ""N"", ""mutant_residue"": ""Y"", ""residue_position"": 30, ""insertion_code"": null, ""aligned_interface_position"": 30, ""flat_residue_index"": 239, ""interface_region"": ""core"", ""is_alanine_scanning"": false}]",bounded,2.9507813497411104,7,,298.0,16597831,Crystal structure is the affinity matured fab reported in the paper. This is taken as 'wild-type'
"2B2X_HL_A_VH50T,EH64K,QL28S,YL52N,NL93D_831",2B2X,AQC2 fab :: Integrin alpha-1,"[{""chain_id"": ""H"", ""chain_role"": ""heavy"", ""wt_residue"": ""V"", ""mutant_residue"": ""T"", ""residue_position"": 50, ""insertion_code"": null, ""aligned_interface_position"": 50, ""flat_residue_index"": 49, ""interface_region"": ""support"", ""is_alanine_scanning"": false}, {""chain_id"": ""H"", ""chain_role"": ""heavy"", ""wt_residue"": ""E"", ""mutant_residue"": ""K"", ""residue_position"": 64, ""insertion_code"": null, ""aligned_interface_position"": 64, ""flat_residue_index"": 63, ""interface_region"": ""surface"", ""is_alanine_scanning"": false}, {""chain_id"": ""L"", ""chain_role"": ""light"", ""wt_residue"": ""Q"", ""mutant_residue"": ""S"", ""residue_position"": 28, ""insertion_code"": null, ""aligned_interface_position"": 28, ""flat_residue_index"": 237, ""interface_region"": ""rim"", ""is_alanine_scanning"": false}, {""chain_id"": ""L"", ""chain_role"": ""light"", ""wt_residue"": ""Y"", ""mutant_residue"": ""N"", ""residue_position"": 52, ""insertion_code"": null, ""aligned_interface_position"": 52, ""flat_residue_index"": 261, ""interface_region"": ""rim"", ""is_alanine_scanning"": false}, {""chain_id"": ""L"", ""chain_role"": ""light"", ""wt_residue"": ""N"", ""mutant_residue"": ""D"", ""residue_position"": 93, ""insertion_code"": null, ""aligned_interface_position"": 93, ""flat_residue_index"": 302, ""interface_region"": ""core"", ""is_alanine_scanning"": false}]",n.b.,,,,298.0,16597831,Crystal structure is the affinity matured fab reported in the paper. This is taken as 'wild-type'
"2B2X_HL_A_VH50T,EH64K,QL28S,YL52N,RH31Q_813",2B2X,AQC2 fab :: Integrin alpha-1,"[{""chain_id"": ""H"", ""chain_role"": ""heavy"", ""wt_residue"": ""V"", ""mutant_residue"": ""T"", ""residue_position"": 50, ""insertion_code"": null, ""aligned_interface_position"": 50, ""flat_residue_index"": 49, ""interface_region"": ""support"", ""is_alanine_scanning"": false}, {""chain_id"": ""H"", ""chain_role"": ""heavy"", ""wt_residue"": ""E"", ""mutant_residue"": ""K"", ""residue_position"": 64, ""insertion_code"": null, ""aligned_interface_position"": 64, ""flat_residue_index"": 63, ""interface_region"": ""surface"", ""is_alanine_scanning"": false}, {""chain_id"": ""L"", ""chain_role"": ""light"", ""wt_residue"": ""Q"", ""mutant_residue"": ""S"", ""residue_position"": 28, ""insertion_code"": null, ""aligned_interface_position"": 28, ""flat_residue_index"": 237, ""interface_region"": ""rim"", ""is_alanine_scanning"": false}, {""chain_id"": ""L"", ""chain_role"": ""light"", ""wt_residue"": ""Y"", ""mutant_residue"": ""N"", ""residue_position"": 52, ""insertion_code"": null, ""aligned_interface_position"": 52, ""flat_residue_index"": 261, ""interface_region"": ""rim"", ""is_alanine_scanning"": false}, {""chain_id"": ""H"", ""chain_role"": ""heavy"", ""wt_residue"": ""R"", ""mutant_residue"": ""Q"", ""residue_position"": 31, ""insertion_code"": null, ""aligned_interface_position"": 31, ""flat_residue_index"": 30, ""interface_region"": ""rim"", ""is_alanine_scanning"": false}]",bounded,2.3505418773155453,7,,298.0,16597831,Crystal structure is the affinity matured fab reported in the paper. This is taken as 'wild-type'
"2B2X_HL_A_VH50T,EH64K,QL28S,YL52N,SH35A,GH102S_879",2B2X,AQC2 fab :: Integrin alpha-1,"[{""chain_id"": ""H"", ""chain_role"": ""heavy"", ""wt_residue"": ""V"", ""mutant_residue"": ""T"", ""residue_position"": 50, ""insertion_code"": null, ""aligned_interface_position"": 50, ""flat_residue_index"": 49, ""interface_region"": ""support"", ""is_alanine_scanning"": false}, {""chain_id"": ""H"", ""chain_role"": ""heavy"", ""wt_residue"": ""E"", ""mutant_residue"": ""K"", ""residue_position"": 64, ""insertion_code"": null, ""aligned_interface_position"": 64, ""flat_residue_index"": 63, ""interface_region"": ""surface"", ""is_alanine_scanning"": false}, {""chain_id"": ""L"", ""chain_role"": ""light"", ""wt_residue"": ""Q"", ""mutant_residue"": ""S"", ""residue_position"": 28, ""insertion_code"": null, ""aligned_interface_position"": 28, ""flat_residue_index"": 237, ""interface_region"": ""rim"", ""is_alanine_scanning"": false}, {""chain_id"": ""L"", ""chain_role"": ""light"", ""wt_residue"": ""Y"", ""mutant_residue"": ""N"", ""residue_position"": 52, ""insertion_code"": null, ""aligned_interface_position"": 52, ""flat_residue_index"": 261, ""interface_region"": ""rim"", ""is_alanine_scanning"": false}, {""chain_id"": ""H"", ""chain_role"": ""heavy"", ""wt_residue"": ""S"", ""mutant_residue"": ""A"", ""residue_position"": 35, ""insertion_code"": null, ""aligned_interface_position"": 35, ""flat_residue_index"": 34, ""interface_region"": ""interior"", ""is_alanine_scanning"": true}, {""chain_id"": ""H"", ""chain_role"": ""heavy"", ""wt_residue"": ""G"", ""mutant_residue"": ""S"", ""residue_position"": 102, ""insertion_code"": null, ""aligned_interface_position"": 102, ""flat_residue_index"": 101, ""interface_region"": ""interior"", ""is_alanine_scanning"": false}]",bounded,2.6158987594557774,7,,298.0,16597831,Crystal structure is the affinity matured fab reported in the paper. This is taken as 'wild-type'
"2B2X_HL_A_VH50T,EH64K,QL28S,YL52N,SH35A_861",2B2X,AQC2 fab :: Integrin alpha-1,"[{""chain_id"": ""H"", ""chain_role"": ""heavy"", ""wt_residue"": ""V"", ""mutant_residue"": ""T"", ""residue_position"": 50, ""insertion_code"": null, ""aligned_interface_position"": 50, ""flat_residue_index"": 49, ""interface_region"": ""support"", ""is_alanine_scanning"": false}, {""chain_id"": ""H"", ""chain_role"": ""heavy"", ""wt_residue"": ""E"", ""mutant_residue"": ""K"", ""residue_position"": 64, ""insertion_code"": null, ""aligned_interface_position"": 64, ""flat_residue_index"": 63, ""interface_region"": ""surface"", ""is_alanine_scanning"": false}, {""chain_id"": ""L"", ""chain_role"": ""light"", ""wt_residue"": ""Q"", ""mutant_residue"": ""S"", ""residue_position"": 28, ""insertion_code"": null, ""aligned_interface_position"": 28, ""flat_residue_index"": 237, ""interface_region"": ""rim"", ""is_alanine_scanning"": false}, {""chain_id"": ""L"", ""chain_role"": ""light"", ""wt_residue"": ""Y"", ""mutant_residue"": ""N"", ""residue_position"": 52, ""insertion_code"": null, ""aligned_interface_position"": 52, ""flat_residue_index"": 261, ""interface_region"": ""rim"", ""is_alanine_scanning"": false}, {""chain_id"": ""H"", ""chain_role"": ""heavy"", ""wt_residue"": ""S"", ""mutant_residue"": ""A"", ""residue_position"": 35, ""insertion_code"": null, ""aligned_interface_position"": 35, ""flat_residue_index"": 34, ""interface_region"": ""interior"", ""is_alanine_scanning"": true}]",bounded,2.6158987594557774,7,,298.0,16597831,Crystal structure is the affinity matured fab reported in the paper. This is taken as 'wild-type'
"2B2X_HL_A_VH50T,EH64K,QL28S,YL52N,SH35Q_814",2B2X,AQC2 fab :: Integrin alpha-1,"[{""chain_id"": ""H"", ""chain_role"": ""heavy"", ""wt_residue"": ""V"", ""mutant_residue"": ""T"", ""residue_position"": 50, ""insertion_code"": null, ""aligned_interface_position"": 50, ""flat_residue_index"": 49, ""interface_region"": ""support"", ""is_alanine_scanning"": false}, {""chain_id"": ""H"", ""chain_role"": ""heavy"", ""wt_residue"": ""E"", ""mutant_residue"": ""K"", ""residue_position"": 64, ""insertion_code"": null, ""aligned_interface_position"": 64, ""flat_residue_index"": 63, ""interface_region"": ""surface"", ""is_alanine_scanning"": false}, {""chain_id"": ""L"", ""chain_role"": ""light"", ""wt_residue"": ""Q"", ""mutant_residue"": ""S"", ""residue_position"": 28, ""insertion_code"": null, ""aligned_interface_position"": 28, ""flat_residue_index"": 237, ""interface_region"": ""rim"", ""is_alanine_scanning"": false}, {""chain_id"": ""L"", ""chain_role"": ""light"", ""wt_residue"": ""Y"", ""mutant_residue"": ""N"", ""residue_position"": 52, ""insertion_code"": null, ""aligned_interface_position"": 52, ""flat_residue_index"": 261, ""interface_region"": ""rim"", ""is_alanine_scanning"": false}, {""chain_id"": ""H"", ""chain_role"": ""heavy"", ""wt_residue"": ""S"", ""mutant_residue"": ""Q"", ""residue_position"": 35, ""insertion_code"": null, ""aligned_interface_position"": 35, ""flat_residue_index"": 34, ""interface_region"": ""interior"", ""is_alanine_scanning"": false}]",bounded,3.7703348162378485,8,,298.0,16597831,Crystal structure is the affinity matured fab reported in the paper. This is taken as 'wild-type'
"2B2X_HL_A_VH50T,EH64K,QL28S,YL52N,SH35V,GH102S_880",2B2X,AQC2 fab :: Integrin alpha-1,"[{""chain_id"": ""H"", ""chain_role"": ""heavy"", ""wt_residue"": ""V"", ""mutant_residue"": ""T"", ""residue_position"": 50, ""insertion_code"": null, ""aligned_interface_position"": 50, ""flat_residue_index"": 49, ""interface_region"": ""support"", ""is_alanine_scanning"": false}, {""chain_id"": ""H"", ""chain_role"": ""heavy"", ""wt_residue"": ""E"", ""mutant_residue"": ""K"", ""residue_position"": 64, ""insertion_code"": null, ""aligned_interface_position"": 64, ""flat_residue_index"": 63, ""interface_region"": ""surface"", ""is_alanine_scanning"": false}, {""chain_id"": ""L"", ""chain_role"": ""light"", ""wt_residue"": ""Q"", ""mutant_residue"": ""S"", ""residue_position"": 28, ""insertion_code"": null, ""aligned_interface_position"": 28, ""flat_residue_index"": 237, ""interface_region"": ""rim"", ""is_alanine_scanning"": false}, {""chain_id"": ""L"", ""chain_role"": ""light"", ""wt_residue"": ""Y"", ""mutant_residue"": ""N"", ""residue_position"": 52, ""insertion_code"": null, ""aligned_interface_position"": 52, ""flat_residue_index"": 261, ""interface_region"": ""rim"", ""is_alanine_scanning"": false}, {""chain_id"": ""H"", ""chain_role"": ""heavy"", ""wt_residue"": ""S"", ""mutant_residue"": ""V"", ""residue_position"": 35, ""insertion_code"": null, ""aligned_interface_position"": 35, ""flat_residue_index"": 34, ""interface_region"": ""interior"", ""is_alanine_scanning"": false}, {""chain_id"": ""H"", ""chain_role"": ""heavy"", ""wt_residue"": ""G"", ""mutant_residue"": ""S"", ""residue_position"": 102, ""insertion_code"": null, ""aligned_interface_position"": 102, ""flat_residue_index"": 101, ""interface_region"": ""interior"", ""is_alanine_scanning"": false}]",bounded,2.468888700752711,7,,298.0,16597831,Crystal structure is the affinity matured fab reported in the paper. This is taken as 'wild-type'
"2B2X_HL_A_VH50T,EH64K,QL28S,YL52N,SH35V_862",2B2X,AQC2 fab :: Integrin alpha-1,"[{""chain_id"": ""H"", ""chain_role"": ""heavy"", ""wt_residue"": ""V"", ""mutant_residue"": ""T"", ""residue_position"": 50, ""insertion_code"": null, ""aligned_interface_position"": 50, ""flat_residue_index"": 49, ""interface_region"": ""support"", ""is_alanine_scanning"": false}, {""chain_id"": ""H"", ""chain_role"": ""heavy"", ""wt_residue"": ""E"", ""mutant_residue"": ""K"", ""residue_position"": 64, ""insertion_code"": null, ""aligned_interface_position"": 64, ""flat_residue_index"": 63, ""interface_region"": ""surface"", ""is_alanine_scanning"": false}, {""chain_id"": ""L"", ""chain_role"": ""light"", ""wt_residue"": ""Q"", ""mutant_residue"": ""S"", ""residue_position"": 28, ""insertion_code"": null, ""aligned_interface_position"": 28, ""flat_residue_index"": 237, ""interface_region"": ""rim"", ""is_alanine_scanning"": false}, {""chain_id"": ""L"", ""chain_role"": ""light"", ""wt_residue"": ""Y"", ""mutant_residue"": ""N"", ""residue_position"": 52, ""insertion_code"": null, ""aligned_interface_position"": 52, ""flat_residue_index"": 261, ""interface_region"": ""rim"", ""is_alanine_scanning"": false}, {""chain_id"": ""H"", ""chain_role"": ""heavy"", ""wt_residue"": ""S"", ""mutant_residue"": ""V"", ""residue_position"": 35, ""insertion_code"": null, ""aligned_interface_position"": 35, ""flat_residue_index"": 34, ""interface_region"": ""interior"", ""is_alanine_scanning"": false}]",n.b.,,,,298.0,16597831,Crystal structure is the affinity matured fab reported in the paper. This is taken as 'wild-type'
"2B2X_HL_A_VH50T,EH64K,QL28S,YL52N,SH52T_865",2B2X,AQC2 fab :: Integrin alpha-1,"[{""chain_id"": ""H"", ""chain_role"": ""heavy"", ""wt_residue"": ""V"", ""mutant_residue"": ""T"", ""residue_position"": 50, ""insertion_code"": null, ""aligned_interface_position"": 50, ""flat_residue_index"": 49, ""interface_region"": ""support"", ""is_alanine_scanning"": false}, {""chain_id"": ""H"", ""chain_role"": ""heavy"", ""wt_residue"": ""E"", ""mutant_residue"": ""K"", ""residue_position"": 64, ""insertion_code"": null, ""aligned_interface_position"": 64, ""flat_residue_index"": 63, ""interface_region"": ""surface"", ""is_alanine_scanning"": false}, {""chain_id"": ""L"", ""chain_role"": ""light"", ""wt_residue"": ""Q"", ""mutant_residue"": ""S"", ""residue_position"": 28, ""insertion_code"": null, ""aligned_interface_position"": 28, ""flat_residue_index"": 237, ""interface_region"": ""rim"", ""is_alanine_scanning"": false}, {""chain_id"": ""L"", ""chain_role"": ""light"", ""wt_residue"": ""Y"", ""mutant_residue"": ""N"", ""residue_position"": 52, ""insertion_code"": null, ""aligned_interface_position"": 52, ""flat_residue_index"": 261, ""interface_region"": ""rim"", ""is_alanine_scanning"": false}, {""chain_id"": ""H"", ""chain_role"": ""heavy"", ""wt_residue"": ""S"", ""mutant_residue"": ""T"", ""residue_position"": 52, ""insertion_code"": null, ""aligned_interface_position"": 52, ""flat_residue_index"": 51, ""interface_region"": ""support"", ""is_alanine_scanning"": false}]",n.b.,,,,298.0,16597831,Crystal structure is the affinity matured fab reported in the paper. This is taken as 'wild-type'
"2B2X_HL_A_VH50T,EH64K,QL28S,YL52N,SL24R_795",2B2X,AQC2 fab :: Integrin alpha-1,"[{""chain_id"": ""H"", ""chain_role"": ""heavy"", ""wt_residue"": ""V"", ""mutant_residue"": ""T"", ""residue_position"": 50, ""insertion_code"": null, ""aligned_interface_position"": 50, ""flat_residue_index"": 49, ""interface_region"": ""support"", ""is_alanine_scanning"": false}, {""chain_id"": ""H"", ""chain_role"": ""heavy"", ""wt_residue"": ""E"", ""mutant_residue"": ""K"", ""residue_position"": 64, ""insertion_code"": null, ""aligned_interface_position"": 64, ""flat_residue_index"": 63, ""interface_region"": ""surface"", ""is_alanine_scanning"": false}, {""chain_id"": ""L"", ""chain_role"": ""light"", ""wt_residue"": ""Q"", ""mutant_residue"": ""S"", ""residue_position"": 28, ""insertion_code"": null, ""aligned_interface_position"": 28, ""flat_residue_index"": 237, ""interface_region"": ""rim"", ""is_alanine_scanning"": false}, {""chain_id"": ""L"", ""chain_role"": ""light"", ""wt_residue"": ""Y"", ""mutant_residue"": ""N"", ""residue_position"": 52, ""insertion_code"": null, ""aligned_interface_position"": 52, ""flat_residue_index"": 261, ""interface_region"": ""rim"", ""is_alanine_scanning"": false}, {""chain_id"": ""L"", ""chain_role"": ""light"", ""wt_residue"": ""S"", ""mutant_residue"": ""R"", ""residue_position"": 24, ""insertion_code"": null, ""aligned_interface_position"": 24, ""flat_residue_index"": 233, ""interface_region"": ""surface"", ""is_alanine_scanning"": false}]",bounded,0.9761578391947988,5,,298.0,16597831,Crystal structure is the affinity matured fab reported in the paper. This is taken as 'wild-type'
"2B2X_HL_A_VH50T,EH64K,QL28S,YL52N,SL91K_828",2B2X,AQC2 fab :: Integrin alpha-1,"[{""chain_id"": ""H"", ""chain_role"": ""heavy"", ""wt_residue"": ""V"", ""mutant_residue"": ""T"", ""residue_position"": 50, ""insertion_code"": null, ""aligned_interface_position"": 50, ""flat_residue_index"": 49, ""interface_region"": ""support"", ""is_alanine_scanning"": false}, {""chain_id"": ""H"", ""chain_role"": ""heavy"", ""wt_residue"": ""E"", ""mutant_residue"": ""K"", ""residue_position"": 64, ""insertion_code"": null, ""aligned_interface_position"": 64, ""flat_residue_index"": 63, ""interface_region"": ""surface"", ""is_alanine_scanning"": false}, {""chain_id"": ""L"", ""chain_role"": ""light"", ""wt_residue"": ""Q"", ""mutant_residue"": ""S"", ""residue_position"": 28, ""insertion_code"": null, ""aligned_interface_position"": 28, ""flat_residue_index"": 237, ""interface_region"": ""rim"", ""is_alanine_scanning"": false}, {""chain_id"": ""L"", ""chain_role"": ""light"", ""wt_residue"": ""Y"", ""mutant_residue"": ""N"", ""residue_position"": 52, ""insertion_code"": null, ""aligned_interface_position"": 52, ""flat_residue_index"": 261, ""interface_region"": ""rim"", ""is_alanine_scanning"": false}, {""chain_id"": ""L"", ""chain_role"": ""light"", ""wt_residue"": ""S"", ""mutant_residue"": ""K"", ""residue_position"": 91, ""insertion_code"": null, ""aligned_interface_position"": 91, ""flat_residue_index"": 300, ""interface_region"": ""core"", ""is_alanine_scanning"": false}]",n.b.,,,,298.0,16597831,Crystal structure is the affinity matured fab reported in the paper. This is taken as 'wild-type'
"2B2X_HL_A_VH50T,EH64K,QL28S,YL52N,SL91Q_855",2B2X,AQC2 fab :: Integrin alpha-1,"[{""chain_id"": ""H"", ""chain_role"": ""heavy"", ""wt_residue"": ""V"", ""mutant_residue"": ""T"", ""residue_position"": 50, ""insertion_code"": null, ""aligned_interface_position"": 50, ""flat_residue_index"": 49, ""interface_region"": ""support"", ""is_alanine_scanning"": false}, {""chain_id"": ""H"", ""chain_role"": ""heavy"", ""wt_residue"": ""E"", ""mutant_residue"": ""K"", ""residue_position"": 64, ""insertion_code"": null, ""aligned_interface_position"": 64, ""flat_residue_index"": 63, ""interface_region"": ""surface"", ""is_alanine_scanning"": false}, {""chain_id"": ""L"", ""chain_role"": ""light"", ""wt_residue"": ""Q"", ""mutant_residue"": ""S"", ""residue_position"": 28, ""insertion_code"": null, ""aligned_interface_position"": 28, ""flat_residue_index"": 237, ""interface_region"": ""rim"", ""is_alanine_scanning"": false}, {""chain_id"": ""L"", ""chain_role"": ""light"", ""wt_residue"": ""Y"", ""mutant_residue"": ""N"", ""residue_position"": 52, ""insertion_code"": null, ""aligned_interface_position"": 52, ""flat_residue_index"": 261, ""interface_region"": ""rim"", ""is_alanine_scanning"": false}, {""chain_id"": ""L"", ""chain_role"": ""light"", ""wt_residue"": ""S"", ""mutant_residue"": ""Q"", ""residue_position"": 91, ""insertion_code"": null, ""aligned_interface_position"": 91, ""flat_residue_index"": 300, ""interface_region"": ""core"", ""is_alanine_scanning"": false}]",bounded,2.8172469419503217,7,,298.0,16597831,Crystal structure is the affinity matured fab reported in the paper. This is taken as 'wild-type'
"2B2X_HL_A_VH50T,EH64K,QL28S,YL52N,SL91R,NL30E_832",2B2X,AQC2 fab :: Integrin alpha-1,"[{""chain_id"": ""H"", ""chain_role"": ""heavy"", ""wt_residue"": ""V"", ""mutant_residue"": ""T"", ""residue_position"": 50, ""insertion_code"": null, ""aligned_interface_position"": 50, ""flat_residue_index"": 49, ""interface_region"": ""support"", ""is_alanine_scanning"": false}, {""chain_id"": ""H"", ""chain_role"": ""heavy"", ""wt_residue"": ""E"", ""mutant_residue"": ""K"", ""residue_position"": 64, ""insertion_code"": null, ""aligned_interface_position"": 64, ""flat_residue_index"": 63, ""interface_region"": ""surface"", ""is_alanine_scanning"": false}, {""chain_id"": ""L"", ""chain_role"": ""light"", ""wt_residue"": ""Q"", ""mutant_residue"": ""S"", ""residue_position"": 28, ""insertion_code"": null, ""aligned_interface_position"": 28, ""flat_residue_index"": 237, ""interface_region"": ""rim"", ""is_alanine_scanning"": false}, {""chain_id"": ""L"", ""chain_role"": ""light"", ""wt_residue"": ""Y"", ""mutant_residue"": ""N"", ""residue_position"": 52, ""insertion_code"": null, ""aligned_interface_position"": 52, ""flat_residue_index"": 261, ""interface_region"": ""rim"", ""is_alanine_scanning"": false}, {""chain_id"": ""L"", ""chain_role"": ""light"", ""wt_residue"": ""S"", ""mutant_residue"": ""R"", ""residue_position"": 91, ""insertion_code"": null, ""aligned_interface_position"": 91, ""flat_residue_index"": 300, ""interface_region"": ""core"", ""is_alanine_scanning"": false}, {""chain_id"": ""L"", ""chain_role"": ""light"", ""wt_residue"": ""N"", ""mutant_residue"": ""E"", ""residue_position"": 30, ""insertion_code"": null, ""aligned_interface_position"": 30, ""flat_residue_index"": 239, ""interface_region"": ""core"", ""is_alanine_scanning"": false}]",bounded,3.7703348162378485,8,,298.0,16597831,Crystal structure is the affinity matured fab reported in the paper. This is taken as 'wild-type'
"2B2X_HL_A_VH50T,EH64K,QL28S,YL52N,SL91R_827",2B2X,AQC2 fab :: Integrin alpha-1,"[{""chain_id"": ""H"", ""chain_role"": ""heavy"", ""wt_residue"": ""V"", ""mutant_residue"": ""T"", ""residue_position"": 50, ""insertion_code"": null, ""aligned_interface_position"": 50, ""flat_residue_index"": 49, ""interface_region"": ""support"", ""is_alanine_scanning"": false}, {""chain_id"": ""H"", ""chain_role"": ""heavy"", ""wt_residue"": ""E"", ""mutant_residue"": ""K"", ""residue_position"": 64, ""insertion_code"": null, ""aligned_interface_position"": 64, ""flat_residue_index"": 63, ""interface_region"": ""surface"", ""is_alanine_scanning"": false}, {""chain_id"": ""L"", ""chain_role"": ""light"", ""wt_residue"": ""Q"", ""mutant_residue"": ""S"", ""residue_position"": 28, ""insertion_code"": null, ""aligned_interface_position"": 28, ""flat_residue_index"": 237, ""interface_region"": ""rim"", ""is_alanine_scanning"": false}, {""chain_id"": ""L"", ""chain_role"": ""light"", ""wt_residue"": ""Y"", ""mutant_residue"": ""N"", ""residue_position"": 52, ""insertion_code"": null, ""aligned_interface_position"": 52, ""flat_residue_index"": 261, ""interface_region"": ""rim"", ""is_alanine_scanning"": false}, {""chain_id"": ""L"", ""chain_role"": ""light"", ""wt_residue"": ""S"", ""mutant_residue"": ""R"", ""residue_position"": 91, ""insertion_code"": null, ""aligned_interface_position"": 91, ""flat_residue_index"": 300, ""interface_region"": ""core"", ""is_alanine_scanning"": false}]",bounded,3.7703348162378485,8,,298.0,16597831,Crystal structure is the affinity matured fab reported in the paper. This is taken as 'wild-type'
"2B2X_HL_A_VH50T,EH64K,QL28S,YL52N,SL91T_826",2B2X,AQC2 fab :: Integrin alpha-1,"[{""chain_id"": ""H"", ""chain_role"": ""heavy"", ""wt_residue"": ""V"", ""mutant_residue"": ""T"", ""residue_position"": 50, ""insertion_code"": null, ""aligned_interface_position"": 50, ""flat_residue_index"": 49, ""interface_region"": ""support"", ""is_alanine_scanning"": false}, {""chain_id"": ""H"", ""chain_role"": ""heavy"", ""wt_residue"": ""E"", ""mutant_residue"": ""K"", ""residue_position"": 64, ""insertion_code"": null, ""aligned_interface_position"": 64, ""flat_residue_index"": 63, ""interface_region"": ""surface"", ""is_alanine_scanning"": false}, {""chain_id"": ""L"", ""chain_role"": ""light"", ""wt_residue"": ""Q"", ""mutant_residue"": ""S"", ""residue_position"": 28, ""insertion_code"": null, ""aligned_interface_position"": 28, ""flat_residue_index"": 237, ""interface_region"": ""rim"", ""is_alanine_scanning"": false}, {""chain_id"": ""L"", ""chain_role"": ""light"", ""wt_residue"": ""Y"", ""mutant_residue"": ""N"", ""residue_position"": 52, ""insertion_code"": null, ""aligned_interface_position"": 52, ""flat_residue_index"": 261, ""interface_region"": ""rim"", ""is_alanine_scanning"": false}, {""chain_id"": ""L"", ""chain_role"": ""light"", ""wt_residue"": ""S"", ""mutant_residue"": ""T"", ""residue_position"": 91, ""insertion_code"": null, ""aligned_interface_position"": 91, ""flat_residue_index"": 300, ""interface_region"": ""core"", ""is_alanine_scanning"": false}]",bounded,3.3598622109982097,8,,298.0,16597831,Crystal structure is the affinity matured fab reported in the paper. This is taken as 'wild-type'
"2B2X_HL_A_VH50T,EH64K,QL28S,YL52N,TH33E,GH53Q_890",2B2X,AQC2 fab :: Integrin alpha-1,"[{""chain_id"": ""H"", ""chain_role"": ""heavy"", ""wt_residue"": ""V"", ""mutant_residue"": ""T"", ""residue_position"": 50, ""insertion_code"": null, ""aligned_interface_position"": 50, ""flat_residue_index"": 49, ""interface_region"": ""support"", ""is_alanine_scanning"": false}, {""chain_id"": ""H"", ""chain_role"": ""heavy"", ""wt_residue"": ""E"", ""mutant_residue"": ""K"", ""residue_position"": 64, ""insertion_code"": null, ""aligned_interface_position"": 64, ""flat_residue_index"": 63, ""interface_region"": ""surface"", ""is_alanine_scanning"": false}, {""chain_id"": ""L"", ""chain_role"": ""light"", ""wt_residue"": ""Q"", ""mutant_residue"": ""S"", ""residue_position"": 28, ""insertion_code"": null, ""aligned_interface_position"": 28, ""flat_residue_index"": 237, ""interface_region"": ""rim"", ""is_alanine_scanning"": false}, {""chain_id"": ""L"", ""chain_role"": ""light"", ""wt_residue"": ""Y"", ""mutant_residue"": ""N"", ""residue_position"": 52, ""insertion_code"": null, ""aligned_interface_position"": 52, ""flat_residue_index"": 261, ""interface_region"": ""rim"", ""is_alanine_scanning"": false}, {""chain_id"": ""H"", ""chain_role"": ""heavy"", ""wt_residue"": ""T"", ""mutant_residue"": ""E"", ""residue_position"": 33, ""insertion_code"": null, ""aligned_interface_position"": 33, ""flat_residue_index"": 32, ""interface_region"": ""support"", ""is_alanine_scanning"": false}, {""chain_id"": ""H"", ""chain_role"": ""heavy"", ""wt_residue"": ""G"", ""mutant_residue"": ""Q"", ""residue_position"": 53, ""insertion_code"": null, ""aligned_interface_position"": 53, ""flat_residue_index"": 52, ""interface_region"": ""core"", ""is_alanine_scanning"": false}]",bounded,2.710670268102603,7,,298.0,16597831,Crystal structure is the affinity matured fab reported in the paper. This is taken as 'wild-type'
"2B2X_HL_A_VH50T,EH64K,QL28S,YL52N,TH33I,SH52T,GH53Q,GH54F_893",2B2X,AQC2 fab :: Integrin alpha-1,"[{""chain_id"": ""H"", ""chain_role"": ""heavy"", ""wt_residue"": ""V"", ""mutant_residue"": ""T"", ""residue_position"": 50, ""insertion_code"": null, ""aligned_interface_position"": 50, ""flat_residue_index"": 49, ""interface_region"": ""support"", ""is_alanine_scanning"": false}, {""chain_id"": ""H"", ""chain_role"": ""heavy"", ""wt_residue"": ""E"", ""mutant_residue"": ""K"", ""residue_position"": 64, ""insertion_code"": null, ""aligned_interface_position"": 64, ""flat_residue_index"": 63, ""interface_region"": ""surface"", ""is_alanine_scanning"": false}, {""chain_id"": ""L"", ""chain_role"": ""light"", ""wt_residue"": ""Q"", ""mutant_residue"": ""S"", ""residue_position"": 28, ""insertion_code"": null, ""aligned_interface_position"": 28, ""flat_residue_index"": 237, ""interface_region"": ""rim"", ""is_alanine_scanning"": false}, {""chain_id"": ""L"", ""chain_role"": ""light"", ""wt_residue"": ""Y"", ""mutant_residue"": ""N"", ""residue_position"": 52, ""insertion_code"": null, ""aligned_interface_position"": 52, ""flat_residue_index"": 261, ""interface_region"": ""rim"", ""is_alanine_scanning"": false}, {""chain_id"": ""H"", ""chain_role"": ""heavy"", ""wt_residue"": ""T"", ""mutant_residue"": ""I"", ""residue_position"": 33, ""insertion_code"": null, ""aligned_interface_position"": 33, ""flat_residue_index"": 32, ""interface_region"": ""support"", ""is_alanine_scanning"": false}, {""chain_id"": ""H"", ""chain_role"": ""heavy"", ""wt_residue"": ""S"", ""mutant_residue"": ""T"", ""residue_position"": 52, ""insertion_code"": null, ""aligned_interface_position"": 52, ""flat_residue_index"": 51, ""interface_region"": ""support"", ""is_alanine_scanning"": false}, {""chain_id"": ""H"", ""chain_role"": ""heavy"", ""wt_residue"": ""G"", ""mutant_residue"": ""Q"", ""residue_position"": 53, ""insertion_code"": null, ""aligned_interface_position"": 53, ""flat_residue_index"": 52, ""interface_region"": ""core"", ""is_alanine_scanning"": false}, {""chain_id"": ""H"", ""chain_role"": ""heavy"", ""wt_residue"": ""G"", ""mutant_residue"": ""F"", ""residue_position"": 54, ""insertion_code"": null, ""aligned_interface_position"": 54, ""flat_residue_index"": 53, ""interface_region"": ""rim"", ""is_alanine_scanning"": false}]",bounded,2.298527177151579,7,,298.0,16597831,Crystal structure is the affinity matured fab reported in the paper. This is taken as 'wild-type'
"2B2X_HL_A_VH50T,EH64K,QL28S,YL52N,TH33N_859",2B2X,AQC2 fab :: Integrin alpha-1,"[{""chain_id"": ""H"", ""chain_role"": ""heavy"", ""wt_residue"": ""V"", ""mutant_residue"": ""T"", ""residue_position"": 50, ""insertion_code"": null, ""aligned_interface_position"": 50, ""flat_residue_index"": 49, ""interface_region"": ""support"", ""is_alanine_scanning"": false}, {""chain_id"": ""H"", ""chain_role"": ""heavy"", ""wt_residue"": ""E"", ""mutant_residue"": ""K"", ""residue_position"": 64, ""insertion_code"": null, ""aligned_interface_position"": 64, ""flat_residue_index"": 63, ""interface_region"": ""surface"", ""is_alanine_scanning"": false}, {""chain_id"": ""L"", ""chain_role"": ""light"", ""wt_residue"": ""Q"", ""mutant_residue"": ""S"", ""residue_position"": 28, ""insertion_code"": null, ""aligned_interface_position"": 28, ""flat_residue_index"": 237, ""interface_region"": ""rim"", ""is_alanine_scanning"": false}, {""chain_id"": ""L"", ""chain_role"": ""light"", ""wt_residue"": ""Y"", ""mutant_residue"": ""N"", ""residue_position"": 52, ""insertion_code"": null, ""aligned_interface_position"": 52, ""flat_residue_index"": 261, ""interface_region"": ""rim"", ""is_alanine_scanning"": false}, {""chain_id"": ""H"", ""chain_role"": ""heavy"", ""wt_residue"": ""T"", ""mutant_residue"": ""N"", ""residue_position"": 33, ""insertion_code"": null, ""aligned_interface_position"": 33, ""flat_residue_index"": 32, ""interface_region"": ""support"", ""is_alanine_scanning"": false}]",bounded,3.7703348162378485,8,,298.0,16597831,Crystal structure is the affinity matured fab reported in the paper. This is taken as 'wild-type'
"2B2X_HL_A_VH50T,EH64K,QL28S,YL52N,TH33Q,GH54W_891",2B2X,AQC2 fab :: Integrin alpha-1,"[{""chain_id"": ""H"", ""chain_role"": ""heavy"", ""wt_residue"": ""V"", ""mutant_residue"": ""T"", ""residue_position"": 50, ""insertion_code"": null, ""aligned_interface_position"": 50, ""flat_residue_index"": 49, ""interface_region"": ""support"", ""is_alanine_scanning"": false}, {""chain_id"": ""H"", ""chain_role"": ""heavy"", ""wt_residue"": ""E"", ""mutant_residue"": ""K"", ""residue_position"": 64, ""insertion_code"": null, ""aligned_interface_position"": 64, ""flat_residue_index"": 63, ""interface_region"": ""surface"", ""is_alanine_scanning"": false}, {""chain_id"": ""L"", ""chain_role"": ""light"", ""wt_residue"": ""Q"", ""mutant_residue"": ""S"", ""residue_position"": 28, ""insertion_code"": null, ""aligned_interface_position"": 28, ""flat_residue_index"": 237, ""interface_region"": ""rim"", ""is_alanine_scanning"": false}, {""chain_id"": ""L"", ""chain_role"": ""light"", ""wt_residue"": ""Y"", ""mutant_residue"": ""N"", ""residue_position"": 52, ""insertion_code"": null, ""aligned_interface_position"": 52, ""flat_residue_index"": 261, ""interface_region"": ""rim"", ""is_alanine_scanning"": false}, {""chain_id"": ""H"", ""chain_role"": ""heavy"", ""wt_residue"": ""T"", ""mutant_residue"": ""Q"", ""residue_position"": 33, ""insertion_code"": null, ""aligned_interface_position"": 33, ""flat_residue_index"": 32, ""interface_region"": ""support"", ""is_alanine_scanning"": false}, {""chain_id"": ""H"", ""chain_role"": ""heavy"", ""wt_residue"": ""G"", ""mutant_residue"": ""W"", ""residue_position"": 54, ""insertion_code"": null, ""aligned_interface_position"": 54, ""flat_residue_index"": 53, ""interface_region"": ""rim"", ""is_alanine_scanning"": false}]",n.b.,,,,298.0,16597831,Crystal structure is the affinity matured fab reported in the paper. This is taken as 'wild-type'
"2B2X_HL_A_VH50T,EH64K,QL28S,YL52N,TH33Q_860",2B2X,AQC2 fab :: Integrin alpha-1,"[{""chain_id"": ""H"", ""chain_role"": ""heavy"", ""wt_residue"": ""V"", ""mutant_residue"": ""T"", ""residue_position"": 50, ""insertion_code"": null, ""aligned_interface_position"": 50, ""flat_residue_index"": 49, ""interface_region"": ""support"", ""is_alanine_scanning"": false}, {""chain_id"": ""H"", ""chain_role"": ""heavy"", ""wt_residue"": ""E"", ""mutant_residue"": ""K"", ""residue_position"": 64, ""insertion_code"": null, ""aligned_interface_position"": 64, ""flat_residue_index"": 63, ""interface_region"": ""surface"", ""is_alanine_scanning"": false}, {""chain_id"": ""L"", ""chain_role"": ""light"", ""wt_residue"": ""Q"", ""mutant_residue"": ""S"", ""residue_position"": 28, ""insertion_code"": null, ""aligned_interface_position"": 28, ""flat_residue_index"": 237, ""interface_region"": ""rim"", ""is_alanine_scanning"": false}, {""chain_id"": ""L"", ""chain_role"": ""light"", ""wt_residue"": ""Y"", ""mutant_residue"": ""N"", ""residue_position"": 52, ""insertion_code"": null, ""aligned_interface_position"": 52, ""flat_residue_index"": 261, ""interface_region"": ""rim"", ""is_alanine_scanning"": false}, {""chain_id"": ""H"", ""chain_role"": ""heavy"", ""wt_residue"": ""T"", ""mutant_residue"": ""Q"", ""residue_position"": 33, ""insertion_code"": null, ""aligned_interface_position"": 33, ""flat_residue_index"": 32, ""interface_region"": ""support"", ""is_alanine_scanning"": false}]",n.b.,,,,298.0,16597831,Crystal structure is the affinity matured fab reported in the paper. This is taken as 'wild-type'
"2B2X_HL_A_VH50T,EH64K,QL28S,YL52N,TH33S,GH53W_876",2B2X,AQC2 fab :: Integrin alpha-1,"[{""chain_id"": ""H"", ""chain_role"": ""heavy"", ""wt_residue"": ""V"", ""mutant_residue"": ""T"", ""residue_position"": 50, ""insertion_code"": null, ""aligned_interface_position"": 50, ""flat_residue_index"": 49, ""interface_region"": ""support"", ""is_alanine_scanning"": false}, {""chain_id"": ""H"", ""chain_role"": ""heavy"", ""wt_residue"": ""E"", ""mutant_residue"": ""K"", ""residue_position"": 64, ""insertion_code"": null, ""aligned_interface_position"": 64, ""flat_residue_index"": 63, ""interface_region"": ""surface"", ""is_alanine_scanning"": false}, {""chain_id"": ""L"", ""chain_role"": ""light"", ""wt_residue"": ""Q"", ""mutant_residue"": ""S"", ""residue_position"": 28, ""insertion_code"": null, ""aligned_interface_position"": 28, ""flat_residue_index"": 237, ""interface_region"": ""rim"", ""is_alanine_scanning"": false}, {""chain_id"": ""L"", ""chain_role"": ""light"", ""wt_residue"": ""Y"", ""mutant_residue"": ""N"", ""residue_position"": 52, ""insertion_code"": null, ""aligned_interface_position"": 52, ""flat_residue_index"": 261, ""interface_region"": ""rim"", ""is_alanine_scanning"": false}, {""chain_id"": ""H"", ""chain_role"": ""heavy"", ""wt_residue"": ""T"", ""mutant_residue"": ""S"", ""residue_position"": 33, ""insertion_code"": null, ""aligned_interface_position"": 33, ""flat_residue_index"": 32, ""interface_region"": ""support"", ""is_alanine_scanning"": false}, {""chain_id"": ""H"", ""chain_role"": ""heavy"", ""wt_residue"": ""G"", ""mutant_residue"": ""W"", ""residue_position"": 53, ""insertion_code"": null, ""aligned_interface_position"": 53, ""flat_residue_index"": 52, ""interface_region"": ""core"", ""is_alanine_scanning"": false}]",n.b.,,,,298.0,16597831,Crystal structure is the affinity matured fab reported in the paper. This is taken as 'wild-type'
"2B2X_HL_A_VH50T,EH64K,QL28S,YL52N,TH33V_858",2B2X,AQC2 fab :: Integrin alpha-1,"[{""chain_id"": ""H"", ""chain_role"": ""heavy"", ""wt_residue"": ""V"", ""mutant_residue"": ""T"", ""residue_position"": 50, ""insertion_code"": null, ""aligned_interface_position"": 50, ""flat_residue_index"": 49, ""interface_region"": ""support"", ""is_alanine_scanning"": false}, {""chain_id"": ""H"", ""chain_role"": ""heavy"", ""wt_residue"": ""E"", ""mutant_residue"": ""K"", ""residue_position"": 64, ""insertion_code"": null, ""aligned_interface_position"": 64, ""flat_residue_index"": 63, ""interface_region"": ""surface"", ""is_alanine_scanning"": false}, {""chain_id"": ""L"", ""chain_role"": ""light"", ""wt_residue"": ""Q"", ""mutant_residue"": ""S"", ""residue_position"": 28, ""insertion_code"": null, ""aligned_interface_position"": 28, ""flat_residue_index"": 237, ""interface_region"": ""rim"", ""is_alanine_scanning"": false}, {""chain_id"": ""L"", ""chain_role"": ""light"", ""wt_residue"": ""Y"", ""mutant_residue"": ""N"", ""residue_position"": 52, ""insertion_code"": null, ""aligned_interface_position"": 52, ""flat_residue_index"": 261, ""interface_region"": ""rim"", ""is_alanine_scanning"": false}, {""chain_id"": ""H"", ""chain_role"": ""heavy"", ""wt_residue"": ""T"", ""mutant_residue"": ""V"", ""residue_position"": 33, ""insertion_code"": null, ""aligned_interface_position"": 33, ""flat_residue_index"": 32, ""interface_region"": ""support"", ""is_alanine_scanning"": false}]",bounded,1.4775819666723018,6,,298.0,16597831,Crystal structure is the affinity matured fab reported in the paper. This is taken as 'wild-type'
"2B2X_HL_A_VH50T,EH64K,QL28S,YL52N,WL90Q,FL33Y_857",2B2X,AQC2 fab :: Integrin alpha-1,"[{""chain_id"": ""H"", ""chain_role"": ""heavy"", ""wt_residue"": ""V"", ""mutant_residue"": ""T"", ""residue_position"": 50, ""insertion_code"": null, ""aligned_interface_position"": 50, ""flat_residue_index"": 49, ""interface_region"": ""support"", ""is_alanine_scanning"": false}, {""chain_id"": ""H"", ""chain_role"": ""heavy"", ""wt_residue"": ""E"", ""mutant_residue"": ""K"", ""residue_position"": 64, ""insertion_code"": null, ""aligned_interface_position"": 64, ""flat_residue_index"": 63, ""interface_region"": ""surface"", ""is_alanine_scanning"": false}, {""chain_id"": ""L"", ""chain_role"": ""light"", ""wt_residue"": ""Q"", ""mutant_residue"": ""S"", ""residue_position"": 28, ""insertion_code"": null, ""aligned_interface_position"": 28, ""flat_residue_index"": 237, ""interface_region"": ""rim"", ""is_alanine_scanning"": false}, {""chain_id"": ""L"", ""chain_role"": ""light"", ""wt_residue"": ""Y"", ""mutant_residue"": ""N"", ""residue_position"": 52, ""insertion_code"": null, ""aligned_interface_position"": 52, ""flat_residue_index"": 261, ""interface_region"": ""rim"", ""is_alanine_scanning"": false}, {""chain_id"": ""L"", ""chain_role"": ""light"", ""wt_residue"": ""W"", ""mutant_residue"": ""Q"", ""residue_position"": 90, ""insertion_code"": null, ""aligned_interface_position"": 90, ""flat_residue_index"": 299, ""interface_region"": ""support"", ""is_alanine_scanning"": false}, {""chain_id"": ""L"", ""chain_role"": ""light"", ""wt_residue"": ""F"", ""mutant_residue"": ""Y"", ""residue_position"": 33, ""insertion_code"": null, ""aligned_interface_position"": 33, ""flat_residue_index"": 242, ""interface_region"": ""interior"", ""is_alanine_scanning"": false}]",bounded,1.914232836019033,6,,298.0,16597831,Crystal structure is the affinity matured fab reported in the paper. This is taken as 'wild-type'
"2B2X_HL_A_VH50T,EH64K,QL28S,YL52N,WL90Q_854",2B2X,AQC2 fab :: Integrin alpha-1,"[{""chain_id"": ""H"", ""chain_role"": ""heavy"", ""wt_residue"": ""V"", ""mutant_residue"": ""T"", ""residue_position"": 50, ""insertion_code"": null, ""aligned_interface_position"": 50, ""flat_residue_index"": 49, ""interface_region"": ""support"", ""is_alanine_scanning"": false}, {""chain_id"": ""H"", ""chain_role"": ""heavy"", ""wt_residue"": ""E"", ""mutant_residue"": ""K"", ""residue_position"": 64, ""insertion_code"": null, ""aligned_interface_position"": 64, ""flat_residue_index"": 63, ""interface_region"": ""surface"", ""is_alanine_scanning"": false}, {""chain_id"": ""L"", ""chain_role"": ""light"", ""wt_residue"": ""Q"", ""mutant_residue"": ""S"", ""residue_position"": 28, ""insertion_code"": null, ""aligned_interface_position"": 28, ""flat_residue_index"": 237, ""interface_region"": ""rim"", ""is_alanine_scanning"": false}, {""chain_id"": ""L"", ""chain_role"": ""light"", ""wt_residue"": ""Y"", ""mutant_residue"": ""N"", ""residue_position"": 52, ""insertion_code"": null, ""aligned_interface_position"": 52, ""flat_residue_index"": 261, ""interface_region"": ""rim"", ""is_alanine_scanning"": false}, {""chain_id"": ""L"", ""chain_role"": ""light"", ""wt_residue"": ""W"", ""mutant_residue"": ""Q"", ""residue_position"": 90, ""insertion_code"": null, ""aligned_interface_position"": 90, ""flat_residue_index"": 299, ""interface_region"": ""support"", ""is_alanine_scanning"": false}]",bounded,3.1190540288766146,8,,298.0,16597831,Crystal structure is the affinity matured fab reported in the paper. This is taken as 'wild-type'
"2B2X_HL_A_VH50T,EH64K,QL28S,YL52N,YH58E,HH56N_845",2B2X,AQC2 fab :: Integrin alpha-1,"[{""chain_id"": ""H"", ""chain_role"": ""heavy"", ""wt_residue"": ""V"", ""mutant_residue"": ""T"", ""residue_position"": 50, ""insertion_code"": null, ""aligned_interface_position"": 50, ""flat_residue_index"": 49, ""interface_region"": ""support"", ""is_alanine_scanning"": false}, {""chain_id"": ""H"", ""chain_role"": ""heavy"", ""wt_residue"": ""E"", ""mutant_residue"": ""K"", ""residue_position"": 64, ""insertion_code"": null, ""aligned_interface_position"": 64, ""flat_residue_index"": 63, ""interface_region"": ""surface"", ""is_alanine_scanning"": false}, {""chain_id"": ""L"", ""chain_role"": ""light"", ""wt_residue"": ""Q"", ""mutant_residue"": ""S"", ""residue_position"": 28, ""insertion_code"": null, ""aligned_interface_position"": 28, ""flat_residue_index"": 237, ""interface_region"": ""rim"", ""is_alanine_scanning"": false}, {""chain_id"": ""L"", ""chain_role"": ""light"", ""wt_residue"": ""Y"", ""mutant_residue"": ""N"", ""residue_position"": 52, ""insertion_code"": null, ""aligned_interface_position"": 52, ""flat_residue_index"": 261, ""interface_region"": ""rim"", ""is_alanine_scanning"": false}, {""chain_id"": ""H"", ""chain_role"": ""heavy"", ""wt_residue"": ""Y"", ""mutant_residue"": ""E"", ""residue_position"": 58, ""insertion_code"": null, ""aligned_interface_position"": 58, ""flat_residue_index"": 57, ""interface_region"": ""core"", ""is_alanine_scanning"": false}, {""chain_id"": ""H"", ""chain_role"": ""heavy"", ""wt_residue"": ""H"", ""mutant_residue"": ""N"", ""residue_position"": 56, ""insertion_code"": null, ""aligned_interface_position"": 56, ""flat_residue_index"": 55, ""interface_region"": ""core"", ""is_alanine_scanning"": false}]",n.b.,,,,298.0,16597831,Crystal structure is the affinity matured fab reported in the paper. This is taken as 'wild-type'
"2B2X_HL_A_VH50T,EH64K,QL28S,YL52N,YH58E_840",2B2X,AQC2 fab :: Integrin alpha-1,"[{""chain_id"": ""H"", ""chain_role"": ""heavy"", ""wt_residue"": ""V"", ""mutant_residue"": ""T"", ""residue_position"": 50, ""insertion_code"": null, ""aligned_interface_position"": 50, ""flat_residue_index"": 49, ""interface_region"": ""support"", ""is_alanine_scanning"": false}, {""chain_id"": ""H"", ""chain_role"": ""heavy"", ""wt_residue"": ""E"", ""mutant_residue"": ""K"", ""residue_position"": 64, ""insertion_code"": null, ""aligned_interface_position"": 64, ""flat_residue_index"": 63, ""interface_region"": ""surface"", ""is_alanine_scanning"": false}, {""chain_id"": ""L"", ""chain_role"": ""light"", ""wt_residue"": ""Q"", ""mutant_residue"": ""S"", ""residue_position"": 28, ""insertion_code"": null, ""aligned_interface_position"": 28, ""flat_residue_index"": 237, ""interface_region"": ""rim"", ""is_alanine_scanning"": false}, {""chain_id"": ""L"", ""chain_role"": ""light"", ""wt_residue"": ""Y"", ""mutant_residue"": ""N"", ""residue_position"": 52, ""insertion_code"": null, ""aligned_interface_position"": 52, ""flat_residue_index"": 261, ""interface_region"": ""rim"", ""is_alanine_scanning"": false}, {""chain_id"": ""H"", ""chain_role"": ""heavy"", ""wt_residue"": ""Y"", ""mutant_residue"": ""E"", ""residue_position"": 58, ""insertion_code"": null, ""aligned_interface_position"": 58, ""flat_residue_index"": 57, ""interface_region"": ""core"", ""is_alanine_scanning"": false}]",bounded,3.1190540288766146,8,,298.0,16597831,Crystal structure is the affinity matured fab reported in the paper. This is taken as 'wild-type'
"2B2X_HL_A_VH50T,EH64K,QL28S,YL52N,YH58Q,HH56N_846",2B2X,AQC2 fab :: Integrin alpha-1,"[{""chain_id"": ""H"", ""chain_role"": ""heavy"", ""wt_residue"": ""V"", ""mutant_residue"": ""T"", ""residue_position"": 50, ""insertion_code"": null, ""aligned_interface_position"": 50, ""flat_residue_index"": 49, ""interface_region"": ""support"", ""is_alanine_scanning"": false}, {""chain_id"": ""H"", ""chain_role"": ""heavy"", ""wt_residue"": ""E"", ""mutant_residue"": ""K"", ""residue_position"": 64, ""insertion_code"": null, ""aligned_interface_position"": 64, ""flat_residue_index"": 63, ""interface_region"": ""surface"", ""is_alanine_scanning"": false}, {""chain_id"": ""L"", ""chain_role"": ""light"", ""wt_residue"": ""Q"", ""mutant_residue"": ""S"", ""residue_position"": 28, ""insertion_code"": null, ""aligned_interface_position"": 28, ""flat_residue_index"": 237, ""interface_region"": ""rim"", ""is_alanine_scanning"": false}, {""chain_id"": ""L"", ""chain_role"": ""light"", ""wt_residue"": ""Y"", ""mutant_residue"": ""N"", ""residue_position"": 52, ""insertion_code"": null, ""aligned_interface_position"": 52, ""flat_residue_index"": 261, ""interface_region"": ""rim"", ""is_alanine_scanning"": false}, {""chain_id"": ""H"", ""chain_role"": ""heavy"", ""wt_residue"": ""Y"", ""mutant_residue"": ""Q"", ""residue_position"": 58, ""insertion_code"": null, ""aligned_interface_position"": 58, ""flat_residue_index"": 57, ""interface_region"": ""core"", ""is_alanine_scanning"": false}, {""chain_id"": ""H"", ""chain_role"": ""heavy"", ""wt_residue"": ""H"", ""mutant_residue"": ""N"", ""residue_position"": 56, ""insertion_code"": null, ""aligned_interface_position"": 56, ""flat_residue_index"": 55, ""interface_region"": ""core"", ""is_alanine_scanning"": false}]",n.b.,,,,298.0,16597831,Crystal structure is the affinity matured fab reported in the paper. This is taken as 'wild-type'
"2B2X_HL_A_VH50T,EH64K,QL28S,YL52N,YH58Q_839",2B2X,AQC2 fab :: Integrin alpha-1,"[{""chain_id"": ""H"", ""chain_role"": ""heavy"", ""wt_residue"": ""V"", ""mutant_residue"": ""T"", ""residue_position"": 50, ""insertion_code"": null, ""aligned_interface_position"": 50, ""flat_residue_index"": 49, ""interface_region"": ""support"", ""is_alanine_scanning"": false}, {""chain_id"": ""H"", ""chain_role"": ""heavy"", ""wt_residue"": ""E"", ""mutant_residue"": ""K"", ""residue_position"": 64, ""insertion_code"": null, ""aligned_interface_position"": 64, ""flat_residue_index"": 63, ""interface_region"": ""surface"", ""is_alanine_scanning"": false}, {""chain_id"": ""L"", ""chain_role"": ""light"", ""wt_residue"": ""Q"", ""mutant_residue"": ""S"", ""residue_position"": 28, ""insertion_code"": null, ""aligned_interface_position"": 28, ""flat_residue_index"": 237, ""interface_region"": ""rim"", ""is_alanine_scanning"": false}, {""chain_id"": ""L"", ""chain_role"": ""light"", ""wt_residue"": ""Y"", ""mutant_residue"": ""N"", ""residue_position"": 52, ""insertion_code"": null, ""aligned_interface_position"": 52, ""flat_residue_index"": 261, ""interface_region"": ""rim"", ""is_alanine_scanning"": false}, {""chain_id"": ""H"", ""chain_role"": ""heavy"", ""wt_residue"": ""Y"", ""mutant_residue"": ""Q"", ""residue_position"": 58, ""insertion_code"": null, ""aligned_interface_position"": 58, ""flat_residue_index"": 57, ""interface_region"": ""core"", ""is_alanine_scanning"": false}]",bounded,3.1190540288766146,8,,298.0,16597831,Crystal structure is the affinity matured fab reported in the paper. This is taken as 'wild-type'
"2B2X_HL_A_VH50T,EH64K,QL28S,YL52N,YH58W_841",2B2X,AQC2 fab :: Integrin alpha-1,"[{""chain_id"": ""H"", ""chain_role"": ""heavy"", ""wt_residue"": ""V"", ""mutant_residue"": ""T"", ""residue_position"": 50, ""insertion_code"": null, ""aligned_interface_position"": 50, ""flat_residue_index"": 49, ""interface_region"": ""support"", ""is_alanine_scanning"": false}, {""chain_id"": ""H"", ""chain_role"": ""heavy"", ""wt_residue"": ""E"", ""mutant_residue"": ""K"", ""residue_position"": 64, ""insertion_code"": null, ""aligned_interface_position"": 64, ""flat_residue_index"": 63, ""interface_region"": ""surface"", ""is_alanine_scanning"": false}, {""chain_id"": ""L"", ""chain_role"": ""light"", ""wt_residue"": ""Q"", ""mutant_residue"": ""S"", ""residue_position"": 28, ""insertion_code"": null, ""aligned_interface_position"": 28, ""flat_residue_index"": 237, ""interface_region"": ""rim"", ""is_alanine_scanning"": false}, {""chain_id"": ""L"", ""chain_role"": ""light"", ""wt_residue"": ""Y"", ""mutant_residue"": ""N"", ""residue_position"": 52, ""insertion_code"": null, ""aligned_interface_position"": 52, ""flat_residue_index"": 261, ""interface_region"": ""rim"", ""is_alanine_scanning"": false}, {""chain_id"": ""H"", ""chain_role"": ""heavy"", ""wt_residue"": ""Y"", ""mutant_residue"": ""W"", ""residue_position"": 58, ""insertion_code"": null, ""aligned_interface_position"": 58, ""flat_residue_index"": 57, ""interface_region"": ""core"", ""is_alanine_scanning"": false}]",bounded,1.8641590676627953,6,,298.0,16597831,Crystal structure is the affinity matured fab reported in the paper. This is taken as 'wild-type'
"2B2X_HL_A_VH50T,EH64K,QL28S,YL52N,YH59E_816",2B2X,AQC2 fab :: Integrin alpha-1,"[{""chain_id"": ""H"", ""chain_role"": ""heavy"", ""wt_residue"": ""V"", ""mutant_residue"": ""T"", ""residue_position"": 50, ""insertion_code"": null, ""aligned_interface_position"": 50, ""flat_residue_index"": 49, ""interface_region"": ""support"", ""is_alanine_scanning"": false}, {""chain_id"": ""H"", ""chain_role"": ""heavy"", ""wt_residue"": ""E"", ""mutant_residue"": ""K"", ""residue_position"": 64, ""insertion_code"": null, ""aligned_interface_position"": 64, ""flat_residue_index"": 63, ""interface_region"": ""surface"", ""is_alanine_scanning"": false}, {""chain_id"": ""L"", ""chain_role"": ""light"", ""wt_residue"": ""Q"", ""mutant_residue"": ""S"", ""residue_position"": 28, ""insertion_code"": null, ""aligned_interface_position"": 28, ""flat_residue_index"": 237, ""interface_region"": ""rim"", ""is_alanine_scanning"": false}, {""chain_id"": ""L"", ""chain_role"": ""light"", ""wt_residue"": ""Y"", ""mutant_residue"": ""N"", ""residue_position"": 52, ""insertion_code"": null, ""aligned_interface_position"": 52, ""flat_residue_index"": 261, ""interface_region"": ""rim"", ""is_alanine_scanning"": false}, {""chain_id"": ""H"", ""chain_role"": ""heavy"", ""wt_residue"": ""Y"", ""mutant_residue"": ""E"", ""residue_position"": 59, ""insertion_code"": null, ""aligned_interface_position"": 59, ""flat_residue_index"": 58, ""interface_region"": ""support"", ""is_alanine_scanning"": false}]",bounded,1.5872208702139448,6,,298.0,16597831,Crystal structure is the affinity matured fab reported in the paper. This is taken as 'wild-type'
"2B2X_HL_A_VH50T,EH64K,QL28S,YL52N_784",2B2X,AQC2 fab :: Integrin alpha-1,"[{""chain_id"": ""H"", ""chain_role"": ""heavy"", ""wt_residue"": ""V"", ""mutant_residue"": ""T"", ""residue_position"": 50, ""insertion_code"": null, ""aligned_interface_position"": 50, ""flat_residue_index"": 49, ""interface_region"": ""support"", ""is_alanine_scanning"": false}, {""chain_id"": ""H"", ""chain_role"": ""heavy"", ""wt_residue"": ""E"", ""mutant_residue"": ""K"", ""residue_position"": 64, ""insertion_code"": null, ""aligned_interface_position"": 64, ""flat_residue_index"": 63, ""interface_region"": ""surface"", ""is_alanine_scanning"": false}, {""chain_id"": ""L"", ""chain_role"": ""light"", ""wt_residue"": ""Q"", ""mutant_residue"": ""S"", ""residue_position"": 28, ""insertion_code"": null, ""aligned_interface_position"": 28, ""flat_residue_index"": 237, ""interface_region"": ""rim"", ""is_alanine_scanning"": false}, {""chain_id"": ""L"", ""chain_role"": ""light"", ""wt_residue"": ""Y"", ""mutant_residue"": ""N"", ""residue_position"": 52, ""insertion_code"": null, ""aligned_interface_position"": 52, ""flat_residue_index"": 261, ""interface_region"": ""rim"", ""is_alanine_scanning"": false}]",bounded,1.043213857183518,6,,298.0,16597831,"Crystal structure is the affinity matured fab reported in the paper, and the mutations revert to the unmatured fab."
"2B2X_HL_A_VH50T,EH64K,QL28S,YL52R_811",2B2X,AQC2 fab :: Integrin alpha-1,"[{""chain_id"": ""H"", ""chain_role"": ""heavy"", ""wt_residue"": ""V"", ""mutant_residue"": ""T"", ""residue_position"": 50, ""insertion_code"": null, ""aligned_interface_position"": 50, ""flat_residue_index"": 49, ""interface_region"": ""support"", ""is_alanine_scanning"": false}, {""chain_id"": ""H"", ""chain_role"": ""heavy"", ""wt_residue"": ""E"", ""mutant_residue"": ""K"", ""residue_position"": 64, ""insertion_code"": null, ""aligned_interface_position"": 64, ""flat_residue_index"": 63, ""interface_region"": ""surface"", ""is_alanine_scanning"": false}, {""chain_id"": ""L"", ""chain_role"": ""light"", ""wt_residue"": ""Q"", ""mutant_residue"": ""S"", ""residue_position"": 28, ""insertion_code"": null, ""aligned_interface_position"": 28, ""flat_residue_index"": 237, ""interface_region"": ""rim"", ""is_alanine_scanning"": false}, {""chain_id"": ""L"", ""chain_role"": ""light"", ""wt_residue"": ""Y"", ""mutant_residue"": ""R"", ""residue_position"": 52, ""insertion_code"": null, ""aligned_interface_position"": 52, ""flat_residue_index"": 261, ""interface_region"": ""rim"", ""is_alanine_scanning"": false}]",bounded,1.8880545719119406,6,,298.0,16597831,Crystal structure is the affinity matured fab reported in the paper. This is taken as 'wild-type'
"2B2X_HL_A_VH50T,EH64K,QL28S_793",2B2X,AQC2 fab :: Integrin alpha-1,"[{""chain_id"": ""H"", ""chain_role"": ""heavy"", ""wt_residue"": ""V"", ""mutant_residue"": ""T"", ""residue_position"": 50, ""insertion_code"": null, ""aligned_interface_position"": 50, ""flat_residue_index"": 49, ""interface_region"": ""support"", ""is_alanine_scanning"": false}, {""chain_id"": ""H"", ""chain_role"": ""heavy"", ""wt_residue"": ""E"", ""mutant_residue"": ""K"", ""residue_position"": 64, ""insertion_code"": null, ""aligned_interface_position"": 64, ""flat_residue_index"": 63, ""interface_region"": ""surface"", ""is_alanine_scanning"": false}, {""chain_id"": ""L"", ""chain_role"": ""light"", ""wt_residue"": ""Q"", ""mutant_residue"": ""S"", ""residue_position"": 28, ""insertion_code"": null, ""aligned_interface_position"": 28, ""flat_residue_index"": 237, ""interface_region"": ""rim"", ""is_alanine_scanning"": false}]",bounded,0.9399640841759178,5,,298.0,16597831,Crystal structure is the affinity matured fab reported in the paper. This is taken as 'wild-type'
"2B2X_HL_A_VH50T,EH64N,QL28S,YL52N_791",2B2X,AQC2 fab :: Integrin alpha-1,"[{""chain_id"": ""H"", ""chain_role"": ""heavy"", ""wt_residue"": ""V"", ""mutant_residue"": ""T"", ""residue_position"": 50, ""insertion_code"": null, ""aligned_interface_position"": 50, ""flat_residue_index"": 49, ""interface_region"": ""support"", ""is_alanine_scanning"": false}, {""chain_id"": ""H"", ""chain_role"": ""heavy"", ""wt_residue"": ""E"", ""mutant_residue"": ""N"", ""residue_position"": 64, ""insertion_code"": null, ""aligned_interface_position"": 64, ""flat_residue_index"": 63, ""interface_region"": ""surface"", ""is_alanine_scanning"": false}, {""chain_id"": ""L"", ""chain_role"": ""light"", ""wt_residue"": ""Q"", ""mutant_residue"": ""S"", ""residue_position"": 28, ""insertion_code"": null, ""aligned_interface_position"": 28, ""flat_residue_index"": 237, ""interface_region"": ""rim"", ""is_alanine_scanning"": false}, {""chain_id"": ""L"", ""chain_role"": ""light"", ""wt_residue"": ""Y"", ""mutant_residue"": ""N"", ""residue_position"": 52, ""insertion_code"": null, ""aligned_interface_position"": 52, ""flat_residue_index"": 261, ""interface_region"": ""rim"", ""is_alanine_scanning"": false}]",bounded,0.9706709600423111,5,,298.0,16597831,Crystal structure is the affinity matured fab reported in the paper. This is taken as 'wild-type'
"2B2X_HL_A_VH50T,EH64Q,QL28S,YL52N,LH60D_802",2B2X,AQC2 fab :: Integrin alpha-1,"[{""chain_id"": ""H"", ""chain_role"": ""heavy"", ""wt_residue"": ""V"", ""mutant_residue"": ""T"", ""residue_position"": 50, ""insertion_code"": null, ""aligned_interface_position"": 50, ""flat_residue_index"": 49, ""interface_region"": ""support"", ""is_alanine_scanning"": false}, {""chain_id"": ""H"", ""chain_role"": ""heavy"", ""wt_residue"": ""E"", ""mutant_residue"": ""Q"", ""residue_position"": 64, ""insertion_code"": null, ""aligned_interface_position"": 64, ""flat_residue_index"": 63, ""interface_region"": ""surface"", ""is_alanine_scanning"": false}, {""chain_id"": ""L"", ""chain_role"": ""light"", ""wt_residue"": ""Q"", ""mutant_residue"": ""S"", ""residue_position"": 28, ""insertion_code"": null, ""aligned_interface_position"": 28, ""flat_residue_index"": 237, ""interface_region"": ""rim"", ""is_alanine_scanning"": false}, {""chain_id"": ""L"", ""chain_role"": ""light"", ""wt_residue"": ""Y"", ""mutant_residue"": ""N"", ""residue_position"": 52, ""insertion_code"": null, ""aligned_interface_position"": 52, ""flat_residue_index"": 261, ""interface_region"": ""rim"", ""is_alanine_scanning"": false}, {""chain_id"": ""H"", ""chain_role"": ""heavy"", ""wt_residue"": ""L"", ""mutant_residue"": ""D"", ""residue_position"": 60, ""insertion_code"": null, ""aligned_interface_position"": 60, ""flat_residue_index"": 59, ""interface_region"": ""interior"", ""is_alanine_scanning"": false}]",bounded,1.0862031966095422,6,,298.0,16597831,Crystal structure is the affinity matured fab reported in the paper. This is taken as 'wild-type'
"2B2X_HL_A_VH50T,EH64Q,QL28S,YL52N_789",2B2X,AQC2 fab :: Integrin alpha-1,"[{""chain_id"": ""H"", ""chain_role"": ""heavy"", ""wt_residue"": ""V"", ""mutant_residue"": ""T"", ""residue_position"": 50, ""insertion_code"": null, ""aligned_interface_position"": 50, ""flat_residue_index"": 49, ""interface_region"": ""support"", ""is_alanine_scanning"": false}, {""chain_id"": ""H"", ""chain_role"": ""heavy"", ""wt_residue"": ""E"", ""mutant_residue"": ""Q"", ""residue_position"": 64, ""insertion_code"": null, ""aligned_interface_position"": 64, ""flat_residue_index"": 63, ""interface_region"": ""surface"", ""is_alanine_scanning"": false}, {""chain_id"": ""L"", ""chain_role"": ""light"", ""wt_residue"": ""Q"", ""mutant_residue"": ""S"", ""residue_position"": 28, ""insertion_code"": null, ""aligned_interface_position"": 28, ""flat_residue_index"": 237, ""interface_region"": ""rim"", ""is_alanine_scanning"": false}, {""chain_id"": ""L"", ""chain_role"": ""light"", ""wt_residue"": ""Y"", ""mutant_residue"": ""N"", ""residue_position"": 52, ""insertion_code"": null, ""aligned_interface_position"": 52, ""flat_residue_index"": 261, ""interface_region"": ""rim"", ""is_alanine_scanning"": false}]",bounded,0.8879845267516375,5,,298.0,16597831,Crystal structure is the affinity matured fab reported in the paper. This is taken as 'wild-type'
"2B2X_HL_A_VH50T,QL28S,YL52N,LH60D_803",2B2X,AQC2 fab :: Integrin alpha-1,"[{""chain_id"": ""H"", ""chain_role"": ""heavy"", ""wt_residue"": ""V"", ""mutant_residue"": ""T"", ""residue_position"": 50, ""insertion_code"": null, ""aligned_interface_position"": 50, ""flat_residue_index"": 49, ""interface_region"": ""support"", ""is_alanine_scanning"": false}, {""chain_id"": ""L"", ""chain_role"": ""light"", ""wt_residue"": ""Q"", ""mutant_residue"": ""S"", ""residue_position"": 28, ""insertion_code"": null, ""aligned_interface_position"": 28, ""flat_residue_index"": 237, ""interface_region"": ""rim"", ""is_alanine_scanning"": false}, {""chain_id"": ""L"", ""chain_role"": ""light"", ""wt_residue"": ""Y"", ""mutant_residue"": ""N"", ""residue_position"": 52, ""insertion_code"": null, ""aligned_interface_position"": 52, ""flat_residue_index"": 261, ""interface_region"": ""rim"", ""is_alanine_scanning"": false}, {""chain_id"": ""H"", ""chain_role"": ""heavy"", ""wt_residue"": ""L"", ""mutant_residue"": ""D"", ""residue_position"": 60, ""insertion_code"": null, ""aligned_interface_position"": 60, ""flat_residue_index"": 59, ""interface_region"": ""interior"", ""is_alanine_scanning"": false}]",bounded,0.9014133741126533,5,,298.0,16597831,Crystal structure is the affinity matured fab reported in the paper. This is taken as 'wild-type'
"2B2X_HL_A_VH50T,YL52N_896",2B2X,AQC2 fab :: Integrin alpha-1,"[{""chain_id"": ""H"", ""chain_role"": ""heavy"", ""wt_residue"": ""V"", ""mutant_residue"": ""T"", ""residue_position"": 50, ""insertion_code"": null, ""aligned_interface_position"": 50, ""flat_residue_index"": 49, ""interface_region"": ""support"", ""is_alanine_scanning"": false}, {""chain_id"": ""L"", ""chain_role"": ""light"", ""wt_residue"": ""Y"", ""mutant_residue"": ""N"", ""residue_position"": 52, ""insertion_code"": null, ""aligned_interface_position"": 52, ""flat_residue_index"": 261, ""interface_region"": ""rim"", ""is_alanine_scanning"": false}]",bounded,0.18636754639455266,5,,298.0,16597831,Crystal structure is the affinity matured fab reported in the paper. This is taken as 'wild-type'
2B2X_HL_A_VH50T_805,2B2X,AQC2 fab :: Integrin alpha-1,"[{""chain_id"": ""H"", ""chain_role"": ""heavy"", ""wt_residue"": ""V"", ""mutant_residue"": ""T"", ""residue_position"": 50, ""insertion_code"": null, ""aligned_interface_position"": 50, ""flat_residue_index"": 49, ""interface_region"": ""support"", ""is_alanine_scanning"": false}]",bounded,0.09012598289599114,5,,298.0,16597831,Crystal structure is the affinity matured fab reported in the paper. This is taken as 'wild-type'
2B2X_HL_A_YL52E_806,2B2X,AQC2 fab :: Integrin alpha-1,"[{""chain_id"": ""L"", ""chain_role"": ""light"", ""wt_residue"": ""Y"", ""mutant_residue"": ""E"", ""residue_position"": 52, ""insertion_code"": null, ""aligned_interface_position"": 52, ""flat_residue_index"": 261, ""interface_region"": ""rim"", ""is_alanine_scanning"": false}]",bounded,-0.22410505884508605,4,,298.0,16597831,Crystal structure is the affinity matured fab reported in the paper. This is taken as 'wild-type'
2BDN_HL_A_DH31E_1054,2BDN,11K2 scFv :: MCP-1,"[{""chain_id"": ""H"", ""chain_role"": ""antigen"", ""wt_residue"": ""D"", ""mutant_residue"": ""E"", ""residue_position"": 31, ""insertion_code"": null, ""aligned_interface_position"": 31, ""flat_residue_index"": 98, ""interface_region"": ""rim"", ""is_alanine_scanning"": false}]",bounded,1.0852305380957759,6,,298.0,24475232,
2BDN_HL_A_LH27R_1050,2BDN,11K2 scFv :: MCP-1,"[{""chain_id"": ""H"", ""chain_role"": ""antigen"", ""wt_residue"": ""L"", ""mutant_residue"": ""R"", ""residue_position"": 27, ""insertion_code"": null, ""aligned_interface_position"": 27, ""flat_residue_index"": 94, ""interface_region"": ""interior"", ""is_alanine_scanning"": false}]",bounded,0.6505836868781458,5,,298.0,24475232,
2BDN_HL_A_NH28D_1052,2BDN,11K2 scFv :: MCP-1,"[{""chain_id"": ""H"", ""chain_role"": ""antigen"", ""wt_residue"": ""N"", ""mutant_residue"": ""D"", ""residue_position"": 28, ""insertion_code"": null, ""aligned_interface_position"": 28, ""flat_residue_index"": 95, ""interface_region"": ""rim"", ""is_alanine_scanning"": false}]",bounded,0.13214266380824924,5,,298.0,24475232,
2BDN_HL_A_NL31K_1057,2BDN,11K2 scFv :: MCP-1,"[{""chain_id"": ""L"", ""chain_role"": ""antigen"", ""wt_residue"": ""N"", ""mutant_residue"": ""K"", ""residue_position"": 31, ""insertion_code"": null, ""aligned_interface_position"": 31, ""flat_residue_index"": 315, ""interface_region"": ""rim"", ""is_alanine_scanning"": false}]",bounded,3.4897712586100815,8,,298.0,24475232,
2BDN_HL_A_NL31R_1056,2BDN,11K2 scFv :: MCP-1,"[{""chain_id"": ""L"", ""chain_role"": ""antigen"", ""wt_residue"": ""N"", ""mutant_residue"": ""R"", ""residue_position"": 31, ""insertion_code"": null, ""aligned_interface_position"": 31, ""flat_residue_index"": 315, ""interface_region"": ""rim"", ""is_alanine_scanning"": false}]",bounded,-0.9171867739778389,4,,298.0,24475232,
2BDN_HL_A_SL53D_1058,2BDN,11K2 scFv :: MCP-1,"[{""chain_id"": ""L"", ""chain_role"": ""antigen"", ""wt_residue"": ""S"", ""mutant_residue"": ""D"", ""residue_position"": 53, ""insertion_code"": null, ""aligned_interface_position"": 53, ""flat_residue_index"": 337, ""interface_region"": ""rim"", ""is_alanine_scanning"": false}]",bounded,-0.160573089304645,4,,298.0,24475232,
2BDN_HL_A_SL53E_1059,2BDN,11K2 scFv :: MCP-1,"[{""chain_id"": ""L"", ""chain_role"": ""antigen"", ""wt_residue"": ""S"", ""mutant_residue"": ""E"", ""residue_position"": 53, ""insertion_code"": null, ""aligned_interface_position"": 53, ""flat_residue_index"": 337, ""interface_region"": ""rim"", ""is_alanine_scanning"": false}]",bounded,-0.8513204219337526,4,,298.0,24475232,
2BDN_HL_A_TL56D_1060,2BDN,11K2 scFv :: MCP-1,"[{""chain_id"": ""L"", ""chain_role"": ""antigen"", ""wt_residue"": ""T"", ""mutant_residue"": ""D"", ""residue_position"": 56, ""insertion_code"": null, ""aligned_interface_position"": 56, ""flat_residue_index"": 340, ""interface_region"": ""rim"", ""is_alanine_scanning"": false}]",bounded,-0.42546547673032736,4,,298.0,24475232,
2BDN_HL_A_TL56E_1061,2BDN,11K2 scFv :: MCP-1,"[{""chain_id"": ""L"", ""chain_role"": ""antigen"", ""wt_residue"": ""T"", ""mutant_residue"": ""E"", ""residue_position"": 56, ""insertion_code"": null, ""aligned_interface_position"": 56, ""flat_residue_index"": 340, ""interface_region"": ""rim"", ""is_alanine_scanning"": false}]",bounded,-0.6888025466710281,4,,298.0,24475232,
2BDN_HL_A_YL30K_1055,2BDN,11K2 scFv :: MCP-1,"[{""chain_id"": ""L"", ""chain_role"": ""antigen"", ""wt_residue"": ""Y"", ""mutant_residue"": ""K"", ""residue_position"": 30, ""insertion_code"": null, ""aligned_interface_position"": 30, ""flat_residue_index"": 314, ""interface_region"": ""rim"", ""is_alanine_scanning"": false}]",bounded,0.6747579328561372,5,,298.0,24475232,
2JEL_LH_P_AP82S_144,2JEL,Antibody Jel42 :: Histadine-containing protein HPr,"[{""chain_id"": ""P"", ""chain_role"": ""antigen"", ""wt_residue"": ""A"", ""mutant_residue"": ""S"", ""residue_position"": 82, ""insertion_code"": null, ""aligned_interface_position"": 82, ""flat_residue_index"": 516, ""interface_region"": ""surface"", ""is_alanine_scanning"": false}]",bounded,0.0,5,,298.0,1711212,"Unusual method,,"
2JEL_LH_P_DP69E_134,2JEL,Antibody Jel42 :: Histadine-containing protein HPr,"[{""chain_id"": ""P"", ""chain_role"": ""antigen"", ""wt_residue"": ""D"", ""mutant_residue"": ""E"", ""residue_position"": 69, ""insertion_code"": null, ""aligned_interface_position"": 69, ""flat_residue_index"": 503, ""interface_region"": ""interior"", ""is_alanine_scanning"": false}]",bounded,0.9530878742875266,5,,298.0,1711212,"Unusual method,,"
2JEL_LH_P_EP5D_110,2JEL,Antibody Jel42 :: Histadine-containing protein HPr,"[{""chain_id"": ""P"", ""chain_role"": ""antigen"", ""wt_residue"": ""E"", ""mutant_residue"": ""D"", ""residue_position"": 5, ""insertion_code"": null, ""aligned_interface_position"": 5, ""flat_residue_index"": 439, ""interface_region"": ""rim"", ""is_alanine_scanning"": false}]",bounded,0.4104726052396387,5,,298.0,1711212,"Unusual method,,"
2JEL_LH_P_EP5Q_111,2JEL,Antibody Jel42 :: Histadine-containing protein HPr,"[{""chain_id"": ""P"", ""chain_role"": ""antigen"", ""wt_residue"": ""E"", ""mutant_residue"": ""Q"", ""residue_position"": 5, ""insertion_code"": null, ""aligned_interface_position"": 5, ""flat_residue_index"": 439, ""interface_region"": ""rim"", ""is_alanine_scanning"": false}]",bounded,0.7129767926490197,5,,298.0,1711212,"Unusual method,,"
2JEL_LH_P_EP68A_133,2JEL,Antibody Jel42 :: Histadine-containing protein HPr,"[{""chain_id"": ""P"", ""chain_role"": ""antigen"", ""wt_residue"": ""E"", ""mutant_residue"": ""A"", ""residue_position"": 68, ""insertion_code"": null, ""aligned_interface_position"": 68, ""flat_residue_index"": 502, ""interface_region"": ""rim"", ""is_alanine_scanning"": true}]",bounded,0.4104726052396387,5,,298.0,1711212,"Unusual method,,"
2JEL_LH_P_EP70K_135,2JEL,Antibody Jel42 :: Histadine-containing protein HPr,"[{""chain_id"": ""P"", ""chain_role"": ""antigen"", ""wt_residue"": ""E"", ""mutant_residue"": ""K"", ""residue_position"": 70, ""insertion_code"": null, ""aligned_interface_position"": 70, ""flat_residue_index"": 504, ""interface_region"": ""support"", ""is_alanine_scanning"": false}]",ineq,4.090681438581496,,>,298.0,1711212,"Unusual method,,"
2JEL_LH_P_EP83A_145,2JEL,Antibody Jel42 :: Histadine-containing protein HPr,"[{""chain_id"": ""P"", ""chain_role"": ""antigen"", ""wt_residue"": ""E"", ""mutant_residue"": ""A"", ""residue_position"": 83, ""insertion_code"": null, ""aligned_interface_position"": 83, ""flat_residue_index"": 517, ""interface_region"": ""surface"", ""is_alanine_scanning"": true}]",bounded,0.0,5,,298.0,1711212,"Unusual method,,"
2JEL_LH_P_EP85A_148,2JEL,Antibody Jel42 :: Histadine-containing protein HPr,"[{""chain_id"": ""P"", ""chain_role"": ""antigen"", ""wt_residue"": ""E"", ""mutant_residue"": ""A"", ""residue_position"": 85, ""insertion_code"": null, ""aligned_interface_position"": 85, ""flat_residue_index"": 519, ""interface_region"": ""surface"", ""is_alanine_scanning"": true}]",bounded,0.0,5,,298.0,1711212,"Unusual method,,"
2JEL_LH_P_EP85D_147,2JEL,Antibody Jel42 :: Histadine-containing protein HPr,"[{""chain_id"": ""P"", ""chain_role"": ""antigen"", ""wt_residue"": ""E"", ""mutant_residue"": ""D"", ""residue_position"": 85, ""insertion_code"": null, ""aligned_interface_position"": 85, ""flat_residue_index"": 519, ""interface_region"": ""surface"", ""is_alanine_scanning"": false}]",bounded,0.0,5,,298.0,1711212,"Unusual method,,"
2JEL_LH_P_EP85K_149,2JEL,Antibody Jel42 :: Histadine-containing protein HPr,"[{""chain_id"": ""P"", ""chain_role"": ""antigen"", ""wt_residue"": ""E"", ""mutant_residue"": ""K"", ""residue_position"": 85, ""insertion_code"": null, ""aligned_interface_position"": 85, ""flat_residue_index"": 519, ""interface_region"": ""surface"", ""is_alanine_scanning"": false}]",bounded,0.0,5,,298.0,1711212,"Unusual method,,"
2JEL_LH_P_EP85Q_146,2JEL,Antibody Jel42 :: Histadine-containing protein HPr,"[{""chain_id"": ""P"", ""chain_role"": ""antigen"", ""wt_residue"": ""E"", ""mutant_residue"": ""Q"", ""residue_position"": 85, ""insertion_code"": null, ""aligned_interface_position"": 85, ""flat_residue_index"": 519, ""interface_region"": ""surface"", ""is_alanine_scanning"": false}]",bounded,0.0,5,,298.0,1711212,"Unusual method,,"
2JEL_LH_P_FP2Y_106,2JEL,Antibody Jel42 :: Histadine-containing protein HPr,"[{""chain_id"": ""P"", ""chain_role"": ""antigen"", ""wt_residue"": ""F"", ""mutant_residue"": ""Y"", ""residue_position"": 2, ""insertion_code"": null, ""aligned_interface_position"": 2, ""flat_residue_index"": 436, ""interface_region"": ""core"", ""is_alanine_scanning"": false}]",bounded,0.0,5,,298.0,1711212,"Unusual method,,"
2JEL_LH_P_HP76A_142,2JEL,Antibody Jel42 :: Histadine-containing protein HPr,"[{""chain_id"": ""P"", ""chain_role"": ""antigen"", ""wt_residue"": ""H"", ""mutant_residue"": ""A"", ""residue_position"": 76, ""insertion_code"": null, ""aligned_interface_position"": 76, ""flat_residue_index"": 510, ""interface_region"": ""rim"", ""is_alanine_scanning"": true}]",bounded,-0.4104726052396387,4,,298.0,1711212,"Unusual method,,"
2JEL_LH_P_HP76D_141,2JEL,Antibody Jel42 :: Histadine-containing protein HPr,"[{""chain_id"": ""P"", ""chain_role"": ""antigen"", ""wt_residue"": ""H"", ""mutant_residue"": ""D"", ""residue_position"": 76, ""insertion_code"": null, ""aligned_interface_position"": 76, ""flat_residue_index"": 510, ""interface_region"": ""rim"", ""is_alanine_scanning"": false}]",bounded,-0.6505836868781456,4,,298.0,1711212,"Unusual method,,"
2JEL_LH_P_KP24E_119,2JEL,Antibody Jel42 :: Histadine-containing protein HPr,"[{""chain_id"": ""P"", ""chain_role"": ""antigen"", ""wt_residue"": ""K"", ""mutant_residue"": ""E"", ""residue_position"": 24, ""insertion_code"": null, ""aligned_interface_position"": 24, ""flat_residue_index"": 458, ""interface_region"": ""surface"", ""is_alanine_scanning"": false}]",bounded,0.0,5,,298.0,1711212,"Unusual method,,"
2JEL_LH_P_KP27E_120,2JEL,Antibody Jel42 :: Histadine-containing protein HPr,"[{""chain_id"": ""P"", ""chain_role"": ""antigen"", ""wt_residue"": ""K"", ""mutant_residue"": ""E"", ""residue_position"": 27, ""insertion_code"": null, ""aligned_interface_position"": 27, ""flat_residue_index"": 461, ""interface_region"": ""surface"", ""is_alanine_scanning"": false}]",bounded,0.0,5,,298.0,1711212,"Unusual method,,"
2JEL_LH_P_KP72E_139,2JEL,Antibody Jel42 :: Histadine-containing protein HPr,"[{""chain_id"": ""P"", ""chain_role"": ""antigen"", ""wt_residue"": ""K"", ""mutant_residue"": ""E"", ""residue_position"": 72, ""insertion_code"": null, ""aligned_interface_position"": 72, ""flat_residue_index"": 506, ""interface_region"": ""rim"", ""is_alanine_scanning"": false}]",bounded,0.4104726052396387,5,,298.0,1711212,"Unusual method,,"
2JEL_LH_P_KP72R_138,2JEL,Antibody Jel42 :: Histadine-containing protein HPr,"[{""chain_id"": ""P"", ""chain_role"": ""antigen"", ""wt_residue"": ""K"", ""mutant_residue"": ""R"", ""residue_position"": 72, ""insertion_code"": null, ""aligned_interface_position"": 72, ""flat_residue_index"": 506, ""interface_region"": ""rim"", ""is_alanine_scanning"": false}]",bounded,0.0,5,,298.0,1711212,"Unusual method,,"
2JEL_LH_P_KP79E_143,2JEL,Antibody Jel42 :: Histadine-containing protein HPr,"[{""chain_id"": ""P"", ""chain_role"": ""antigen"", ""wt_residue"": ""K"", ""mutant_residue"": ""E"", ""residue_position"": 79, ""insertion_code"": null, ""aligned_interface_position"": 79, ""flat_residue_index"": 513, ""interface_region"": ""rim"", ""is_alanine_scanning"": false}]",bounded,0.4104726052396387,5,,298.0,1711212,"Unusual method,,"
2JEL_LH_P_NP12D_116,2JEL,Antibody Jel42 :: Histadine-containing protein HPr,"[{""chain_id"": ""P"", ""chain_role"": ""antigen"", ""wt_residue"": ""N"", ""mutant_residue"": ""D"", ""residue_position"": 12, ""insertion_code"": null, ""aligned_interface_position"": 12, ""flat_residue_index"": 446, ""interface_region"": ""surface"", ""is_alanine_scanning"": false}]",bounded,0.0,5,,298.0,1711212,"Unusual method,,"
2JEL_LH_P_QP3K_108,2JEL,Antibody Jel42 :: Histadine-containing protein HPr,"[{""chain_id"": ""P"", ""chain_role"": ""antigen"", ""wt_residue"": ""Q"", ""mutant_residue"": ""K"", ""residue_position"": 3, ""insertion_code"": null, ""aligned_interface_position"": 3, ""flat_residue_index"": 437, ""interface_region"": ""core"", ""is_alanine_scanning"": false}]",bounded,4.090681438581496,9,,298.0,1711212,"Unusual method,,"
2JEL_LH_P_QP4K_109,2JEL,Antibody Jel42 :: Histadine-containing protein HPr,"[{""chain_id"": ""P"", ""chain_role"": ""antigen"", ""wt_residue"": ""Q"", ""mutant_residue"": ""K"", ""residue_position"": 4, ""insertion_code"": null, ""aligned_interface_position"": 4, ""flat_residue_index"": 438, ""interface_region"": ""core"", ""is_alanine_scanning"": false}]",bounded,1.3635604795271654,6,,298.0,1711212,"Unusual method,,"
2JEL_LH_P_QP57E_128,2JEL,Antibody Jel42 :: Histadine-containing protein HPr,"[{""chain_id"": ""P"", ""chain_role"": ""antigen"", ""wt_residue"": ""Q"", ""mutant_residue"": ""E"", ""residue_position"": 57, ""insertion_code"": null, ""aligned_interface_position"": 57, ""flat_residue_index"": 491, ""interface_region"": ""surface"", ""is_alanine_scanning"": false}]",bounded,-0.4104726052396387,4,,298.0,1711212,"Unusual method,,"
2JEL_LH_P_QP71E_137,2JEL,Antibody Jel42 :: Histadine-containing protein HPr,"[{""chain_id"": ""P"", ""chain_role"": ""antigen"", ""wt_residue"": ""Q"", ""mutant_residue"": ""E"", ""residue_position"": 71, ""insertion_code"": null, ""aligned_interface_position"": 71, ""flat_residue_index"": 505, ""interface_region"": ""core"", ""is_alanine_scanning"": false}]",bounded,2.727120959054331,7,,298.0,1711212,"Unusual method,,"
2JEL_LH_P_RP17G_117,2JEL,Antibody Jel42 :: Histadine-containing protein HPr,"[{""chain_id"": ""P"", ""chain_role"": ""antigen"", ""wt_residue"": ""R"", ""mutant_residue"": ""G"", ""residue_position"": 17, ""insertion_code"": null, ""aligned_interface_position"": 17, ""flat_residue_index"": 451, ""interface_region"": ""surface"", ""is_alanine_scanning"": false}]",bounded,0.0,5,,298.0,1711212,"Unusual method,,"
2JEL_LH_P_RP17K_118,2JEL,Antibody Jel42 :: Histadine-containing protein HPr,"[{""chain_id"": ""P"", ""chain_role"": ""antigen"", ""wt_residue"": ""R"", ""mutant_residue"": ""K"", ""residue_position"": 17, ""insertion_code"": null, ""aligned_interface_position"": 17, ""flat_residue_index"": 451, ""interface_region"": ""surface"", ""is_alanine_scanning"": false}]",bounded,0.0,5,,298.0,1711212,"Unusual method,,"
2JEL_LH_P_SP41C_125,2JEL,Antibody Jel42 :: Histadine-containing protein HPr,"[{""chain_id"": ""P"", ""chain_role"": ""antigen"", ""wt_residue"": ""S"", ""mutant_residue"": ""C"", ""residue_position"": 41, ""insertion_code"": null, ""aligned_interface_position"": 41, ""flat_residue_index"": 475, ""interface_region"": ""rim"", ""is_alanine_scanning"": false}]",bounded,1.4957031433354147,6,,298.0,1711212,"Unusual method,,"
2JEL_LH_P_SP43C_126,2JEL,Antibody Jel42 :: Histadine-containing protein HPr,"[{""chain_id"": ""P"", ""chain_role"": ""antigen"", ""wt_residue"": ""S"", ""mutant_residue"": ""C"", ""residue_position"": 43, ""insertion_code"": null, ""aligned_interface_position"": 43, ""flat_residue_index"": 477, ""interface_region"": ""surface"", ""is_alanine_scanning"": false}]",bounded,0.0,5,,298.0,1711212,"Unusual method,,"
2JEL_LH_P_SP46C_127,2JEL,Antibody Jel42 :: Histadine-containing protein HPr,"[{""chain_id"": ""P"", ""chain_role"": ""antigen"", ""wt_residue"": ""S"", ""mutant_residue"": ""C"", ""residue_position"": 46, ""insertion_code"": null, ""aligned_interface_position"": 46, ""flat_residue_index"": 480, ""interface_region"": ""interior"", ""is_alanine_scanning"": false}]",bounded,0.0,5,,298.0,1711212,"Unusual method,,"
2JEL_LH_P_SP64T_131,2JEL,Antibody Jel42 :: Histadine-containing protein HPr,"[{""chain_id"": ""P"", ""chain_role"": ""antigen"", ""wt_residue"": ""S"", ""mutant_residue"": ""T"", ""residue_position"": 64, ""insertion_code"": null, ""aligned_interface_position"": 64, ""flat_residue_index"": 498, ""interface_region"": ""support"", ""is_alanine_scanning"": false}]",bounded,4.090681438581496,9,,298.0,1711212,"Unusual method,,"
2JEL_LH_P_TP34Q_122,2JEL,Antibody Jel42 :: Histadine-containing protein HPr,"[{""chain_id"": ""P"", ""chain_role"": ""antigen"", ""wt_residue"": ""T"", ""mutant_residue"": ""Q"", ""residue_position"": 34, ""insertion_code"": null, ""aligned_interface_position"": 34, ""flat_residue_index"": 468, ""interface_region"": ""core"", ""is_alanine_scanning"": false}]",bounded,0.0,5,,298.0,1711212,"Unusual method,,"
2JEL_LH_P_TP62A_130,2JEL,Antibody Jel42 :: Histadine-containing protein HPr,"[{""chain_id"": ""P"", ""chain_role"": ""antigen"", ""wt_residue"": ""T"", ""mutant_residue"": ""A"", ""residue_position"": 62, ""insertion_code"": null, ""aligned_interface_position"": 62, ""flat_residue_index"": 496, ""interface_region"": ""interior"", ""is_alanine_scanning"": true}]",bounded,0.0,5,,298.0,1711212,"Unusual method,,"
2JEL_LH_P_TP62N_129,2JEL,Antibody Jel42 :: Histadine-containing protein HPr,"[{""chain_id"": ""P"", ""chain_role"": ""antigen"", ""wt_residue"": ""T"", ""mutant_residue"": ""N"", ""residue_position"": 62, ""insertion_code"": null, ""aligned_interface_position"": 62, ""flat_residue_index"": 496, ""interface_region"": ""interior"", ""is_alanine_scanning"": false}]",bounded,0.0,5,,298.0,1711212,"Unusual method,,"
2JEL_LH_P_TP7N_113,2JEL,Antibody Jel42 :: Histadine-containing protein HPr,"[{""chain_id"": ""P"", ""chain_role"": ""antigen"", ""wt_residue"": ""T"", ""mutant_residue"": ""N"", ""residue_position"": 7, ""insertion_code"": null, ""aligned_interface_position"": 7, ""flat_residue_index"": 441, ""interface_region"": ""surface"", ""is_alanine_scanning"": false}]",bounded,0.4104726052396387,5,,298.0,1711212,"Unusual method,,"
2JEL_LH_P_VP6F_112,2JEL,Antibody Jel42 :: Histadine-containing protein HPr,"[{""chain_id"": ""P"", ""chain_role"": ""antigen"", ""wt_residue"": ""V"", ""mutant_residue"": ""F"", ""residue_position"": 6, ""insertion_code"": null, ""aligned_interface_position"": 6, ""flat_residue_index"": 440, ""interface_region"": ""interior"", ""is_alanine_scanning"": false}]",bounded,0.0,5,,298.0,1711212,"Unusual method,,"
"2NY7_HL_G_CG109I,CG428Q,MG433A_966",2NY7,b12 fab :: gp120,"[{""chain_id"": ""G"", ""chain_role"": ""antigen"", ""wt_residue"": ""C"", ""mutant_residue"": ""I"", ""residue_position"": 109, ""insertion_code"": null, ""aligned_interface_position"": 27, ""flat_residue_index"": 471, ""interface_region"": ""surface"", ""is_alanine_scanning"": false}, {""chain_id"": ""G"", ""chain_role"": ""antigen"", ""wt_residue"": ""C"", ""mutant_residue"": ""Q"", ""residue_position"": 428, ""insertion_code"": null, ""aligned_interface_position"": 226, ""flat_residue_index"": 670, ""interface_region"": ""surface"", ""is_alanine_scanning"": false}, {""chain_id"": ""G"", ""chain_role"": ""antigen"", ""wt_residue"": ""M"", ""mutant_residue"": ""A"", ""residue_position"": 433, ""insertion_code"": null, ""aligned_interface_position"": 231, ""flat_residue_index"": 675, ""interface_region"": ""interior"", ""is_alanine_scanning"": true}]",bounded,0.20319230314057266,5,,298.0,17301785,Ds1F12
"2NY7_HL_G_KG231C,EG267C,CG109I,CG428Q_969",2NY7,b12 fab :: gp120,"[{""chain_id"": ""G"", ""chain_role"": ""antigen"", ""wt_residue"": ""K"", ""mutant_residue"": ""C"", ""residue_position"": 231, ""insertion_code"": null, ""aligned_interface_position"": 66, ""flat_residue_index"": 510, ""interface_region"": ""surface"", ""is_alanine_scanning"": false}, {""chain_id"": ""G"", ""chain_role"": ""antigen"", ""wt_residue"": ""E"", ""mutant_residue"": ""C"", ""residue_position"": 267, ""insertion_code"": null, ""aligned_interface_position"": 102, ""flat_residue_index"": 546, ""interface_region"": ""surface"", ""is_alanine_scanning"": false}, {""chain_id"": ""G"", ""chain_role"": ""antigen"", ""wt_residue"": ""C"", ""mutant_residue"": ""I"", ""residue_position"": 109, ""insertion_code"": null, ""aligned_interface_position"": 27, ""flat_residue_index"": 471, ""interface_region"": ""surface"", ""is_alanine_scanning"": false}, {""chain_id"": ""G"", ""chain_role"": ""antigen"", ""wt_residue"": ""C"", ""mutant_residue"": ""Q"", ""residue_position"": 428, ""insertion_code"": null, ""aligned_interface_position"": 226, ""flat_residue_index"": 670, ""interface_region"": ""surface"", ""is_alanine_scanning"": false}]",bounded,0.04085666723672603,5,,298.0,17301785,Ds14F123
"2NY7_HL_G_KG231C,EG267C,WG95M,MG433A,CG96W,CG275V,CG109I,CG428Q_964",2NY7,b12 fab :: gp120,"[{""chain_id"": ""G"", ""chain_role"": ""antigen"", ""wt_residue"": ""K"", ""mutant_residue"": ""C"", ""residue_position"": 231, ""insertion_code"": null, ""aligned_interface_position"": 66, ""flat_residue_index"": 510, ""interface_region"": ""surface"", ""is_alanine_scanning"": false}, {""chain_id"": ""G"", ""chain_role"": ""antigen"", ""wt_residue"": ""E"", ""mutant_residue"": ""C"", ""residue_position"": 267, ""insertion_code"": null, ""aligned_interface_position"": 102, ""flat_residue_index"": 546, ""interface_region"": ""surface"", ""is_alanine_scanning"": false}, {""chain_id"": ""G"", ""chain_role"": ""antigen"", ""wt_residue"": ""W"", ""mutant_residue"": ""M"", ""residue_position"": 95, ""insertion_code"": null, ""aligned_interface_position"": 13, ""flat_residue_index"": 457, ""interface_region"": ""interior"", ""is_alanine_scanning"": false}, {""chain_id"": ""G"", ""chain_role"": ""antigen"", ""wt_residue"": ""M"", ""mutant_residue"": ""A"", ""residue_position"": 433, ""insertion_code"": null, ""aligned_interface_position"": 231, ""flat_residue_index"": 675, ""interface_region"": ""interior"", ""is_alanine_scanning"": true}, {""chain_id"": ""G"", ""chain_role"": ""antigen"", ""wt_residue"": ""C"", ""mutant_residue"": ""W"", ""residue_position"": 96, ""insertion_code"": null, ""aligned_interface_position"": 14, ""flat_residue_index"": 458, ""interface_region"": ""surface"", ""is_alanine_scanning"": false}, {""chain_id"": ""G"", ""chain_role"": ""antigen"", ""wt_residue"": ""C"", ""mutant_residue"": ""V"", ""residue_position"": 275, ""insertion_code"": null, ""aligned_interface_position"": 110, ""flat_residue_index"": 554, ""interface_region"": ""surface"", ""is_alanine_scanning"": false}, {""chain_id"": ""G"", ""chain_role"": ""antigen"", ""wt_residue"": ""C"", ""mutant_residue"": ""I"", ""residue_position"": 109, ""insertion_code"": null, ""aligned_interface_position"": 27, ""flat_residue_index"": 471, ""interface_region"": ""surface"", ""is_alanine_scanning"": false}, {""chain_id"": ""G"", ""chain_role"": ""antigen"", ""wt_residue"": ""C"", ""mutant_residue"": ""Q"", ""residue_position"": 428, ""insertion_code"": null, ""aligned_interface_position"": 226, ""flat_residue_index"": 670, ""interface_region"": ""surface"", ""is_alanine_scanning"": false}]",bounded,0.39980228426937325,5,,298.0,17301785,Ds4F2
"2NY7_HL_G_KG231C,EG268C,WG95M,MG433A,CG96W,CG275V,CG109I,CG428Q_962",2NY7,b12 fab :: gp120,"[{""chain_id"": ""G"", ""chain_role"": ""antigen"", ""wt_residue"": ""K"", ""mutant_residue"": ""C"", ""residue_position"": 231, ""insertion_code"": null, ""aligned_interface_position"": 66, ""flat_residue_index"": 510, ""interface_region"": ""surface"", ""is_alanine_scanning"": false}, {""chain_id"": ""G"", ""chain_role"": ""antigen"", ""wt_residue"": ""E"", ""mutant_residue"": ""C"", ""residue_position"": 268, ""insertion_code"": null, ""aligned_interface_position"": 103, ""flat_residue_index"": 547, ""interface_region"": ""surface"", ""is_alanine_scanning"": false}, {""chain_id"": ""G"", ""chain_role"": ""antigen"", ""wt_residue"": ""W"", ""mutant_residue"": ""M"", ""residue_position"": 95, ""insertion_code"": null, ""aligned_interface_position"": 13, ""flat_residue_index"": 457, ""interface_region"": ""interior"", ""is_alanine_scanning"": false}, {""chain_id"": ""G"", ""chain_role"": ""antigen"", ""wt_residue"": ""M"", ""mutant_residue"": ""A"", ""residue_position"": 433, ""insertion_code"": null, ""aligned_interface_position"": 231, ""flat_residue_index"": 675, ""interface_region"": ""interior"", ""is_alanine_scanning"": true}, {""chain_id"": ""G"", ""chain_role"": ""antigen"", ""wt_residue"": ""C"", ""mutant_residue"": ""W"", ""residue_position"": 96, ""insertion_code"": null, ""aligned_interface_position"": 14, ""flat_residue_index"": 458, ""interface_region"": ""surface"", ""is_alanine_scanning"": false}, {""chain_id"": ""G"", ""chain_role"": ""antigen"", ""wt_residue"": ""C"", ""mutant_residue"": ""V"", ""residue_position"": 275, ""insertion_code"": null, ""aligned_interface_position"": 110, ""flat_residue_index"": 554, ""interface_region"": ""surface"", ""is_alanine_scanning"": false}, {""chain_id"": ""G"", ""chain_role"": ""antigen"", ""wt_residue"": ""C"", ""mutant_residue"": ""I"", ""residue_position"": 109, ""insertion_code"": null, ""aligned_interface_position"": 27, ""flat_residue_index"": 471, ""interface_region"": ""surface"", ""is_alanine_scanning"": false}, {""chain_id"": ""G"", ""chain_role"": ""antigen"", ""wt_residue"": ""C"", ""mutant_residue"": ""Q"", ""residue_position"": 428, ""insertion_code"": null, ""aligned_interface_position"": 226, ""flat_residue_index"": 670, ""interface_region"": ""surface"", ""is_alanine_scanning"": false}]",bounded,0.2998954308027969,5,,298.0,17301785,Ds5F2
"2NY7_HL_G_WG95M,MG433A,CG96W,CG275V,CG109I,CG428Q_961",2NY7,b12 fab :: gp120,"[{""chain_id"": ""G"", ""chain_role"": ""antigen"", ""wt_residue"": ""W"", ""mutant_residue"": ""M"", ""residue_position"": 95, ""insertion_code"": null, ""aligned_interface_position"": 13, ""flat_residue_index"": 457, ""interface_region"": ""interior"", ""is_alanine_scanning"": false}, {""chain_id"": ""G"", ""chain_role"": ""antigen"", ""wt_residue"": ""M"", ""mutant_residue"": ""A"", ""residue_position"": 433, ""insertion_code"": null, ""aligned_interface_position"": 231, ""flat_residue_index"": 675, ""interface_region"": ""interior"", ""is_alanine_scanning"": true}, {""chain_id"": ""G"", ""chain_role"": ""antigen"", ""wt_residue"": ""C"", ""mutant_residue"": ""W"", ""residue_position"": 96, ""insertion_code"": null, ""aligned_interface_position"": 14, ""flat_residue_index"": 458, ""interface_region"": ""surface"", ""is_alanine_scanning"": false}, {""chain_id"": ""G"", ""chain_role"": ""antigen"", ""wt_residue"": ""C"", ""mutant_residue"": ""V"", ""residue_position"": 275, ""insertion_code"": null, ""aligned_interface_position"": 110, ""flat_residue_index"": 554, ""interface_region"": ""surface"", ""is_alanine_scanning"": false}, {""chain_id"": ""G"", ""chain_role"": ""antigen"", ""wt_residue"": ""C"", ""mutant_residue"": ""I"", ""residue_position"": 109, ""insertion_code"": null, ""aligned_interface_position"": 27, ""flat_residue_index"": 471, ""interface_region"": ""surface"", ""is_alanine_scanning"": false}, {""chain_id"": ""G"", ""chain_role"": ""antigen"", ""wt_residue"": ""C"", ""mutant_residue"": ""Q"", ""residue_position"": 428, ""insertion_code"": null, ""aligned_interface_position"": 226, ""flat_residue_index"": 670, ""interface_region"": ""surface"", ""is_alanine_scanning"": false}]",bounded,0.449047239625379,5,,298.0,17301785,F2
"2NY7_HL_G_WG95M,SG257T,WG375S,MG433A,CG96W,CG275V,CG109I,CG428Q_960",2NY7,b12 fab :: gp120,"[{""chain_id"": ""G"", ""chain_role"": ""antigen"", ""wt_residue"": ""W"", ""mutant_residue"": ""M"", ""residue_position"": 95, ""insertion_code"": null, ""aligned_interface_position"": 13, ""flat_residue_index"": 457, ""interface_region"": ""interior"", ""is_alanine_scanning"": false}, {""chain_id"": ""G"", ""chain_role"": ""antigen"", ""wt_residue"": ""S"", ""mutant_residue"": ""T"", ""residue_position"": 257, ""insertion_code"": null, ""aligned_interface_position"": 92, ""flat_residue_index"": 536, ""interface_region"": ""support"", ""is_alanine_scanning"": false}, {""chain_id"": ""G"", ""chain_role"": ""antigen"", ""wt_residue"": ""W"", ""mutant_residue"": ""S"", ""residue_position"": 375, ""insertion_code"": null, ""aligned_interface_position"": 181, ""flat_residue_index"": 625, ""interface_region"": ""support"", ""is_alanine_scanning"": false}, {""chain_id"": ""G"", ""chain_role"": ""antigen"", ""wt_residue"": ""M"", ""mutant_residue"": ""A"", ""residue_position"": 433, ""insertion_code"": null, ""aligned_interface_position"": 231, ""flat_residue_index"": 675, ""interface_region"": ""interior"", ""is_alanine_scanning"": true}, {""chain_id"": ""G"", ""chain_role"": ""antigen"", ""wt_residue"": ""C"", ""mutant_residue"": ""W"", ""residue_position"": 96, ""insertion_code"": null, ""aligned_interface_position"": 14, ""flat_residue_index"": 458, ""interface_region"": ""surface"", ""is_alanine_scanning"": false}, {""chain_id"": ""G"", ""chain_role"": ""antigen"", ""wt_residue"": ""C"", ""mutant_residue"": ""V"", ""residue_position"": 275, ""insertion_code"": null, ""aligned_interface_position"": 110, ""flat_residue_index"": 554, ""interface_region"": ""surface"", ""is_alanine_scanning"": false}, {""chain_id"": ""G"", ""chain_role"": ""antigen"", ""wt_residue"": ""C"", ""mutant_residue"": ""I"", ""residue_position"": 109, ""insertion_code"": null, ""aligned_interface_position"": 27, ""flat_residue_index"": 471, ""interface_region"": ""surface"", ""is_alanine_scanning"": false}, {""chain_id"": ""G"", ""chain_role"": ""antigen"", ""wt_residue"": ""C"", ""mutant_residue"": ""Q"", ""residue_position"": 428, ""insertion_code"": null, ""aligned_interface_position"": 226, ""flat_residue_index"": 670, ""interface_region"": ""surface"", ""is_alanine_scanning"": false}]",bounded,-0.3035897730332849,4,,298.0,17301785,WT_core
2NYY_DC_A_DA1058A_995,2NYY,AR2 mab :: BoNT/A1,"[{""chain_id"": ""A"", ""chain_role"": ""antigen"", ""wt_residue"": ""D"", ""mutant_residue"": ""A"", ""residue_position"": 1058, ""insertion_code"": null, ""aligned_interface_position"": 1030, ""flat_residue_index"": 1462, ""interface_region"": ""rim"", ""is_alanine_scanning"": true}]",bounded,0.009336900549285826,5,,296.0,17173035,'wild-type' is affinity matured AR2
2NYY_DC_A_DA1062A_997,2NYY,AR2 mab :: BoNT/A1,"[{""chain_id"": ""A"", ""chain_role"": ""antigen"", ""wt_residue"": ""D"", ""mutant_residue"": ""A"", ""residue_position"": 1062, ""insertion_code"": null, ""aligned_interface_position"": 1034, ""flat_residue_index"": 1466, ""interface_region"": ""support"", ""is_alanine_scanning"": true}]",bounded,2.52979357322639,7,,296.0,17173035,'wild-type' is affinity matured AR2
2NYY_DC_A_ED6Q_1030,2NYY,AR2 mab :: BoNT/A1,"[{""chain_id"": ""D"", ""chain_role"": ""heavy"", ""wt_residue"": ""E"", ""mutant_residue"": ""Q"", ""residue_position"": 6, ""insertion_code"": null, ""aligned_interface_position"": 5, ""flat_residue_index"": 4, ""interface_region"": ""interior"", ""is_alanine_scanning"": false}]",bounded,-0.24798710006654456,4,,296.0,17173035,'wild-type' is affinity matured AR2
2NYY_DC_A_FA953A_990,2NYY,AR2 mab :: BoNT/A1,"[{""chain_id"": ""A"", ""chain_role"": ""antigen"", ""wt_residue"": ""F"", ""mutant_residue"": ""A"", ""residue_position"": 953, ""insertion_code"": null, ""aligned_interface_position"": 925, ""flat_residue_index"": 1357, ""interface_region"": ""core"", ""is_alanine_scanning"": true}]",bounded,4.058502577875922,9,,296.0,17173035,'wild-type' is affinity matured AR2
2NYY_DC_A_HA1064A_999,2NYY,AR2 mab :: BoNT/A1,"[{""chain_id"": ""A"", ""chain_role"": ""antigen"", ""wt_residue"": ""H"", ""mutant_residue"": ""A"", ""residue_position"": 1064, ""insertion_code"": null, ""aligned_interface_position"": 1036, ""flat_residue_index"": 1468, ""interface_region"": ""core"", ""is_alanine_scanning"": true}]",bounded,7.3194287420800945,9,,296.0,17173035,'wild-type' is affinity matured AR2
2NYY_DC_A_HC34R_1028,2NYY,AR2 mab :: BoNT/A1,"[{""chain_id"": ""C"", ""chain_role"": ""light"", ""wt_residue"": ""H"", ""mutant_residue"": ""R"", ""residue_position"": 34, ""insertion_code"": null, ""aligned_interface_position"": 34, ""flat_residue_index"": 250, ""interface_region"": ""rim"", ""is_alanine_scanning"": false}]",bounded,0.10088468284147874,5,,296.0,17173035,'wild-type' is affinity matured AR2
2NYY_DC_A_IA956A_993,2NYY,AR2 mab :: BoNT/A1,"[{""chain_id"": ""A"", ""chain_role"": ""antigen"", ""wt_residue"": ""I"", ""mutant_residue"": ""A"", ""residue_position"": 956, ""insertion_code"": null, ""aligned_interface_position"": 928, ""flat_residue_index"": 1360, ""interface_region"": ""core"", ""is_alanine_scanning"": true}]",bounded,-0.009487502197423444,4,,296.0,17173035,'wild-type' is affinity matured AR2
2NYY_DC_A_KA1056A_994,2NYY,AR2 mab :: BoNT/A1,"[{""chain_id"": ""A"", ""chain_role"": ""antigen"", ""wt_residue"": ""K"", ""mutant_residue"": ""A"", ""residue_position"": 1056, ""insertion_code"": null, ""aligned_interface_position"": 1028, ""flat_residue_index"": 1460, ""interface_region"": ""support"", ""is_alanine_scanning"": true}]",bounded,-0.02893431080499602,4,,296.0,17173035,'wild-type' is affinity matured AR2
2NYY_DC_A_KA903A_983,2NYY,AR2 mab :: BoNT/A1,"[{""chain_id"": ""A"", ""chain_role"": ""antigen"", ""wt_residue"": ""K"", ""mutant_residue"": ""A"", ""residue_position"": 903, ""insertion_code"": null, ""aligned_interface_position"": 875, ""flat_residue_index"": 1307, ""interface_region"": ""rim"", ""is_alanine_scanning"": true}]",bounded,0.29098645576625704,5,,296.0,17173035,'wild-type' is affinity matured AR2
2NYY_DC_A_KA923A_989,2NYY,AR2 mab :: BoNT/A1,"[{""chain_id"": ""A"", ""chain_role"": ""antigen"", ""wt_residue"": ""K"", ""mutant_residue"": ""A"", ""residue_position"": 923, ""insertion_code"": null, ""aligned_interface_position"": 895, ""flat_residue_index"": 1327, ""interface_region"": ""surface"", ""is_alanine_scanning"": true}]",bounded,-0.1401458292199187,4,,296.0,17173035,'wild-type' is affinity matured AR2
2NYY_DC_A_KD30R_1021,2NYY,AR2 mab :: BoNT/A1,"[{""chain_id"": ""D"", ""chain_role"": ""heavy"", ""wt_residue"": ""K"", ""mutant_residue"": ""R"", ""residue_position"": 30, ""insertion_code"": null, ""aligned_interface_position"": 29, ""flat_residue_index"": 28, ""interface_region"": ""rim"", ""is_alanine_scanning"": false}]",bounded,0.07138595902276319,5,,296.0,17173035,'wild-type' is affinity matured AR2
"2NYY_DC_A_KD30S,YD31D,DD32H,SD61P_1032",2NYY,AR2 mab :: BoNT/A1,"[{""chain_id"": ""D"", ""chain_role"": ""heavy"", ""wt_residue"": ""K"", ""mutant_residue"": ""S"", ""residue_position"": 30, ""insertion_code"": null, ""aligned_interface_position"": 29, ""flat_residue_index"": 28, ""interface_region"": ""rim"", ""is_alanine_scanning"": false}, {""chain_id"": ""D"", ""chain_role"": ""heavy"", ""wt_residue"": ""Y"", ""mutant_residue"": ""D"", ""residue_position"": 31, ""insertion_code"": null, ""aligned_interface_position"": 30, ""flat_residue_index"": 29, ""interface_region"": ""rim"", ""is_alanine_scanning"": false}, {""chain_id"": ""D"", ""chain_role"": ""heavy"", ""wt_residue"": ""D"", ""mutant_residue"": ""H"", ""residue_position"": 32, ""insertion_code"": null, ""aligned_interface_position"": 31, ""flat_residue_index"": 30, ""interface_region"": ""interior"", ""is_alanine_scanning"": false}, {""chain_id"": ""D"", ""chain_role"": ""heavy"", ""wt_residue"": ""S"", ""mutant_residue"": ""P"", ""residue_position"": 61, ""insertion_code"": null, ""aligned_interface_position"": 60, ""flat_residue_index"": 59, ""interface_region"": ""interior"", ""is_alanine_scanning"": false}]",bounded,0.04961050798951439,5,,296.0,17173035,'wild-type' is affinity matured AR2. This is 'back-mutation' to the parent mab.
2NYY_DC_A_MD34Q_1020,2NYY,AR2 mab :: BoNT/A1,"[{""chain_id"": ""D"", ""chain_role"": ""heavy"", ""wt_residue"": ""M"", ""mutant_residue"": ""Q"", ""residue_position"": 34, ""insertion_code"": null, ""aligned_interface_position"": 33, ""flat_residue_index"": 32, ""interface_region"": ""interior"", ""is_alanine_scanning"": false}]",bounded,-0.05986984126999442,4,,296.0,17173035,'wild-type' is affinity matured AR2
2NYY_DC_A_NA954A_991,2NYY,AR2 mab :: BoNT/A1,"[{""chain_id"": ""A"", ""chain_role"": ""antigen"", ""wt_residue"": ""N"", ""mutant_residue"": ""A"", ""residue_position"": 954, ""insertion_code"": null, ""aligned_interface_position"": 926, ""flat_residue_index"": 1358, ""interface_region"": ""core"", ""is_alanine_scanning"": true}]",bounded,0.09934821078631446,5,,296.0,17173035,'wild-type' is affinity matured AR2
2NYY_DC_A_QA915A_984,2NYY,AR2 mab :: BoNT/A1,"[{""chain_id"": ""A"", ""chain_role"": ""antigen"", ""wt_residue"": ""Q"", ""mutant_residue"": ""A"", ""residue_position"": 915, ""insertion_code"": null, ""aligned_interface_position"": 887, ""flat_residue_index"": 1319, ""interface_region"": ""interior"", ""is_alanine_scanning"": true}]",bounded,0.520814460949138,5,,296.0,17173035,'wild-type' is affinity matured AR2
2NYY_DC_A_SA902A_982,2NYY,AR2 mab :: BoNT/A1,"[{""chain_id"": ""A"", ""chain_role"": ""antigen"", ""wt_residue"": ""S"", ""mutant_residue"": ""A"", ""residue_position"": 902, ""insertion_code"": null, ""aligned_interface_position"": 874, ""flat_residue_index"": 1306, ""interface_region"": ""rim"", ""is_alanine_scanning"": true}]",bounded,-0.23032173687514268,4,,296.0,17173035,'wild-type' is affinity matured AR2
2NYY_DC_A_SA955A_992,2NYY,AR2 mab :: BoNT/A1,"[{""chain_id"": ""A"", ""chain_role"": ""antigen"", ""wt_residue"": ""S"", ""mutant_residue"": ""A"", ""residue_position"": 955, ""insertion_code"": null, ""aligned_interface_position"": 927, ""flat_residue_index"": 1359, ""interface_region"": ""rim"", ""is_alanine_scanning"": true}]",bounded,0.0,5,,296.0,17173035,'wild-type' is affinity matured AR2
2NYY_DC_A_SC28Q_1025,2NYY,AR2 mab :: BoNT/A1,"[{""chain_id"": ""C"", ""chain_role"": ""light"", ""wt_residue"": ""S"", ""mutant_residue"": ""Q"", ""residue_position"": 28, ""insertion_code"": null, ""aligned_interface_position"": 28, ""flat_residue_index"": 244, ""interface_region"": ""rim"", ""is_alanine_scanning"": false}]",bounded,0.4133827661074809,5,,296.0,17173035,'wild-type' is affinity matured AR2
2NYY_DC_A_SC31N_1027,2NYY,AR2 mab :: BoNT/A1,"[{""chain_id"": ""C"", ""chain_role"": ""light"", ""wt_residue"": ""S"", ""mutant_residue"": ""N"", ""residue_position"": 31, ""insertion_code"": null, ""aligned_interface_position"": 31, ""flat_residue_index"": 247, ""interface_region"": ""core"", ""is_alanine_scanning"": false}]",bounded,-0.3533826246877843,4,,296.0,17173035,'wild-type' is affinity matured AR2
2NYY_DC_A_TA1063A_998,2NYY,AR2 mab :: BoNT/A1,"[{""chain_id"": ""A"", ""chain_role"": ""antigen"", ""wt_residue"": ""T"", ""mutant_residue"": ""A"", ""residue_position"": 1063, ""insertion_code"": null, ""aligned_interface_position"": 1035, ""flat_residue_index"": 1467, ""interface_region"": ""core"", ""is_alanine_scanning"": true}]",bounded,1.6308710221601754,6,,296.0,17173035,'wild-type' is affinity matured AR2
"2NYY_DC_A_VD37I,ED6Q_1031",2NYY,AR2 mab :: BoNT/A1,"[{""chain_id"": ""D"", ""chain_role"": ""heavy"", ""wt_residue"": ""V"", ""mutant_residue"": ""I"", ""residue_position"": 37, ""insertion_code"": null, ""aligned_interface_position"": 36, ""flat_residue_index"": 35, ""interface_region"": ""interior"", ""is_alanine_scanning"": false}, {""chain_id"": ""D"", ""chain_role"": ""heavy"", ""wt_residue"": ""E"", ""mutant_residue"": ""Q"", ""residue_position"": 6, ""insertion_code"": null, ""aligned_interface_position"": 5, ""flat_residue_index"": 4, ""interface_region"": ""interior"", ""is_alanine_scanning"": false}]",bounded,-0.04904609497579498,4,,296.0,17173035,'wild-type' is affinity matured AR2
2NYY_DC_A_VD37I_1029,2NYY,AR2 mab :: BoNT/A1,"[{""chain_id"": ""D"", ""chain_role"": ""heavy"", ""wt_residue"": ""V"", ""mutant_residue"": ""I"", ""residue_position"": 37, ""insertion_code"": null, ""aligned_interface_position"": 36, ""flat_residue_index"": 35, ""interface_region"": ""interior"", ""is_alanine_scanning"": false}]",bounded,-0.21317147291976873,4,,296.0,17173035,'wild-type' is affinity matured AR2
2NYY_DC_A_YD31D_1022,2NYY,AR2 mab :: BoNT/A1,"[{""chain_id"": ""D"", ""chain_role"": ""heavy"", ""wt_residue"": ""Y"", ""mutant_residue"": ""D"", ""residue_position"": 31, ""insertion_code"": null, ""aligned_interface_position"": 30, ""flat_residue_index"": 29, ""interface_region"": ""rim"", ""is_alanine_scanning"": false}]",bounded,0.06462482269815097,5,,296.0,17173035,'wild-type' is affinity matured AR2
2NYY_DC_A_YD31Q_1023,2NYY,AR2 mab :: BoNT/A1,"[{""chain_id"": ""D"", ""chain_role"": ""heavy"", ""wt_residue"": ""Y"", ""mutant_residue"": ""Q"", ""residue_position"": 31, ""insertion_code"": null, ""aligned_interface_position"": 30, ""flat_residue_index"": 29, ""interface_region"": ""rim"", ""is_alanine_scanning"": false}]",bounded,0.12897443072060427,5,,296.0,17173035,'wild-type' is affinity matured AR2
"2NZ9_DC_A_SD30K,DD31Y,HD32D_1033",2NZ9,AR2 mab :: BoNT/A1,"[{""chain_id"": ""D"", ""chain_role"": ""heavy"", ""wt_residue"": ""S"", ""mutant_residue"": ""K"", ""residue_position"": 30, ""insertion_code"": null, ""aligned_interface_position"": 29, ""flat_residue_index"": 28, ""interface_region"": ""rim"", ""is_alanine_scanning"": false}, {""chain_id"": ""D"", ""chain_role"": ""heavy"", ""wt_residue"": ""D"", ""mutant_residue"": ""Y"", ""residue_position"": 31, ""insertion_code"": null, ""aligned_interface_position"": 30, ""flat_residue_index"": 29, ""interface_region"": ""core"", ""is_alanine_scanning"": false}, {""chain_id"": ""D"", ""chain_role"": ""heavy"", ""wt_residue"": ""H"", ""mutant_residue"": ""D"", ""residue_position"": 32, ""insertion_code"": null, ""aligned_interface_position"": 31, ""flat_residue_index"": 30, ""interface_region"": ""support"", ""is_alanine_scanning"": false}]",bounded,-0.049610507989514434,4,,296.0,17173035,
2VIR_AB_C_SC157L_101,2VIR,IgG1 lambda fab :: Flu virus hemagglutinin,"[{""chain_id"": ""C"", ""chain_role"": ""antigen"", ""wt_residue"": ""S"", ""mutant_residue"": ""L"", ""residue_position"": 157, ""insertion_code"": null, ""aligned_interface_position"": 115, ""flat_residue_index"": 545, ""interface_region"": ""core"", ""is_alanine_scanning"": false}]",bounded,3.680208833341857,8,,298.0,9461077,
2VIS_AB_C_IC131T_100,2VIS,IgG1 lambda fab :: Flu virus hemagglutinin,"[{""chain_id"": ""C"", ""chain_role"": ""antigen"", ""wt_residue"": ""I"", ""mutant_residue"": ""T"", ""residue_position"": 131, ""insertion_code"": null, ""aligned_interface_position"": 89, ""flat_residue_index"": 519, ""interface_region"": ""core"", ""is_alanine_scanning"": false}]",bounded,-4.911626649060773,0,,298.0,9461077,"Crystal structure is one of the mutants in the paper. This mutant is taken as 'wild-type',,"
"3BDY_HL_V_DL27aN,PL27cA,RL27dK,SL28T,TL93S,TL94S,KH30S,DH31G,TH53S,NH54E,GH96V,DH98V,RH50A,RH58A_951",3BDY,bH1 Fab :: VEGF,"[{""chain_id"": ""L"", ""chain_role"": ""light"", ""wt_residue"": ""D"", ""mutant_residue"": ""N"", ""residue_position"": 27, ""insertion_code"": ""a"", ""aligned_interface_position"": 28, ""flat_residue_index"": 243, ""interface_region"": ""surface"", ""is_alanine_scanning"": false}, {""chain_id"": ""L"", ""chain_role"": ""light"", ""wt_residue"": ""P"", ""mutant_residue"": ""A"", ""residue_position"": 27, ""insertion_code"": ""c"", ""aligned_interface_position"": 30, ""flat_residue_index"": 245, ""interface_region"": ""surface"", ""is_alanine_scanning"": true}, {""chain_id"": ""L"", ""chain_role"": ""light"", ""wt_residue"": ""R"", ""mutant_residue"": ""K"", ""residue_position"": 27, ""insertion_code"": ""d"", ""aligned_interface_position"": 31, ""flat_residue_index"": 246, ""interface_region"": ""rim"", ""is_alanine_scanning"": false}, {""chain_id"": ""L"", ""chain_role"": ""light"", ""wt_residue"": ""S"", ""mutant_residue"": ""T"", ""residue_position"": 28, ""insertion_code"": null, ""aligned_interface_position"": 32, ""flat_residue_index"": 247, ""interface_region"": ""rim"", ""is_alanine_scanning"": false}, {""chain_id"": ""L"", ""chain_role"": ""light"", ""wt_residue"": ""T"", ""mutant_residue"": ""S"", ""residue_position"": 93, ""insertion_code"": null, ""aligned_interface_position"": 97, ""flat_residue_index"": 312, ""interface_region"": ""core"", ""is_alanine_scanning"": false}, {""chain_id"": ""L"", ""chain_role"": ""light"", ""wt_residue"": ""T"", ""mutant_residue"": ""S"", ""residue_position"": 94, ""insertion_code"": null, ""aligned_interface_position"": 98, ""flat_residue_index"": 313, ""interface_region"": ""core"", ""is_alanine_scanning"": false}, {""chain_id"": ""H"", ""chain_role"": ""heavy"", ""wt_residue"": ""K"", ""mutant_residue"": ""S"", ""residue_position"": 30, ""insertion_code"": null, ""aligned_interface_position"": 31, ""flat_residue_index"": 30, ""interface_region"": ""surface"", ""is_alanine_scanning"": false}, {""chain_id"": ""H"", ""chain_role"": ""heavy"", ""wt_residue"": ""D"", ""mutant_residue"": ""G"", ""residue_position"": 31, ""insertion_code"": null, ""aligned_interface_position"": 32, ""flat_residue_index"": 31, ""interface_region"": ""surface"", ""is_alanine_scanning"": false}, {""chain_id"": ""H"", ""chain_role"": ""heavy"", ""wt_residue"": ""T"", ""mutant_residue"": ""S"", ""residue_position"": 53, ""insertion_code"": null, ""aligned_interface_position"": 55, ""flat_residue_index"": 54, ""interface_region"": ""surface"", ""is_alanine_scanning"": false}, {""chain_id"": ""H"", ""chain_role"": ""heavy"", ""wt_residue"": ""N"", ""mutant_residue"": ""E"", ""residue_position"": 54, ""insertion_code"": null, ""aligned_interface_position"": 56, ""flat_residue_index"": 55, ""interface_region"": ""rim"", ""is_alanine_scanning"": false}, {""chain_id"": ""H"", ""chain_role"": ""heavy"", ""wt_residue"": ""G"", ""mutant_residue"": ""V"", ""residue_position"": 96, ""insertion_code"": null, ""aligned_interface_position"": 101, ""flat_residue_index"": 100, ""interface_region"": ""surface"", ""is_alanine_scanning"": false}, {""chain_id"": ""H"", ""chain_role"": ""heavy"", ""wt_residue"": ""D"", ""mutant_residue"": ""V"", ""residue_position"": 98, ""insertion_code"": null, ""aligned_interface_position"": 103, ""flat_residue_index"": 102, ""interface_region"": ""rim"", ""is_alanine_scanning"": false}, {""chain_id"": ""H"", ""chain_role"": ""heavy"", ""wt_residue"": ""R"", ""mutant_residue"": ""A"", ""residue_position"": 50, ""insertion_code"": null, ""aligned_interface_position"": 51, ""flat_residue_index"": 50, ""interface_region"": ""support"", ""is_alanine_scanning"": true}, {""chain_id"": ""H"", ""chain_role"": ""heavy"", ""wt_residue"": ""R"", ""mutant_residue"": ""A"", ""residue_position"": 58, ""insertion_code"": null, ""aligned_interface_position"": 60, ""flat_residue_index"": 59, ""interface_region"": ""surface"", ""is_alanine_scanning"": true}]",bounded,-2.772878022125712,2,,303.0,21526167,
"3BDY_HL_V_DL27aN,PL27cA,RL27dK,SL28T,TL93S,TL94S,KH30S,DH31G,TH53S,NH54E,GH96V,DH98V_949",3BDY,bH1 Fab :: VEGF,"[{""chain_id"": ""L"", ""chain_role"": ""light"", ""wt_residue"": ""D"", ""mutant_residue"": ""N"", ""residue_position"": 27, ""insertion_code"": ""a"", ""aligned_interface_position"": 28, ""flat_residue_index"": 243, ""interface_region"": ""surface"", ""is_alanine_scanning"": false}, {""chain_id"": ""L"", ""chain_role"": ""light"", ""wt_residue"": ""P"", ""mutant_residue"": ""A"", ""residue_position"": 27, ""insertion_code"": ""c"", ""aligned_interface_position"": 30, ""flat_residue_index"": 245, ""interface_region"": ""surface"", ""is_alanine_scanning"": true}, {""chain_id"": ""L"", ""chain_role"": ""light"", ""wt_residue"": ""R"", ""mutant_residue"": ""K"", ""residue_position"": 27, ""insertion_code"": ""d"", ""aligned_interface_position"": 31, ""flat_residue_index"": 246, ""interface_region"": ""rim"", ""is_alanine_scanning"": false}, {""chain_id"": ""L"", ""chain_role"": ""light"", ""wt_residue"": ""S"", ""mutant_residue"": ""T"", ""residue_position"": 28, ""insertion_code"": null, ""aligned_interface_position"": 32, ""flat_residue_index"": 247, ""interface_region"": ""rim"", ""is_alanine_scanning"": false}, {""chain_id"": ""L"", ""chain_role"": ""light"", ""wt_residue"": ""T"", ""mutant_residue"": ""S"", ""residue_position"": 93, ""insertion_code"": null, ""aligned_interface_position"": 97, ""flat_residue_index"": 312, ""interface_region"": ""core"", ""is_alanine_scanning"": false}, {""chain_id"": ""L"", ""chain_role"": ""light"", ""wt_residue"": ""T"", ""mutant_residue"": ""S"", ""residue_position"": 94, ""insertion_code"": null, ""aligned_interface_position"": 98, ""flat_residue_index"": 313, ""interface_region"": ""core"", ""is_alanine_scanning"": false}, {""chain_id"": ""H"", ""chain_role"": ""heavy"", ""wt_residue"": ""K"", ""mutant_residue"": ""S"", ""residue_position"": 30, ""insertion_code"": null, ""aligned_interface_position"": 31, ""flat_residue_index"": 30, ""interface_region"": ""surface"", ""is_alanine_scanning"": false}, {""chain_id"": ""H"", ""chain_role"": ""heavy"", ""wt_residue"": ""D"", ""mutant_residue"": ""G"", ""residue_position"": 31, ""insertion_code"": null, ""aligned_interface_position"": 32, ""flat_residue_index"": 31, ""interface_region"": ""surface"", ""is_alanine_scanning"": false}, {""chain_id"": ""H"", ""chain_role"": ""heavy"", ""wt_residue"": ""T"", ""mutant_residue"": ""S"", ""residue_position"": 53, ""insertion_code"": null, ""aligned_interface_position"": 55, ""flat_residue_index"": 54, ""interface_region"": ""surface"", ""is_alanine_scanning"": false}, {""chain_id"": ""H"", ""chain_role"": ""heavy"", ""wt_residue"": ""N"", ""mutant_residue"": ""E"", ""residue_position"": 54, ""insertion_code"": null, ""aligned_interface_position"": 56, ""flat_residue_index"": 55, ""interface_region"": ""rim"", ""is_alanine_scanning"": false}, {""chain_id"": ""H"", ""chain_role"": ""heavy"", ""wt_residue"": ""G"", ""mutant_residue"": ""V"", ""residue_position"": 96, ""insertion_code"": null, ""aligned_interface_position"": 101, ""flat_residue_index"": 100, ""interface_region"": ""surface"", ""is_alanine_scanning"": false}, {""chain_id"": ""H"", ""chain_role"": ""heavy"", ""wt_residue"": ""D"", ""mutant_residue"": ""V"", ""residue_position"": 98, ""insertion_code"": null, ""aligned_interface_position"": 103, ""flat_residue_index"": 102, ""interface_region"": ""rim"", ""is_alanine_scanning"": false}]",bounded,-2.7154895886497066,2,,303.0,21526167,
"3BDY_HL_V_DL27aN,PL27cA,RL27dK,SL28T,TL93S,TL94S_948",3BDY,bH1 Fab :: VEGF,"[{""chain_id"": ""L"", ""chain_role"": ""light"", ""wt_residue"": ""D"", ""mutant_residue"": ""N"", ""residue_position"": 27, ""insertion_code"": ""a"", ""aligned_interface_position"": 28, ""flat_residue_index"": 243, ""interface_region"": ""surface"", ""is_alanine_scanning"": false}, {""chain_id"": ""L"", ""chain_role"": ""light"", ""wt_residue"": ""P"", ""mutant_residue"": ""A"", ""residue_position"": 27, ""insertion_code"": ""c"", ""aligned_interface_position"": 30, ""flat_residue_index"": 245, ""interface_region"": ""surface"", ""is_alanine_scanning"": true}, {""chain_id"": ""L"", ""chain_role"": ""light"", ""wt_residue"": ""R"", ""mutant_residue"": ""K"", ""residue_position"": 27, ""insertion_code"": ""d"", ""aligned_interface_position"": 31, ""flat_residue_index"": 246, ""interface_region"": ""rim"", ""is_alanine_scanning"": false}, {""chain_id"": ""L"", ""chain_role"": ""light"", ""wt_residue"": ""S"", ""mutant_residue"": ""T"", ""residue_position"": 28, ""insertion_code"": null, ""aligned_interface_position"": 32, ""flat_residue_index"": 247, ""interface_region"": ""rim"", ""is_alanine_scanning"": false}, {""chain_id"": ""L"", ""chain_role"": ""light"", ""wt_residue"": ""T"", ""mutant_residue"": ""S"", ""residue_position"": 93, ""insertion_code"": null, ""aligned_interface_position"": 97, ""flat_residue_index"": 312, ""interface_region"": ""core"", ""is_alanine_scanning"": false}, {""chain_id"": ""L"", ""chain_role"": ""light"", ""wt_residue"": ""T"", ""mutant_residue"": ""S"", ""residue_position"": 94, ""insertion_code"": null, ""aligned_interface_position"": 98, ""flat_residue_index"": 313, ""interface_region"": ""core"", ""is_alanine_scanning"": false}]",bounded,-0.9690792815742303,4,,303.0,21526167,
"3BDY_HL_V_DL27aN,PL27cA,RL27dK,SL28T,YL53F,TL93S,TL94S,KH30S,DH31G,TH53S,NH54E,GH96V,DH98V_945",3BDY,bH1 Fab :: VEGF,"[{""chain_id"": ""L"", ""chain_role"": ""light"", ""wt_residue"": ""D"", ""mutant_residue"": ""N"", ""residue_position"": 27, ""insertion_code"": ""a"", ""aligned_interface_position"": 28, ""flat_residue_index"": 243, ""interface_region"": ""surface"", ""is_alanine_scanning"": false}, {""chain_id"": ""L"", ""chain_role"": ""light"", ""wt_residue"": ""P"", ""mutant_residue"": ""A"", ""residue_position"": 27, ""insertion_code"": ""c"", ""aligned_interface_position"": 30, ""flat_residue_index"": 245, ""interface_region"": ""surface"", ""is_alanine_scanning"": true}, {""chain_id"": ""L"", ""chain_role"": ""light"", ""wt_residue"": ""R"", ""mutant_residue"": ""K"", ""residue_position"": 27, ""insertion_code"": ""d"", ""aligned_interface_position"": 31, ""flat_residue_index"": 246, ""interface_region"": ""rim"", ""is_alanine_scanning"": false}, {""chain_id"": ""L"", ""chain_role"": ""light"", ""wt_residue"": ""S"", ""mutant_residue"": ""T"", ""residue_position"": 28, ""insertion_code"": null, ""aligned_interface_position"": 32, ""flat_residue_index"": 247, ""interface_region"": ""rim"", ""is_alanine_scanning"": false}, {""chain_id"": ""L"", ""chain_role"": ""light"", ""wt_residue"": ""Y"", ""mutant_residue"": ""F"", ""residue_position"": 53, ""insertion_code"": null, ""aligned_interface_position"": 57, ""flat_residue_index"": 272, ""interface_region"": ""rim"", ""is_alanine_scanning"": false}, {""chain_id"": ""L"", ""chain_role"": ""light"", ""wt_residue"": ""T"", ""mutant_residue"": ""S"", ""residue_position"": 93, ""insertion_code"": null, ""aligned_interface_position"": 97, ""flat_residue_index"": 312, ""interface_region"": ""core"", ""is_alanine_scanning"": false}, {""chain_id"": ""L"", ""chain_role"": ""light"", ""wt_residue"": ""T"", ""mutant_residue"": ""S"", ""residue_position"": 94, ""insertion_code"": null, ""aligned_interface_position"": 98, ""flat_residue_index"": 313, ""interface_region"": ""core"", ""is_alanine_scanning"": false}, {""chain_id"": ""H"", ""chain_role"": ""heavy"", ""wt_residue"": ""K"", ""mutant_residue"": ""S"", ""residue_position"": 30, ""insertion_code"": null, ""aligned_interface_position"": 31, ""flat_residue_index"": 30, ""interface_region"": ""surface"", ""is_alanine_scanning"": false}, {""chain_id"": ""H"", ""chain_role"": ""heavy"", ""wt_residue"": ""D"", ""mutant_residue"": ""G"", ""residue_position"": 31, ""insertion_code"": null, ""aligned_interface_position"": 32, ""flat_residue_index"": 31, ""interface_region"": ""surface"", ""is_alanine_scanning"": false}, {""chain_id"": ""H"", ""chain_role"": ""heavy"", ""wt_residue"": ""T"", ""mutant_residue"": ""S"", ""residue_position"": 53, ""insertion_code"": null, ""aligned_interface_position"": 55, ""flat_residue_index"": 54, ""interface_region"": ""surface"", ""is_alanine_scanning"": false}, {""chain_id"": ""H"", ""chain_role"": ""heavy"", ""wt_residue"": ""N"", ""mutant_residue"": ""E"", ""residue_position"": 54, ""insertion_code"": null, ""aligned_interface_position"": 56, ""flat_residue_index"": 55, ""interface_region"": ""rim"", ""is_alanine_scanning"": false}, {""chain_id"": ""H"", ""chain_role"": ""heavy"", ""wt_residue"": ""G"", ""mutant_residue"": ""V"", ""residue_position"": 96, ""insertion_code"": null, ""aligned_interface_position"": 101, ""flat_residue_index"": 100, ""interface_region"": ""surface"", ""is_alanine_scanning"": false}, {""chain_id"": ""H"", ""chain_role"": ""heavy"", ""wt_residue"": ""D"", ""mutant_residue"": ""V"", ""residue_position"": 98, ""insertion_code"": null, ""aligned_interface_position"": 103, ""flat_residue_index"": 102, ""interface_region"": ""rim"", ""is_alanine_scanning"": false}]",bounded,-2.7271209590543304,2,,298.0,19299620,
"3BDY_HL_V_DL27aN,PL27cA,RL27dK,SL28T,YL53F,TL93S,TL94S_944",3BDY,bH1 Fab :: VEGF,"[{""chain_id"": ""L"", ""chain_role"": ""light"", ""wt_residue"": ""D"", ""mutant_residue"": ""N"", ""residue_position"": 27, ""insertion_code"": ""a"", ""aligned_interface_position"": 28, ""flat_residue_index"": 243, ""interface_region"": ""surface"", ""is_alanine_scanning"": false}, {""chain_id"": ""L"", ""chain_role"": ""light"", ""wt_residue"": ""P"", ""mutant_residue"": ""A"", ""residue_position"": 27, ""insertion_code"": ""c"", ""aligned_interface_position"": 30, ""flat_residue_index"": 245, ""interface_region"": ""surface"", ""is_alanine_scanning"": true}, {""chain_id"": ""L"", ""chain_role"": ""light"", ""wt_residue"": ""R"", ""mutant_residue"": ""K"", ""residue_position"": 27, ""insertion_code"": ""d"", ""aligned_interface_position"": 31, ""flat_residue_index"": 246, ""interface_region"": ""rim"", ""is_alanine_scanning"": false}, {""chain_id"": ""L"", ""chain_role"": ""light"", ""wt_residue"": ""S"", ""mutant_residue"": ""T"", ""residue_position"": 28, ""insertion_code"": null, ""aligned_interface_position"": 32, ""flat_residue_index"": 247, ""interface_region"": ""rim"", ""is_alanine_scanning"": false}, {""chain_id"": ""L"", ""chain_role"": ""light"", ""wt_residue"": ""Y"", ""mutant_residue"": ""F"", ""residue_position"": 53, ""insertion_code"": null, ""aligned_interface_position"": 57, ""flat_residue_index"": 272, ""interface_region"": ""rim"", ""is_alanine_scanning"": false}, {""chain_id"": ""L"", ""chain_role"": ""light"", ""wt_residue"": ""T"", ""mutant_residue"": ""S"", ""residue_position"": 93, ""insertion_code"": null, ""aligned_interface_position"": 97, ""flat_residue_index"": 312, ""interface_region"": ""core"", ""is_alanine_scanning"": false}, {""chain_id"": ""L"", ""chain_role"": ""light"", ""wt_residue"": ""T"", ""mutant_residue"": ""S"", ""residue_position"": 94, ""insertion_code"": null, ""aligned_interface_position"": 98, ""flat_residue_index"": 313, ""interface_region"": ""core"", ""is_alanine_scanning"": false}]",bounded,-0.9731639254181705,4,,298.0,19299620,
"3BE1_HL_A_DL27aN,PL27cA,RL27dK,SL28T,TL93S,TL94S,KH30S,DH31G,TH53S,NH54E,GH96V,DH98V,YL32A,IL29A_955",3BE1,bH1 Fab :: erbB-2,"[{""chain_id"": ""L"", ""chain_role"": ""light"", ""wt_residue"": ""D"", ""mutant_residue"": ""N"", ""residue_position"": 27, ""insertion_code"": ""a"", ""aligned_interface_position"": 28, ""flat_residue_index"": 240, ""interface_region"": ""surface"", ""is_alanine_scanning"": false}, {""chain_id"": ""L"", ""chain_role"": ""light"", ""wt_residue"": ""P"", ""mutant_residue"": ""A"", ""residue_position"": 27, ""insertion_code"": ""c"", ""aligned_interface_position"": 30, ""flat_residue_index"": 242, ""interface_region"": ""surface"", ""is_alanine_scanning"": true}, {""chain_id"": ""L"", ""chain_role"": ""light"", ""wt_residue"": ""R"", ""mutant_residue"": ""K"", ""residue_position"": 27, ""insertion_code"": ""d"", ""aligned_interface_position"": 31, ""flat_residue_index"": 243, ""interface_region"": ""rim"", ""is_alanine_scanning"": false}, {""chain_id"": ""L"", ""chain_role"": ""light"", ""wt_residue"": ""S"", ""mutant_residue"": ""T"", ""residue_position"": 28, ""insertion_code"": null, ""aligned_interface_position"": 32, ""flat_residue_index"": 244, ""interface_region"": ""rim"", ""is_alanine_scanning"": false}, {""chain_id"": ""L"", ""chain_role"": ""light"", ""wt_residue"": ""T"", ""mutant_residue"": ""S"", ""residue_position"": 93, ""insertion_code"": null, ""aligned_interface_position"": 97, ""flat_residue_index"": 309, ""interface_region"": ""rim"", ""is_alanine_scanning"": false}, {""chain_id"": ""L"", ""chain_role"": ""light"", ""wt_residue"": ""T"", ""mutant_residue"": ""S"", ""residue_position"": 94, ""insertion_code"": null, ""aligned_interface_position"": 98, ""flat_residue_index"": 310, ""interface_region"": ""core"", ""is_alanine_scanning"": false}, {""chain_id"": ""H"", ""chain_role"": ""heavy"", ""wt_residue"": ""K"", ""mutant_residue"": ""S"", ""residue_position"": 30, ""insertion_code"": null, ""aligned_interface_position"": 30, ""flat_residue_index"": 29, ""interface_region"": ""surface"", ""is_alanine_scanning"": false}, {""chain_id"": ""H"", ""chain_role"": ""heavy"", ""wt_residue"": ""D"", ""mutant_residue"": ""G"", ""residue_position"": 31, ""insertion_code"": null, ""aligned_interface_position"": 31, ""flat_residue_index"": 30, ""interface_region"": ""surface"", ""is_alanine_scanning"": false}, {""chain_id"": ""H"", ""chain_role"": ""heavy"", ""wt_residue"": ""T"", ""mutant_residue"": ""S"", ""residue_position"": 53, ""insertion_code"": null, ""aligned_interface_position"": 54, ""flat_residue_index"": 53, ""interface_region"": ""surface"", ""is_alanine_scanning"": false}, {""chain_id"": ""H"", ""chain_role"": ""heavy"", ""wt_residue"": ""N"", ""mutant_residue"": ""E"", ""residue_position"": 54, ""insertion_code"": null, ""aligned_interface_position"": 55, ""flat_residue_index"": 54, ""interface_region"": ""surface"", ""is_alanine_scanning"": false}, {""chain_id"": ""H"", ""chain_role"": ""heavy"", ""wt_residue"": ""G"", ""mutant_residue"": ""V"", ""residue_position"": 96, ""insertion_code"": null, ""aligned_interface_position"": 100, ""flat_residue_index"": 99, ""interface_region"": ""interior"", ""is_alanine_scanning"": false}, {""chain_id"": ""H"", ""chain_role"": ""heavy"", ""wt_residue"": ""D"", ""mutant_residue"": ""V"", ""residue_position"": 98, ""insertion_code"": null, ""aligned_interface_position"": 102, ""flat_residue_index"": 101, ""interface_region"": ""rim"", ""is_alanine_scanning"": false}, {""chain_id"": ""L"", ""chain_role"": ""light"", ""wt_residue"": ""Y"", ""mutant_residue"": ""A"", ""residue_position"": 32, ""insertion_code"": null, ""aligned_interface_position"": 36, ""flat_residue_index"": 248, ""interface_region"": ""core"", ""is_alanine_scanning"": true}, {""chain_id"": ""L"", ""chain_role"": ""light"", ""wt_residue"": ""I"", ""mutant_residue"": ""A"", ""residue_position"": 29, ""insertion_code"": null, ""aligned_interface_position"": 33, ""flat_residue_index"": 245, ""interface_region"": ""interior"", ""is_alanine_scanning"": true}]",bounded,-2.772878022125712,2,,303.0,21526167,
"3BE1_HL_A_DL27aN,PL27cA,RL27dK,SL28T,TL93S,TL94S,KH30S,DH31G,TH53S,NH54E,GH96V,DH98V,YL32A_954",3BE1,bH1 Fab :: erbB-2,"[{""chain_id"": ""L"", ""chain_role"": ""light"", ""wt_residue"": ""D"", ""mutant_residue"": ""N"", ""residue_position"": 27, ""insertion_code"": ""a"", ""aligned_interface_position"": 28, ""flat_residue_index"": 240, ""interface_region"": ""surface"", ""is_alanine_scanning"": false}, {""chain_id"": ""L"", ""chain_role"": ""light"", ""wt_residue"": ""P"", ""mutant_residue"": ""A"", ""residue_position"": 27, ""insertion_code"": ""c"", ""aligned_interface_position"": 30, ""flat_residue_index"": 242, ""interface_region"": ""surface"", ""is_alanine_scanning"": true}, {""chain_id"": ""L"", ""chain_role"": ""light"", ""wt_residue"": ""R"", ""mutant_residue"": ""K"", ""residue_position"": 27, ""insertion_code"": ""d"", ""aligned_interface_position"": 31, ""flat_residue_index"": 243, ""interface_region"": ""rim"", ""is_alanine_scanning"": false}, {""chain_id"": ""L"", ""chain_role"": ""light"", ""wt_residue"": ""S"", ""mutant_residue"": ""T"", ""residue_position"": 28, ""insertion_code"": null, ""aligned_interface_position"": 32, ""flat_residue_index"": 244, ""interface_region"": ""rim"", ""is_alanine_scanning"": false}, {""chain_id"": ""L"", ""chain_role"": ""light"", ""wt_residue"": ""T"", ""mutant_residue"": ""S"", ""residue_position"": 93, ""insertion_code"": null, ""aligned_interface_position"": 97, ""flat_residue_index"": 309, ""interface_region"": ""rim"", ""is_alanine_scanning"": false}, {""chain_id"": ""L"", ""chain_role"": ""light"", ""wt_residue"": ""T"", ""mutant_residue"": ""S"", ""residue_position"": 94, ""insertion_code"": null, ""aligned_interface_position"": 98, ""flat_residue_index"": 310, ""interface_region"": ""core"", ""is_alanine_scanning"": false}, {""chain_id"": ""H"", ""chain_role"": ""heavy"", ""wt_residue"": ""K"", ""mutant_residue"": ""S"", ""residue_position"": 30, ""insertion_code"": null, ""aligned_interface_position"": 30, ""flat_residue_index"": 29, ""interface_region"": ""surface"", ""is_alanine_scanning"": false}, {""chain_id"": ""H"", ""chain_role"": ""heavy"", ""wt_residue"": ""D"", ""mutant_residue"": ""G"", ""residue_position"": 31, ""insertion_code"": null, ""aligned_interface_position"": 31, ""flat_residue_index"": 30, ""interface_region"": ""surface"", ""is_alanine_scanning"": false}, {""chain_id"": ""H"", ""chain_role"": ""heavy"", ""wt_residue"": ""T"", ""mutant_residue"": ""S"", ""residue_position"": 53, ""insertion_code"": null, ""aligned_interface_position"": 54, ""flat_residue_index"": 53, ""interface_region"": ""surface"", ""is_alanine_scanning"": false}, {""chain_id"": ""H"", ""chain_role"": ""heavy"", ""wt_residue"": ""N"", ""mutant_residue"": ""E"", ""residue_position"": 54, ""insertion_code"": null, ""aligned_interface_position"": 55, ""flat_residue_index"": 54, ""interface_region"": ""surface"", ""is_alanine_scanning"": false}, {""chain_id"": ""H"", ""chain_role"": ""heavy"", ""wt_residue"": ""G"", ""mutant_residue"": ""V"", ""residue_position"": 96, ""insertion_code"": null, ""aligned_interface_position"": 100, ""flat_residue_index"": 99, ""interface_region"": ""interior"", ""is_alanine_scanning"": false}, {""chain_id"": ""H"", ""chain_role"": ""heavy"", ""wt_residue"": ""D"", ""mutant_residue"": ""V"", ""residue_position"": 98, ""insertion_code"": null, ""aligned_interface_position"": 102, ""flat_residue_index"": 101, ""interface_region"": ""rim"", ""is_alanine_scanning"": false}, {""chain_id"": ""L"", ""chain_role"": ""light"", ""wt_residue"": ""Y"", ""mutant_residue"": ""A"", ""residue_position"": 32, ""insertion_code"": null, ""aligned_interface_position"": 36, ""flat_residue_index"": 248, ""interface_region"": ""core"", ""is_alanine_scanning"": true}]",bounded,-3.190237751614338,1,,303.0,21526167,
"3BE1_HL_A_DL27aN,PL27cA,RL27dK,SL28T,TL93S,TL94S_952",3BE1,bH1 Fab :: erbB-2,"[{""chain_id"": ""L"", ""chain_role"": ""light"", ""wt_residue"": ""D"", ""mutant_residue"": ""N"", ""residue_position"": 27, ""insertion_code"": ""a"", ""aligned_interface_position"": 28, ""flat_residue_index"": 240, ""interface_region"": ""surface"", ""is_alanine_scanning"": false}, {""chain_id"": ""L"", ""chain_role"": ""light"", ""wt_residue"": ""P"", ""mutant_residue"": ""A"", ""residue_position"": 27, ""insertion_code"": ""c"", ""aligned_interface_position"": 30, ""flat_residue_index"": 242, ""interface_region"": ""surface"", ""is_alanine_scanning"": true}, {""chain_id"": ""L"", ""chain_role"": ""light"", ""wt_residue"": ""R"", ""mutant_residue"": ""K"", ""residue_position"": 27, ""insertion_code"": ""d"", ""aligned_interface_position"": 31, ""flat_residue_index"": 243, ""interface_region"": ""rim"", ""is_alanine_scanning"": false}, {""chain_id"": ""L"", ""chain_role"": ""light"", ""wt_residue"": ""S"", ""mutant_residue"": ""T"", ""residue_position"": 28, ""insertion_code"": null, ""aligned_interface_position"": 32, ""flat_residue_index"": 244, ""interface_region"": ""rim"", ""is_alanine_scanning"": false}, {""chain_id"": ""L"", ""chain_role"": ""light"", ""wt_residue"": ""T"", ""mutant_residue"": ""S"", ""residue_position"": 93, ""insertion_code"": null, ""aligned_interface_position"": 97, ""flat_residue_index"": 309, ""interface_region"": ""rim"", ""is_alanine_scanning"": false}, {""chain_id"": ""L"", ""chain_role"": ""light"", ""wt_residue"": ""T"", ""mutant_residue"": ""S"", ""residue_position"": 94, ""insertion_code"": null, ""aligned_interface_position"": 98, ""flat_residue_index"": 310, ""interface_region"": ""core"", ""is_alanine_scanning"": false}]",bounded,-0.6860793746825825,4,,303.0,21526167,
"3BE1_HL_A_DL27aN,PL27cA,RL27dK,SL28T,YL53F,TL93S,TL94S,KH30S,DH31G,TH53S,NH54E,GH96V,DH98V_947",3BE1,bH1 Fab :: erbB-2,"[{""chain_id"": ""L"", ""chain_role"": ""light"", ""wt_residue"": ""D"", ""mutant_residue"": ""N"", ""residue_position"": 27, ""insertion_code"": ""a"", ""aligned_interface_position"": 28, ""flat_residue_index"": 240, ""interface_region"": ""surface"", ""is_alanine_scanning"": false}, {""chain_id"": ""L"", ""chain_role"": ""light"", ""wt_residue"": ""P"", ""mutant_residue"": ""A"", ""residue_position"": 27, ""insertion_code"": ""c"", ""aligned_interface_position"": 30, ""flat_residue_index"": 242, ""interface_region"": ""surface"", ""is_alanine_scanning"": true}, {""chain_id"": ""L"", ""chain_role"": ""light"", ""wt_residue"": ""R"", ""mutant_residue"": ""K"", ""residue_position"": 27, ""insertion_code"": ""d"", ""aligned_interface_position"": 31, ""flat_residue_index"": 243, ""interface_region"": ""rim"", ""is_alanine_scanning"": false}, {""chain_id"": ""L"", ""chain_role"": ""light"", ""wt_residue"": ""S"", ""mutant_residue"": ""T"", ""residue_position"": 28, ""insertion_code"": null, ""aligned_interface_position"": 32, ""flat_residue_index"": 244, ""interface_region"": ""rim"", ""is_alanine_scanning"": false}, {""chain_id"": ""L"", ""chain_role"": ""light"", ""wt_residue"": ""Y"", ""mutant_residue"": ""F"", ""residue_position"": 53, ""insertion_code"": null, ""aligned_interface_position"": 57, ""flat_residue_index"": 269, ""interface_region"": ""rim"", ""is_alanine_scanning"": false}, {""chain_id"": ""L"", ""chain_role"": ""light"", ""wt_residue"": ""T"", ""mutant_residue"": ""S"", ""residue_position"": 93, ""insertion_code"": null, ""aligned_interface_position"": 97, ""flat_residue_index"": 309, ""interface_region"": ""rim"", ""is_alanine_scanning"": false}, {""chain_id"": ""L"", ""chain_role"": ""light"", ""wt_residue"": ""T"", ""mutant_residue"": ""S"", ""residue_position"": 94, ""insertion_code"": null, ""aligned_interface_position"": 98, ""flat_residue_index"": 310, ""interface_region"": ""core"", ""is_alanine_scanning"": false}, {""chain_id"": ""H"", ""chain_role"": ""heavy"", ""wt_residue"": ""K"", ""mutant_residue"": ""S"", ""residue_position"": 30, ""insertion_code"": null, ""aligned_interface_position"": 30, ""flat_residue_index"": 29, ""interface_region"": ""surface"", ""is_alanine_scanning"": false}, {""chain_id"": ""H"", ""chain_role"": ""heavy"", ""wt_residue"": ""D"", ""mutant_residue"": ""G"", ""residue_position"": 31, ""insertion_code"": null, ""aligned_interface_position"": 31, ""flat_residue_index"": 30, ""interface_region"": ""surface"", ""is_alanine_scanning"": false}, {""chain_id"": ""H"", ""chain_role"": ""heavy"", ""wt_residue"": ""T"", ""mutant_residue"": ""S"", ""residue_position"": 53, ""insertion_code"": null, ""aligned_interface_position"": 54, ""flat_residue_index"": 53, ""interface_region"": ""surface"", ""is_alanine_scanning"": false}, {""chain_id"": ""H"", ""chain_role"": ""heavy"", ""wt_residue"": ""N"", ""mutant_residue"": ""E"", ""residue_position"": 54, ""insertion_code"": null, ""aligned_interface_position"": 55, ""flat_residue_index"": 54, ""interface_region"": ""surface"", ""is_alanine_scanning"": false}, {""chain_id"": ""H"", ""chain_role"": ""heavy"", ""wt_residue"": ""G"", ""mutant_residue"": ""V"", ""residue_position"": 96, ""insertion_code"": null, ""aligned_interface_position"": 100, ""flat_residue_index"": 99, ""interface_region"": ""interior"", ""is_alanine_scanning"": false}, {""chain_id"": ""H"", ""chain_role"": ""heavy"", ""wt_residue"": ""D"", ""mutant_residue"": ""V"", ""residue_position"": 98, ""insertion_code"": null, ""aligned_interface_position"": 102, ""flat_residue_index"": 101, ""interface_region"": ""rim"", ""is_alanine_scanning"": false}]",bounded,-2.8824896111647735,2,,298.0,19299620,
3BN9_B_CD_DB217A_177,3BN9,E2 fab :: Membrane-type serine protease 1,"[{""chain_id"": ""B"", ""chain_role"": ""antigen"", ""wt_residue"": ""D"", ""mutant_residue"": ""A"", ""residue_position"": 217, ""insertion_code"": null, ""aligned_interface_position"": 214, ""flat_residue_index"": 634, ""interface_region"": ""core"", ""is_alanine_scanning"": true}]",bounded,0.5662114898047795,5,,298.0,17475279,
3BN9_B_CD_DB60aA_157,3BN9,E2 fab :: Membrane-type serine protease 1,"[{""chain_id"": ""B"", ""chain_role"": ""antigen"", ""wt_residue"": ""D"", ""mutant_residue"": ""A"", ""residue_position"": 60, ""insertion_code"": ""a"", ""aligned_interface_position"": 46, ""flat_residue_index"": 466, ""interface_region"": ""rim"", ""is_alanine_scanning"": true}]",bounded,0.42238823445084234,5,,298.0,17475279,
3BN9_B_CD_DB60bA_158,3BN9,E2 fab :: Membrane-type serine protease 1,"[{""chain_id"": ""B"", ""chain_role"": ""antigen"", ""wt_residue"": ""D"", ""mutant_residue"": ""A"", ""residue_position"": 60, ""insertion_code"": ""b"", ""aligned_interface_position"": 47, ""flat_residue_index"": 467, ""interface_region"": ""rim"", ""is_alanine_scanning"": true}]",bounded,0.31110753667558383,5,,298.0,17475279,
3BN9_B_CD_DB96A_166,3BN9,E2 fab :: Membrane-type serine protease 1,"[{""chain_id"": ""B"", ""chain_role"": ""antigen"", ""wt_residue"": ""D"", ""mutant_residue"": ""A"", ""residue_position"": 96, ""insertion_code"": null, ""aligned_interface_position"": 91, ""flat_residue_index"": 511, ""interface_region"": ""core"", ""is_alanine_scanning"": true}]",ineq,6.695211340769578,,>,298.0,17475279,
3BN9_B_CD_FB60eA_160,3BN9,E2 fab :: Membrane-type serine protease 1,"[{""chain_id"": ""B"", ""chain_role"": ""antigen"", ""wt_residue"": ""F"", ""mutant_residue"": ""A"", ""residue_position"": 60, ""insertion_code"": ""e"", ""aligned_interface_position"": 50, ""flat_residue_index"": 470, ""interface_region"": ""interior"", ""is_alanine_scanning"": true}]",bounded,-0.04499785049046603,4,,298.0,17475279,
3BN9_B_CD_FB97A_167,3BN9,E2 fab :: Membrane-type serine protease 1,"[{""chain_id"": ""B"", ""chain_role"": ""antigen"", ""wt_residue"": ""F"", ""mutant_residue"": ""A"", ""residue_position"": 97, ""insertion_code"": null, ""aligned_interface_position"": 92, ""flat_residue_index"": 512, ""interface_region"": ""core"", ""is_alanine_scanning"": true}]",ineq,6.695211340769578,,>,298.0,17475279,
3BN9_B_CD_IB41A_155,3BN9,E2 fab :: Membrane-type serine protease 1,"[{""chain_id"": ""B"", ""chain_role"": ""antigen"", ""wt_residue"": ""I"", ""mutant_residue"": ""A"", ""residue_position"": 41, ""insertion_code"": null, ""aligned_interface_position"": 26, ""flat_residue_index"": 446, ""interface_region"": ""core"", ""is_alanine_scanning"": true}]",bounded,0.0,5,,298.0,17475279,
3BN9_B_CD_IB60A_156,3BN9,E2 fab :: Membrane-type serine protease 1,"[{""chain_id"": ""B"", ""chain_role"": ""antigen"", ""wt_residue"": ""I"", ""mutant_residue"": ""A"", ""residue_position"": 60, ""insertion_code"": null, ""aligned_interface_position"": 45, ""flat_residue_index"": 465, ""interface_region"": ""core"", ""is_alanine_scanning"": true}]",bounded,0.8352154622439357,5,,298.0,17475279,
3BN9_B_CD_KB224A_180,3BN9,E2 fab :: Membrane-type serine protease 1,"[{""chain_id"": ""B"", ""chain_role"": ""antigen"", ""wt_residue"": ""K"", ""mutant_residue"": ""A"", ""residue_position"": 224, ""insertion_code"": null, ""aligned_interface_position"": 221, ""flat_residue_index"": 641, ""interface_region"": ""core"", ""is_alanine_scanning"": true}]",bounded,0.7849688784103573,5,,298.0,17475279,
3BN9_B_CD_LB153A_173,3BN9,E2 fab :: Membrane-type serine protease 1,"[{""chain_id"": ""B"", ""chain_role"": ""antigen"", ""wt_residue"": ""L"", ""mutant_residue"": ""A"", ""residue_position"": 153, ""insertion_code"": null, ""aligned_interface_position"": 147, ""flat_residue_index"": 567, ""interface_region"": ""surface"", ""is_alanine_scanning"": true}]",bounded,0.3361921391618346,5,,298.0,17475279,
3BN9_B_CD_NB95A_165,3BN9,E2 fab :: Membrane-type serine protease 1,"[{""chain_id"": ""B"", ""chain_role"": ""antigen"", ""wt_residue"": ""N"", ""mutant_residue"": ""A"", ""residue_position"": 95, ""insertion_code"": null, ""aligned_interface_position"": 90, ""flat_residue_index"": 510, ""interface_region"": ""core"", ""is_alanine_scanning"": true}]",bounded,0.7733443369317144,5,,298.0,17475279,
3BN9_B_CD_PD100H_187,3BN9,E2 fab :: Membrane-type serine protease 1,"[{""chain_id"": ""D"", ""chain_role"": ""heavy"", ""wt_residue"": ""P"", ""mutant_residue"": ""H"", ""residue_position"": 100, ""insertion_code"": null, ""aligned_interface_position"": 104, ""flat_residue_index"": 103, ""interface_region"": ""rim"", ""is_alanine_scanning"": false}]",bounded,2.4272545790887934,7,,298.0,19477127,
3BN9_B_CD_QB145A_170,3BN9,E2 fab :: Membrane-type serine protease 1,"[{""chain_id"": ""B"", ""chain_role"": ""antigen"", ""wt_residue"": ""Q"", ""mutant_residue"": ""A"", ""residue_position"": 145, ""insertion_code"": null, ""aligned_interface_position"": 140, ""flat_residue_index"": 560, ""interface_region"": ""surface"", ""is_alanine_scanning"": true}]",bounded,0.13310478715879856,5,,298.0,17475279,
3BN9_B_CD_QB174A_175,3BN9,E2 fab :: Membrane-type serine protease 1,"[{""chain_id"": ""B"", ""chain_role"": ""antigen"", ""wt_residue"": ""Q"", ""mutant_residue"": ""A"", ""residue_position"": 174, ""insertion_code"": null, ""aligned_interface_position"": 168, ""flat_residue_index"": 588, ""interface_region"": ""rim"", ""is_alanine_scanning"": true}]",bounded,-0.03469869016663485,4,,298.0,17475279,
3BN9_B_CD_QB175A_176,3BN9,E2 fab :: Membrane-type serine protease 1,"[{""chain_id"": ""B"", ""chain_role"": ""antigen"", ""wt_residue"": ""Q"", ""mutant_residue"": ""A"", ""residue_position"": 175, ""insertion_code"": null, ""aligned_interface_position"": 169, ""flat_residue_index"": 589, ""interface_region"": ""core"", ""is_alanine_scanning"": true}]",bounded,2.5089846195363434,7,,298.0,17475279,
3BN9_B_CD_QB38A_154,3BN9,E2 fab :: Membrane-type serine protease 1,"[{""chain_id"": ""B"", ""chain_role"": ""antigen"", ""wt_residue"": ""Q"", ""mutant_residue"": ""A"", ""residue_position"": 38, ""insertion_code"": null, ""aligned_interface_position"": 23, ""flat_residue_index"": 443, ""interface_region"": ""surface"", ""is_alanine_scanning"": true}]",bounded,-0.41530680997914293,4,,298.0,17475279,
3BN9_B_CD_QD100aV_188,3BN9,E2 fab :: Membrane-type serine protease 1,"[{""chain_id"": ""D"", ""chain_role"": ""heavy"", ""wt_residue"": ""Q"", ""mutant_residue"": ""V"", ""residue_position"": 100, ""insertion_code"": ""a"", ""aligned_interface_position"": 105, ""flat_residue_index"": 104, ""interface_region"": ""rim"", ""is_alanine_scanning"": false}]",bounded,1.2241026696842177,6,,298.0,19477127,
3BN9_B_CD_RB222A_179,3BN9,E2 fab :: Membrane-type serine protease 1,"[{""chain_id"": ""B"", ""chain_role"": ""antigen"", ""wt_residue"": ""R"", ""mutant_residue"": ""A"", ""residue_position"": 222, ""insertion_code"": null, ""aligned_interface_position"": 219, ""flat_residue_index"": 639, ""interface_region"": ""surface"", ""is_alanine_scanning"": true}]",bounded,-0.0936981660655995,4,,298.0,17475279,
3BN9_B_CD_RB60fA_161,3BN9,E2 fab :: Membrane-type serine protease 1,"[{""chain_id"": ""B"", ""chain_role"": ""antigen"", ""wt_residue"": ""R"", ""mutant_residue"": ""A"", ""residue_position"": 60, ""insertion_code"": ""f"", ""aligned_interface_position"": 51, ""flat_residue_index"": 471, ""interface_region"": ""surface"", ""is_alanine_scanning"": true}]",bounded,-0.0715577633873095,4,,298.0,17475279,
3BN9_B_CD_RB87A_163,3BN9,E2 fab :: Membrane-type serine protease 1,"[{""chain_id"": ""B"", ""chain_role"": ""antigen"", ""wt_residue"": ""R"", ""mutant_residue"": ""A"", ""residue_position"": 87, ""insertion_code"": null, ""aligned_interface_position"": 82, ""flat_residue_index"": 502, ""interface_region"": ""surface"", ""is_alanine_scanning"": true}]",bounded,-0.15923285369776782,4,,298.0,17475279,
3BN9_B_CD_SD30G_182,3BN9,E2 fab :: Membrane-type serine protease 1,"[{""chain_id"": ""D"", ""chain_role"": ""heavy"", ""wt_residue"": ""S"", ""mutant_residue"": ""G"", ""residue_position"": 30, ""insertion_code"": null, ""aligned_interface_position"": 30, ""flat_residue_index"": 29, ""interface_region"": ""core"", ""is_alanine_scanning"": false}]",bounded,1.1861068137697,6,,298.0,19477127,
3BN9_B_CD_SD30N_183,3BN9,E2 fab :: Membrane-type serine protease 1,"[{""chain_id"": ""D"", ""chain_role"": ""heavy"", ""wt_residue"": ""S"", ""mutant_residue"": ""N"", ""residue_position"": 30, ""insertion_code"": null, ""aligned_interface_position"": 30, ""flat_residue_index"": 29, ""interface_region"": ""core"", ""is_alanine_scanning"": false}]",bounded,1.1455049053202973,6,,298.0,19477127,
3BN9_B_CD_TB150A_172,3BN9,E2 fab :: Membrane-type serine protease 1,"[{""chain_id"": ""B"", ""chain_role"": ""antigen"", ""wt_residue"": ""T"", ""mutant_residue"": ""A"", ""residue_position"": 150, ""insertion_code"": null, ""aligned_interface_position"": 144, ""flat_residue_index"": 564, ""interface_region"": ""surface"", ""is_alanine_scanning"": true}]",bounded,0.29083510458077905,5,,298.0,17475279,
3BN9_B_CD_TB98A_168,3BN9,E2 fab :: Membrane-type serine protease 1,"[{""chain_id"": ""B"", ""chain_role"": ""antigen"", ""wt_residue"": ""T"", ""mutant_residue"": ""A"", ""residue_position"": 98, ""insertion_code"": null, ""aligned_interface_position"": 93, ""flat_residue_index"": 513, ""interface_region"": ""core"", ""is_alanine_scanning"": true}]",bounded,1.1320527471548611,6,,298.0,17475279,
3BN9_B_CD_TD98Q_184,3BN9,E2 fab :: Membrane-type serine protease 1,"[{""chain_id"": ""D"", ""chain_role"": ""heavy"", ""wt_residue"": ""T"", ""mutant_residue"": ""Q"", ""residue_position"": 98, ""insertion_code"": null, ""aligned_interface_position"": 102, ""flat_residue_index"": 101, ""interface_region"": ""rim"", ""is_alanine_scanning"": false}]",bounded,-0.021536438534147932,4,,298.0,19477127,
3BN9_B_CD_TD98R_185,3BN9,E2 fab :: Membrane-type serine protease 1,"[{""chain_id"": ""D"", ""chain_role"": ""heavy"", ""wt_residue"": ""T"", ""mutant_residue"": ""R"", ""residue_position"": 98, ""insertion_code"": null, ""aligned_interface_position"": 102, ""flat_residue_index"": 101, ""interface_region"": ""rim"", ""is_alanine_scanning"": false}]",bounded,-0.05829491092352642,4,,298.0,19477127,
3BN9_B_CD_YB146A_171,3BN9,E2 fab :: Membrane-type serine protease 1,"[{""chain_id"": ""B"", ""chain_role"": ""antigen"", ""wt_residue"": ""Y"", ""mutant_residue"": ""A"", ""residue_position"": 146, ""insertion_code"": null, ""aligned_interface_position"": 141, ""flat_residue_index"": 561, ""interface_region"": ""rim"", ""is_alanine_scanning"": true}]",bounded,1.084652512874676,6,,298.0,17475279,
3BN9_B_CD_YB60gA_162,3BN9,E2 fab :: Membrane-type serine protease 1,"[{""chain_id"": ""B"", ""chain_role"": ""antigen"", ""wt_residue"": ""Y"", ""mutant_residue"": ""A"", ""residue_position"": 60, ""insertion_code"": ""g"", ""aligned_interface_position"": 52, ""flat_residue_index"": 472, ""interface_region"": ""interior"", ""is_alanine_scanning"": true}]",bounded,0.018951594657159895,5,,298.0,17475279,
3BN9_B_CD_YD99S_186,3BN9,E2 fab :: Membrane-type serine protease 1,"[{""chain_id"": ""D"", ""chain_role"": ""heavy"", ""wt_residue"": ""Y"", ""mutant_residue"": ""S"", ""residue_position"": 99, ""insertion_code"": null, ""aligned_interface_position"": 103, ""flat_residue_index"": 102, ""interface_region"": ""rim"", ""is_alanine_scanning"": false}]",bounded,0.45868572474286606,5,,298.0,19477127,
"3G6D_LH_A_EL3V,GL76R,TL77V,QL78E,EL80G,DH54N_524",3G6D,CNTO607 fab :: Interleukin-13,"[{""chain_id"": ""L"", ""chain_role"": ""light"", ""wt_residue"": ""E"", ""mutant_residue"": ""V"", ""residue_position"": 3, ""insertion_code"": null, ""aligned_interface_position"": 3, ""flat_residue_index"": 225, ""interface_region"": ""surface"", ""is_alanine_scanning"": false}, {""chain_id"": ""L"", ""chain_role"": ""light"", ""wt_residue"": ""G"", ""mutant_residue"": ""R"", ""residue_position"": 76, ""insertion_code"": null, ""aligned_interface_position"": 76, ""flat_residue_index"": 298, ""interface_region"": ""surface"", ""is_alanine_scanning"": false}, {""chain_id"": ""L"", ""chain_role"": ""light"", ""wt_residue"": ""T"", ""mutant_residue"": ""V"", ""residue_position"": 77, ""insertion_code"": null, ""aligned_interface_position"": 77, ""flat_residue_index"": 299, ""interface_region"": ""interior"", ""is_alanine_scanning"": false}, {""chain_id"": ""L"", ""chain_role"": ""light"", ""wt_residue"": ""Q"", ""mutant_residue"": ""E"", ""residue_position"": 78, ""insertion_code"": null, ""aligned_interface_position"": 78, ""flat_residue_index"": 300, ""interface_region"": ""surface"", ""is_alanine_scanning"": false}, {""chain_id"": ""L"", ""chain_role"": ""light"", ""wt_residue"": ""E"", ""mutant_residue"": ""G"", ""residue_position"": 80, ""insertion_code"": null, ""aligned_interface_position"": 80, ""flat_residue_index"": 302, ""interface_region"": ""surface"", ""is_alanine_scanning"": false}, {""chain_id"": ""H"", ""chain_role"": ""heavy"", ""wt_residue"": ""D"", ""mutant_residue"": ""N"", ""residue_position"": 54, ""insertion_code"": null, ""aligned_interface_position"": 54, ""flat_residue_index"": 53, ""interface_region"": ""surface"", ""is_alanine_scanning"": false}]",bounded,0.11117811019734933,5,,298.0,20543007,
"3G6D_LH_A_EL3V,GL76R,TL77V,QL78E,EL80G,FH103A,HH104A,WH105A_523",3G6D,CNTO607 fab :: Interleukin-13,"[{""chain_id"": ""L"", ""chain_role"": ""light"", ""wt_residue"": ""E"", ""mutant_residue"": ""V"", ""residue_position"": 3, ""insertion_code"": null, ""aligned_interface_position"": 3, ""flat_residue_index"": 225, ""interface_region"": ""surface"", ""is_alanine_scanning"": false}, {""chain_id"": ""L"", ""chain_role"": ""light"", ""wt_residue"": ""G"", ""mutant_residue"": ""R"", ""residue_position"": 76, ""insertion_code"": null, ""aligned_interface_position"": 76, ""flat_residue_index"": 298, ""interface_region"": ""surface"", ""is_alanine_scanning"": false}, {""chain_id"": ""L"", ""chain_role"": ""light"", ""wt_residue"": ""T"", ""mutant_residue"": ""V"", ""residue_position"": 77, ""insertion_code"": null, ""aligned_interface_position"": 77, ""flat_residue_index"": 299, ""interface_region"": ""interior"", ""is_alanine_scanning"": false}, {""chain_id"": ""L"", ""chain_role"": ""light"", ""wt_residue"": ""Q"", ""mutant_residue"": ""E"", ""residue_position"": 78, ""insertion_code"": null, ""aligned_interface_position"": 78, ""flat_residue_index"": 300, ""interface_region"": ""surface"", ""is_alanine_scanning"": false}, {""chain_id"": ""L"", ""chain_role"": ""light"", ""wt_residue"": ""E"", ""mutant_residue"": ""G"", ""residue_position"": 80, ""insertion_code"": null, ""aligned_interface_position"": 80, ""flat_residue_index"": 302, ""interface_region"": ""surface"", ""is_alanine_scanning"": false}, {""chain_id"": ""H"", ""chain_role"": ""heavy"", ""wt_residue"": ""F"", ""mutant_residue"": ""A"", ""residue_position"": 103, ""insertion_code"": null, ""aligned_interface_position"": 103, ""flat_residue_index"": 102, ""interface_region"": ""core"", ""is_alanine_scanning"": true}, {""chain_id"": ""H"", ""chain_role"": ""heavy"", ""wt_residue"": ""H"", ""mutant_residue"": ""A"", ""residue_position"": 104, ""insertion_code"": null, ""aligned_interface_position"": 104, ""flat_residue_index"": 103, ""interface_region"": ""core"", ""is_alanine_scanning"": true}, {""chain_id"": ""H"", ""chain_role"": ""heavy"", ""wt_residue"": ""W"", ""mutant_residue"": ""A"", ""residue_position"": 105, ""insertion_code"": null, ""aligned_interface_position"": 105, ""flat_residue_index"": 104, ""interface_region"": ""core"", ""is_alanine_scanning"": true}]",ineq,4.620281089367925,,>,298.0,20543007,
"3G6D_LH_A_EL3V,GL76R,TL77V,QL78E,EL80G,TL89S,ML92I,VL93D,TL94K_522",3G6D,CNTO607 fab :: Interleukin-13,"[{""chain_id"": ""L"", ""chain_role"": ""light"", ""wt_residue"": ""E"", ""mutant_residue"": ""V"", ""residue_position"": 3, ""insertion_code"": null, ""aligned_interface_position"": 3, ""flat_residue_index"": 225, ""interface_region"": ""surface"", ""is_alanine_scanning"": false}, {""chain_id"": ""L"", ""chain_role"": ""light"", ""wt_residue"": ""G"", ""mutant_residue"": ""R"", ""residue_position"": 76, ""insertion_code"": null, ""aligned_interface_position"": 76, ""flat_residue_index"": 298, ""interface_region"": ""surface"", ""is_alanine_scanning"": false}, {""chain_id"": ""L"", ""chain_role"": ""light"", ""wt_residue"": ""T"", ""mutant_residue"": ""V"", ""residue_position"": 77, ""insertion_code"": null, ""aligned_interface_position"": 77, ""flat_residue_index"": 299, ""interface_region"": ""interior"", ""is_alanine_scanning"": false}, {""chain_id"": ""L"", ""chain_role"": ""light"", ""wt_residue"": ""Q"", ""mutant_residue"": ""E"", ""residue_position"": 78, ""insertion_code"": null, ""aligned_interface_position"": 78, ""flat_residue_index"": 300, ""interface_region"": ""surface"", ""is_alanine_scanning"": false}, {""chain_id"": ""L"", ""chain_role"": ""light"", ""wt_residue"": ""E"", ""mutant_residue"": ""G"", ""residue_position"": 80, ""insertion_code"": null, ""aligned_interface_position"": 80, ""flat_residue_index"": 302, ""interface_region"": ""surface"", ""is_alanine_scanning"": false}, {""chain_id"": ""L"", ""chain_role"": ""light"", ""wt_residue"": ""T"", ""mutant_residue"": ""S"", ""residue_position"": 89, ""insertion_code"": null, ""aligned_interface_position"": 89, ""flat_residue_index"": 311, ""interface_region"": ""interior"", ""is_alanine_scanning"": false}, {""chain_id"": ""L"", ""chain_role"": ""light"", ""wt_residue"": ""M"", ""mutant_residue"": ""I"", ""residue_position"": 92, ""insertion_code"": null, ""aligned_interface_position"": 92, ""flat_residue_index"": 314, ""interface_region"": ""rim"", ""is_alanine_scanning"": false}, {""chain_id"": ""L"", ""chain_role"": ""light"", ""wt_residue"": ""V"", ""mutant_residue"": ""D"", ""residue_position"": 93, ""insertion_code"": null, ""aligned_interface_position"": 93, ""flat_residue_index"": 315, ""interface_region"": ""rim"", ""is_alanine_scanning"": false}, {""chain_id"": ""L"", ""chain_role"": ""light"", ""wt_residue"": ""T"", ""mutant_residue"": ""K"", ""residue_position"": 94, ""insertion_code"": null, ""aligned_interface_position"": 94, ""flat_residue_index"": 316, ""interface_region"": ""surface"", ""is_alanine_scanning"": false}]",bounded,0.2714510287806902,5,,298.0,20543007,
"3G6D_LH_A_EL3V,GL76R,TL77V,QL78E,EL80G_520",3G6D,CNTO607 fab :: Interleukin-13,"[{""chain_id"": ""L"", ""chain_role"": ""light"", ""wt_residue"": ""E"", ""mutant_residue"": ""V"", ""residue_position"": 3, ""insertion_code"": null, ""aligned_interface_position"": 3, ""flat_residue_index"": 225, ""interface_region"": ""surface"", ""is_alanine_scanning"": false}, {""chain_id"": ""L"", ""chain_role"": ""light"", ""wt_residue"": ""G"", ""mutant_residue"": ""R"", ""residue_position"": 76, ""insertion_code"": null, ""aligned_interface_position"": 76, ""flat_residue_index"": 298, ""interface_region"": ""surface"", ""is_alanine_scanning"": false}, {""chain_id"": ""L"", ""chain_role"": ""light"", ""wt_residue"": ""T"", ""mutant_residue"": ""V"", ""residue_position"": 77, ""insertion_code"": null, ""aligned_interface_position"": 77, ""flat_residue_index"": 299, ""interface_region"": ""interior"", ""is_alanine_scanning"": false}, {""chain_id"": ""L"", ""chain_role"": ""light"", ""wt_residue"": ""Q"", ""mutant_residue"": ""E"", ""residue_position"": 78, ""insertion_code"": null, ""aligned_interface_position"": 78, ""flat_residue_index"": 300, ""interface_region"": ""surface"", ""is_alanine_scanning"": false}, {""chain_id"": ""L"", ""chain_role"": ""light"", ""wt_residue"": ""E"", ""mutant_residue"": ""G"", ""residue_position"": 80, ""insertion_code"": null, ""aligned_interface_position"": 80, ""flat_residue_index"": 302, ""interface_region"": ""surface"", ""is_alanine_scanning"": false}]",bounded,0.13981689810115835,5,,298.0,20543007,
"3G6D_LH_A_FH103A,HH104A,WH105A_515",3G6D,CNTO607 fab :: Interleukin-13,"[{""chain_id"": ""H"", ""chain_role"": ""heavy"", ""wt_residue"": ""F"", ""mutant_residue"": ""A"", ""residue_position"": 103, ""insertion_code"": null, ""aligned_interface_position"": 103, ""flat_residue_index"": 102, ""interface_region"": ""core"", ""is_alanine_scanning"": true}, {""chain_id"": ""H"", ""chain_role"": ""heavy"", ""wt_residue"": ""H"", ""mutant_residue"": ""A"", ""residue_position"": 104, ""insertion_code"": null, ""aligned_interface_position"": 104, ""flat_residue_index"": 103, ""interface_region"": ""core"", ""is_alanine_scanning"": true}, {""chain_id"": ""H"", ""chain_role"": ""heavy"", ""wt_residue"": ""W"", ""mutant_residue"": ""A"", ""residue_position"": 105, ""insertion_code"": null, ""aligned_interface_position"": 105, ""flat_residue_index"": 104, ""interface_region"": ""core"", ""is_alanine_scanning"": true}]",n.b.,,,,298.0,22915597,
3G6D_LH_A_HH104A_517,3G6D,CNTO607 fab :: Interleukin-13,"[{""chain_id"": ""H"", ""chain_role"": ""heavy"", ""wt_residue"": ""H"", ""mutant_residue"": ""A"", ""residue_position"": 104, ""insertion_code"": null, ""aligned_interface_position"": 104, ""flat_residue_index"": 103, ""interface_region"": ""core"", ""is_alanine_scanning"": true}]",bounded,-0.9530878742875267,4,,298.0,22915597,
"3G6D_LH_A_KH210T,KH215T_519",3G6D,CNTO607 fab :: Interleukin-13,"[{""chain_id"": ""H"", ""chain_role"": ""heavy"", ""wt_residue"": ""K"", ""mutant_residue"": ""T"", ""residue_position"": 210, ""insertion_code"": null, ""aligned_interface_position"": 210, ""flat_residue_index"": 209, ""interface_region"": ""surface"", ""is_alanine_scanning"": false}, {""chain_id"": ""H"", ""chain_role"": ""heavy"", ""wt_residue"": ""K"", ""mutant_residue"": ""T"", ""residue_position"": 215, ""insertion_code"": null, ""aligned_interface_position"": 215, ""flat_residue_index"": 214, ""interface_region"": ""surface"", ""is_alanine_scanning"": false}]",bounded,-0.13294781252779322,4,,298.0,22915597,
"3G6D_LH_A_TL89S,ML92I,VL93D,TL94K_521",3G6D,CNTO607 fab :: Interleukin-13,"[{""chain_id"": ""L"", ""chain_role"": ""light"", ""wt_residue"": ""T"", ""mutant_residue"": ""S"", ""residue_position"": 89, ""insertion_code"": null, ""aligned_interface_position"": 89, ""flat_residue_index"": 311, ""interface_region"": ""interior"", ""is_alanine_scanning"": false}, {""chain_id"": ""L"", ""chain_role"": ""light"", ""wt_residue"": ""M"", ""mutant_residue"": ""I"", ""residue_position"": 92, ""insertion_code"": null, ""aligned_interface_position"": 92, ""flat_residue_index"": 314, ""interface_region"": ""rim"", ""is_alanine_scanning"": false}, {""chain_id"": ""L"", ""chain_role"": ""light"", ""wt_residue"": ""V"", ""mutant_residue"": ""D"", ""residue_position"": 93, ""insertion_code"": null, ""aligned_interface_position"": 93, ""flat_residue_index"": 315, ""interface_region"": ""rim"", ""is_alanine_scanning"": false}, {""chain_id"": ""L"", ""chain_role"": ""light"", ""wt_residue"": ""T"", ""mutant_residue"": ""K"", ""residue_position"": 94, ""insertion_code"": null, ""aligned_interface_position"": 94, ""flat_residue_index"": 316, ""interface_region"": ""surface"", ""is_alanine_scanning"": false}]",bounded,0.7979766387392765,5,,298.0,20543007,
"3HFM_HL_Y_DH32A,KY97A_405",3HFM,HyHEL-10 :: HEW Lysozyme,"[{""chain_id"": ""H"", ""chain_role"": ""heavy"", ""wt_residue"": ""D"", ""mutant_residue"": ""A"", ""residue_position"": 32, ""insertion_code"": null, ""aligned_interface_position"": 32, ""flat_residue_index"": 31, ""interface_region"": ""core"", ""is_alanine_scanning"": true}, {""chain_id"": ""Y"", ""chain_role"": ""antigen"", ""wt_residue"": ""K"", ""mutant_residue"": ""A"", ""residue_position"": 97, ""insertion_code"": null, ""aligned_interface_position"": 97, ""flat_residue_index"": 525, ""interface_region"": ""core"", ""is_alanine_scanning"": true}]",bounded,4.592440040392658,9,,298.0,10338006,"NB) HyHEL-10 and HyHEL-63 are very similar,,"
"3HFM_HL_Y_DH32N,KY97M_409",3HFM,HyHEL-10 :: HEW Lysozyme,"[{""chain_id"": ""H"", ""chain_role"": ""heavy"", ""wt_residue"": ""D"", ""mutant_residue"": ""N"", ""residue_position"": 32, ""insertion_code"": null, ""aligned_interface_position"": 32, ""flat_residue_index"": 31, ""interface_region"": ""core"", ""is_alanine_scanning"": false}, {""chain_id"": ""Y"", ""chain_role"": ""antigen"", ""wt_residue"": ""K"", ""mutant_residue"": ""M"", ""residue_position"": 97, ""insertion_code"": null, ""aligned_interface_position"": 97, ""flat_residue_index"": 525, ""interface_region"": ""core"", ""is_alanine_scanning"": false}]",bounded,0.30250418740938095,5,,298.0,10338006,"NB) HyHEL-10 and HyHEL-63 are very similar,,"
3HFM_HL_Y_DH32N_407,3HFM,HyHEL-10 :: HEW Lysozyme,"[{""chain_id"": ""H"", ""chain_role"": ""heavy"", ""wt_residue"": ""D"", ""mutant_residue"": ""N"", ""residue_position"": 32, ""insertion_code"": null, ""aligned_interface_position"": 32, ""flat_residue_index"": 31, ""interface_region"": ""core"", ""is_alanine_scanning"": false}]",bounded,0.17036152360113166,5,,298.0,10338006,"NB) HyHEL-10 and HyHEL-63 are very similar,,"
3HFM_HL_Y_DY101E_438,3HFM,HyHEL-10 :: HEW Lysozyme,"[{""chain_id"": ""Y"", ""chain_role"": ""antigen"", ""wt_residue"": ""D"", ""mutant_residue"": ""E"", ""residue_position"": 101, ""insertion_code"": null, ""aligned_interface_position"": 101, ""flat_residue_index"": 529, ""interface_region"": ""core"", ""is_alanine_scanning"": false}]",bounded,1.973287499168585,6,,298.0,7683415,"NB) HyHEL-10 and HyHEL-63 are very similar,,"
3HFM_HL_Y_DY101F_439,3HFM,HyHEL-10 :: HEW Lysozyme,"[{""chain_id"": ""Y"", ""chain_role"": ""antigen"", ""wt_residue"": ""D"", ""mutant_residue"": ""F"", ""residue_position"": 101, ""insertion_code"": null, ""aligned_interface_position"": 101, ""flat_residue_index"": 529, ""interface_region"": ""core"", ""is_alanine_scanning"": false}]",bounded,2.169512818515754,7,,298.0,7683415,"NB) HyHEL-10 and HyHEL-63 are very similar,,"
3HFM_HL_Y_DY101G_432,3HFM,HyHEL-10 :: HEW Lysozyme,"[{""chain_id"": ""Y"", ""chain_role"": ""antigen"", ""wt_residue"": ""D"", ""mutant_residue"": ""G"", ""residue_position"": 101, ""insertion_code"": null, ""aligned_interface_position"": 101, ""flat_residue_index"": 529, ""interface_region"": ""core"", ""is_alanine_scanning"": false}]",bounded,0.19925441440178102,5,,298.0,7683415,"NB) HyHEL-10 and HyHEL-63 are very similar,,"
3HFM_HL_Y_DY101K_440,3HFM,HyHEL-10 :: HEW Lysozyme,"[{""chain_id"": ""Y"", ""chain_role"": ""antigen"", ""wt_residue"": ""D"", ""mutant_residue"": ""K"", ""residue_position"": 101, ""insertion_code"": null, ""aligned_interface_position"": 101, ""flat_residue_index"": 529, ""interface_region"": ""core"", ""is_alanine_scanning"": false}]",bounded,1.973287499168585,6,,298.0,7683415,"NB) HyHEL-10 and HyHEL-63 are very similar,,"
3HFM_HL_Y_DY101N_434,3HFM,HyHEL-10 :: HEW Lysozyme,"[{""chain_id"": ""Y"", ""chain_role"": ""antigen"", ""wt_residue"": ""D"", ""mutant_residue"": ""N"", ""residue_position"": 101, ""insertion_code"": null, ""aligned_interface_position"": 101, ""flat_residue_index"": 529, ""interface_region"": ""core"", ""is_alanine_scanning"": false}]",bounded,1.3403344912249715,6,,298.0,7683415,"NB) HyHEL-10 and HyHEL-63 are very similar,,"
3HFM_HL_Y_DY101Q_436,3HFM,HyHEL-10 :: HEW Lysozyme,"[{""chain_id"": ""Y"", ""chain_role"": ""antigen"", ""wt_residue"": ""D"", ""mutant_residue"": ""Q"", ""residue_position"": 101, ""insertion_code"": null, ""aligned_interface_position"": 101, ""flat_residue_index"": 529, ""interface_region"": ""core"", ""is_alanine_scanning"": false}]",bounded,1.9294017368772471,6,,298.0,7683415,"NB) HyHEL-10 and HyHEL-63 are very similar,,"
3HFM_HL_Y_DY101R_437,3HFM,HyHEL-10 :: HEW Lysozyme,"[{""chain_id"": ""Y"", ""chain_role"": ""antigen"", ""wt_residue"": ""D"", ""mutant_residue"": ""R"", ""residue_position"": 101, ""insertion_code"": null, ""aligned_interface_position"": 101, ""flat_residue_index"": 529, ""interface_region"": ""core"", ""is_alanine_scanning"": false}]",bounded,2.1221125842355693,7,,298.0,7683415,"NB) HyHEL-10 and HyHEL-63 are very similar,,"
3HFM_HL_Y_GY102V_451,3HFM,HyHEL-10 :: HEW Lysozyme,"[{""chain_id"": ""Y"", ""chain_role"": ""antigen"", ""wt_residue"": ""G"", ""mutant_residue"": ""V"", ""residue_position"": 102, ""insertion_code"": null, ""aligned_interface_position"": 102, ""flat_residue_index"": 530, ""interface_region"": ""rim"", ""is_alanine_scanning"": false}]",bounded,0.24011108163850703,5,,298.0,7683415,"NB) HyHEL-10 and HyHEL-63 are very similar,,"
3HFM_HL_Y_HY15A_479,3HFM,HyHEL-10 :: HEW Lysozyme,"[{""chain_id"": ""Y"", ""chain_role"": ""antigen"", ""wt_residue"": ""H"", ""mutant_residue"": ""A"", ""residue_position"": 15, ""insertion_code"": null, ""aligned_interface_position"": 15, ""flat_residue_index"": 443, ""interface_region"": ""support"", ""is_alanine_scanning"": true}]",bounded,-0.4453171721878956,4,,298.0,9761468,"NB) HyHEL-10 and HyHEL-63 are very similar,,"
3HFM_HL_Y_IY98A_488,3HFM,HyHEL-10 :: HEW Lysozyme,"[{""chain_id"": ""Y"", ""chain_role"": ""antigen"", ""wt_residue"": ""I"", ""mutant_residue"": ""A"", ""residue_position"": 98, ""insertion_code"": null, ""aligned_interface_position"": 98, ""flat_residue_index"": 526, ""interface_region"": ""support"", ""is_alanine_scanning"": true}]",bounded,0.0,5,,298.0,9761468,"NB) HyHEL-10 and HyHEL-63 are very similar,,"
3HFM_HL_Y_KY96A_375,3HFM,HyHEL-10 :: HEW Lysozyme,"[{""chain_id"": ""Y"", ""chain_role"": ""antigen"", ""wt_residue"": ""K"", ""mutant_residue"": ""A"", ""residue_position"": 96, ""insertion_code"": null, ""aligned_interface_position"": 96, ""flat_residue_index"": 524, ""interface_region"": ""support"", ""is_alanine_scanning"": true}]",bounded,6.988163921236958,9,,298.0,10338006,"NB) HyHEL-10 and HyHEL-63 are very similar,,"
3HFM_HL_Y_KY96M_477,3HFM,HyHEL-10 :: HEW Lysozyme,"[{""chain_id"": ""Y"", ""chain_role"": ""antigen"", ""wt_residue"": ""K"", ""mutant_residue"": ""M"", ""residue_position"": 96, ""insertion_code"": null, ""aligned_interface_position"": 96, ""flat_residue_index"": 524, ""interface_region"": ""support"", ""is_alanine_scanning"": false}]",bounded,6.776945730399101,9,,298.0,9761467,"NB) HyHEL-10 and HyHEL-63 are very similar,,"
3HFM_HL_Y_KY96R_493,3HFM,HyHEL-10 :: HEW Lysozyme,"[{""chain_id"": ""Y"", ""chain_role"": ""antigen"", ""wt_residue"": ""K"", ""mutant_residue"": ""R"", ""residue_position"": 96, ""insertion_code"": null, ""aligned_interface_position"": 96, ""flat_residue_index"": 524, ""interface_region"": ""support"", ""is_alanine_scanning"": false}]",bounded,5.353002968058597,9,,298.0,9761468,"NB) HyHEL-10 and HyHEL-63 are very similar,,"
3HFM_HL_Y_KY97D_463,3HFM,HyHEL-10 :: HEW Lysozyme,"[{""chain_id"": ""Y"", ""chain_role"": ""antigen"", ""wt_residue"": ""K"", ""mutant_residue"": ""D"", ""residue_position"": 97, ""insertion_code"": null, ""aligned_interface_position"": 97, ""flat_residue_index"": 525, ""interface_region"": ""core"", ""is_alanine_scanning"": false}]",bounded,6.768424910126412,9,,298.0,9761467,"NB) HyHEL-10 and HyHEL-63 are very similar,,"
3HFM_HL_Y_KY97E_464,3HFM,HyHEL-10 :: HEW Lysozyme,"[{""chain_id"": ""Y"", ""chain_role"": ""antigen"", ""wt_residue"": ""K"", ""mutant_residue"": ""E"", ""residue_position"": 97, ""insertion_code"": null, ""aligned_interface_position"": 97, ""flat_residue_index"": 525, ""interface_region"": ""core"", ""is_alanine_scanning"": false}]",bounded,3.6045075991568742,8,,298.0,9761467,"NB) HyHEL-10 and HyHEL-63 are very similar,,"
3HFM_HL_Y_KY97G_461,3HFM,HyHEL-10 :: HEW Lysozyme,"[{""chain_id"": ""Y"", ""chain_role"": ""antigen"", ""wt_residue"": ""K"", ""mutant_residue"": ""G"", ""residue_position"": 97, ""insertion_code"": null, ""aligned_interface_position"": 97, ""flat_residue_index"": 525, ""interface_region"": ""core"", ""is_alanine_scanning"": false}]",bounded,6.4305557806983815,9,,298.0,9761467,"NB) HyHEL-10 and HyHEL-63 are very similar,,"
3HFM_HL_Y_KY97M_410,3HFM,HyHEL-10 :: HEW Lysozyme,"[{""chain_id"": ""Y"", ""chain_role"": ""antigen"", ""wt_residue"": ""K"", ""mutant_residue"": ""M"", ""residue_position"": 97, ""insertion_code"": null, ""aligned_interface_position"": 97, ""flat_residue_index"": 525, ""interface_region"": ""core"", ""is_alanine_scanning"": false}]",bounded,1.093074186434183,6,,298.0,10338006,"NB) HyHEL-10 and HyHEL-63 are very similar,,"
3HFM_HL_Y_KY97R_466,3HFM,HyHEL-10 :: HEW Lysozyme,"[{""chain_id"": ""Y"", ""chain_role"": ""antigen"", ""wt_residue"": ""K"", ""mutant_residue"": ""R"", ""residue_position"": 97, ""insertion_code"": null, ""aligned_interface_position"": 97, ""flat_residue_index"": 525, ""interface_region"": ""core"", ""is_alanine_scanning"": false}]",bounded,3.0528511347659055,8,,298.0,9761467,"NB) HyHEL-10 and HyHEL-63 are very similar,,"
3HFM_HL_Y_LY75A_484,3HFM,HyHEL-10 :: HEW Lysozyme,"[{""chain_id"": ""Y"", ""chain_role"": ""antigen"", ""wt_residue"": ""L"", ""mutant_residue"": ""A"", ""residue_position"": 75, ""insertion_code"": null, ""aligned_interface_position"": 75, ""flat_residue_index"": 503, ""interface_region"": ""core"", ""is_alanine_scanning"": true}]",bounded,0.7044559723763305,5,,298.0,9761468,"NB) HyHEL-10 and HyHEL-63 are very similar,,"
"3HFM_HL_Y_NL31A,KY96A_377",3HFM,HyHEL-10 :: HEW Lysozyme,"[{""chain_id"": ""L"", ""chain_role"": ""light"", ""wt_residue"": ""N"", ""mutant_residue"": ""A"", ""residue_position"": 31, ""insertion_code"": null, ""aligned_interface_position"": 31, ""flat_residue_index"": 245, ""interface_region"": ""core"", ""is_alanine_scanning"": true}, {""chain_id"": ""Y"", ""chain_role"": ""antigen"", ""wt_residue"": ""K"", ""mutant_residue"": ""A"", ""residue_position"": 96, ""insertion_code"": null, ""aligned_interface_position"": 96, ""flat_residue_index"": 524, ""interface_region"": ""support"", ""is_alanine_scanning"": true}]",bounded,7.4683860845139725,9,,298.0,10338006,"NB) HyHEL-10 and HyHEL-63 are very similar,,"
3HFM_HL_Y_NL31A_376,3HFM,HyHEL-10 :: HEW Lysozyme,"[{""chain_id"": ""L"", ""chain_role"": ""light"", ""wt_residue"": ""N"", ""mutant_residue"": ""A"", ""residue_position"": 31, ""insertion_code"": null, ""aligned_interface_position"": 31, ""flat_residue_index"": 245, ""interface_region"": ""core"", ""is_alanine_scanning"": true}]",bounded,5.214130836470154,9,,298.0,10338006,"NB) HyHEL-10 and HyHEL-63 are very similar,,"
3HFM_HL_Y_NL31D_378,3HFM,HyHEL-10 :: HEW Lysozyme,"[{""chain_id"": ""L"", ""chain_role"": ""light"", ""wt_residue"": ""N"", ""mutant_residue"": ""D"", ""residue_position"": 31, ""insertion_code"": null, ""aligned_interface_position"": 31, ""flat_residue_index"": 245, ""interface_region"": ""core"", ""is_alanine_scanning"": false}]",bounded,1.3434844283965213,6,,298.0,10338006,"NB) HyHEL-10 and HyHEL-63 are very similar,,"
3HFM_HL_Y_NL31E_379,3HFM,HyHEL-10 :: HEW Lysozyme,"[{""chain_id"": ""L"", ""chain_role"": ""light"", ""wt_residue"": ""N"", ""mutant_residue"": ""E"", ""residue_position"": 31, ""insertion_code"": null, ""aligned_interface_position"": 31, ""flat_residue_index"": 245, ""interface_region"": ""core"", ""is_alanine_scanning"": false}]",bounded,5.707368618008627,9,,298.0,10338006,"NB) HyHEL-10 and HyHEL-63 are very similar,,"
3HFM_HL_Y_NY19D_450,3HFM,HyHEL-10 :: HEW Lysozyme,"[{""chain_id"": ""Y"", ""chain_role"": ""antigen"", ""wt_residue"": ""N"", ""mutant_residue"": ""D"", ""residue_position"": 19, ""insertion_code"": null, ""aligned_interface_position"": 19, ""flat_residue_index"": 447, ""interface_region"": ""rim"", ""is_alanine_scanning"": false}]",bounded,0.4104726052396387,5,,298.0,7683415,"NB) HyHEL-10 and HyHEL-63 are very similar,,"
3HFM_HL_Y_NY19K_448,3HFM,HyHEL-10 :: HEW Lysozyme,"[{""chain_id"": ""Y"", ""chain_role"": ""antigen"", ""wt_residue"": ""N"", ""mutant_residue"": ""K"", ""residue_position"": 19, ""insertion_code"": null, ""aligned_interface_position"": 19, ""flat_residue_index"": 447, ""interface_region"": ""rim"", ""is_alanine_scanning"": false}]",bounded,0.24011108163850703,5,,298.0,7683415,"NB) HyHEL-10 and HyHEL-63 are very similar,,"
3HFM_HL_Y_NY19Q_449,3HFM,HyHEL-10 :: HEW Lysozyme,"[{""chain_id"": ""Y"", ""chain_role"": ""antigen"", ""wt_residue"": ""N"", ""mutant_residue"": ""Q"", ""residue_position"": 19, ""insertion_code"": null, ""aligned_interface_position"": 19, ""flat_residue_index"": 447, ""interface_region"": ""rim"", ""is_alanine_scanning"": false}]",bounded,-0.04248579286391044,4,,298.0,7683415,"NB) HyHEL-10 and HyHEL-63 are very similar,,"
3HFM_HL_Y_NY93A_486,3HFM,HyHEL-10 :: HEW Lysozyme,"[{""chain_id"": ""Y"", ""chain_role"": ""antigen"", ""wt_residue"": ""N"", ""mutant_residue"": ""A"", ""residue_position"": 93, ""insertion_code"": null, ""aligned_interface_position"": 93, ""flat_residue_index"": 521, ""interface_region"": ""core"", ""is_alanine_scanning"": true}]",bounded,0.21121819083785776,5,,298.0,9761468,"NB) HyHEL-10 and HyHEL-63 are very similar,,"
3HFM_HL_Y_QL53A_415,3HFM,HyHEL-10 :: HEW Lysozyme,"[{""chain_id"": ""L"", ""chain_role"": ""light"", ""wt_residue"": ""Q"", ""mutant_residue"": ""A"", ""residue_position"": 53, ""insertion_code"": null, ""aligned_interface_position"": 53, ""flat_residue_index"": 267, ""interface_region"": ""core"", ""is_alanine_scanning"": true}]",bounded,0.9530878742875266,5,,298.0,10338006,"NB) HyHEL-10 and HyHEL-63 are very similar,,"
3HFM_HL_Y_RY21A_411,3HFM,HyHEL-10 :: HEW Lysozyme,"[{""chain_id"": ""Y"", ""chain_role"": ""antigen"", ""wt_residue"": ""R"", ""mutant_residue"": ""A"", ""residue_position"": 21, ""insertion_code"": null, ""aligned_interface_position"": 21, ""flat_residue_index"": 449, ""interface_region"": ""core"", ""is_alanine_scanning"": true}]",bounded,1.0272078343900968,6,,298.0,10338006,"NB) HyHEL-10 and HyHEL-63 are very similar,,"
3HFM_HL_Y_RY21E_443,3HFM,HyHEL-10 :: HEW Lysozyme,"[{""chain_id"": ""Y"", ""chain_role"": ""antigen"", ""wt_residue"": ""R"", ""mutant_residue"": ""E"", ""residue_position"": 21, ""insertion_code"": null, ""aligned_interface_position"": 21, ""flat_residue_index"": 449, ""interface_region"": ""core"", ""is_alanine_scanning"": false}]",bounded,2.292474107836701,7,,298.0,7683415,"NB) HyHEL-10 and HyHEL-63 are very similar,,"
3HFM_HL_Y_RY21G_444,3HFM,HyHEL-10 :: HEW Lysozyme,"[{""chain_id"": ""Y"", ""chain_role"": ""antigen"", ""wt_residue"": ""R"", ""mutant_residue"": ""G"", ""residue_position"": 21, ""insertion_code"": null, ""aligned_interface_position"": 21, ""flat_residue_index"": 449, ""interface_region"": ""core"", ""is_alanine_scanning"": false}]",bounded,2.269248119534507,7,,298.0,7683415,"NB) HyHEL-10 and HyHEL-63 are very similar,,"
3HFM_HL_Y_RY21H_446,3HFM,HyHEL-10 :: HEW Lysozyme,"[{""chain_id"": ""Y"", ""chain_role"": ""antigen"", ""wt_residue"": ""R"", ""mutant_residue"": ""H"", ""residue_position"": 21, ""insertion_code"": null, ""aligned_interface_position"": 21, ""flat_residue_index"": 449, ""interface_region"": ""core"", ""is_alanine_scanning"": false}]",bounded,2.0141441664053112,7,,298.0,7683415,"NB) HyHEL-10 and HyHEL-63 are very similar,,"
3HFM_HL_Y_RY21K_447,3HFM,HyHEL-10 :: HEW Lysozyme,"[{""chain_id"": ""Y"", ""chain_role"": ""antigen"", ""wt_residue"": ""R"", ""mutant_residue"": ""K"", ""residue_position"": 21, ""insertion_code"": null, ""aligned_interface_position"": 21, ""flat_residue_index"": 449, ""interface_region"": ""core"", ""is_alanine_scanning"": false}]",bounded,1.618664432656361,6,,298.0,7683415,"NB) HyHEL-10 and HyHEL-63 are very similar,,"
3HFM_HL_Y_RY21M_458,3HFM,HyHEL-10 :: HEW Lysozyme,"[{""chain_id"": ""Y"", ""chain_role"": ""antigen"", ""wt_residue"": ""R"", ""mutant_residue"": ""M"", ""residue_position"": 21, ""insertion_code"": null, ""aligned_interface_position"": 21, ""flat_residue_index"": 449, ""interface_region"": ""core"", ""is_alanine_scanning"": false}]",bounded,2.0498904263972126,7,,298.0,9761467,"NB) HyHEL-10 and HyHEL-63 are very similar,,"
3HFM_HL_Y_RY21N_445,3HFM,HyHEL-10 :: HEW Lysozyme,"[{""chain_id"": ""Y"", ""chain_role"": ""antigen"", ""wt_residue"": ""R"", ""mutant_residue"": ""N"", ""residue_position"": 21, ""insertion_code"": null, ""aligned_interface_position"": 21, ""flat_residue_index"": 449, ""interface_region"": ""core"", ""is_alanine_scanning"": false}]",bounded,2.169512818515754,7,,298.0,7683415,"NB) HyHEL-10 and HyHEL-63 are very similar,,"
3HFM_HL_Y_RY21W_441,3HFM,HyHEL-10 :: HEW Lysozyme,"[{""chain_id"": ""Y"", ""chain_role"": ""antigen"", ""wt_residue"": ""R"", ""mutant_residue"": ""W"", ""residue_position"": 21, ""insertion_code"": null, ""aligned_interface_position"": 21, ""flat_residue_index"": 449, ""interface_region"": ""core"", ""is_alanine_scanning"": false}]",bounded,1.973287499168585,6,,298.0,7683415,"NB) HyHEL-10 and HyHEL-63 are very similar,,"
3HFM_HL_Y_RY73A_483,3HFM,HyHEL-10 :: HEW Lysozyme,"[{""chain_id"": ""Y"", ""chain_role"": ""antigen"", ""wt_residue"": ""R"", ""mutant_residue"": ""A"", ""residue_position"": 73, ""insertion_code"": null, ""aligned_interface_position"": 73, ""flat_residue_index"": 501, ""interface_region"": ""rim"", ""is_alanine_scanning"": true}]",bounded,-0.3313970782100303,4,,298.0,9761468,"NB) HyHEL-10 and HyHEL-63 are very similar,,"
3HFM_HL_Y_SH31A_412,3HFM,HyHEL-10 :: HEW Lysozyme,"[{""chain_id"": ""H"", ""chain_role"": ""heavy"", ""wt_residue"": ""S"", ""mutant_residue"": ""A"", ""residue_position"": 31, ""insertion_code"": null, ""aligned_interface_position"": 31, ""flat_residue_index"": 30, ""interface_region"": ""core"", ""is_alanine_scanning"": true}]",bounded,0.17036152360113166,5,,298.0,10338006,"NB) HyHEL-10 and HyHEL-63 are very similar,,"
3HFM_HL_Y_SY100A_489,3HFM,HyHEL-10 :: HEW Lysozyme,"[{""chain_id"": ""Y"", ""chain_role"": ""antigen"", ""wt_residue"": ""S"", ""mutant_residue"": ""A"", ""residue_position"": 100, ""insertion_code"": null, ""aligned_interface_position"": 100, ""flat_residue_index"": 528, ""interface_region"": ""core"", ""is_alanine_scanning"": true}]",bounded,0.26765962046112396,5,,298.0,9761468,"NB) HyHEL-10 and HyHEL-63 are very similar,,"
3HFM_HL_Y_TY89A_485,3HFM,HyHEL-10 :: HEW Lysozyme,"[{""chain_id"": ""Y"", ""chain_role"": ""antigen"", ""wt_residue"": ""T"", ""mutant_residue"": ""A"", ""residue_position"": 89, ""insertion_code"": null, ""aligned_interface_position"": 89, ""flat_residue_index"": 517, ""interface_region"": ""rim"", ""is_alanine_scanning"": true}]",bounded,0.0,5,,298.0,9761468,"NB) HyHEL-10 and HyHEL-63 are very similar,,"
"3HFM_HL_Y_WH98A,KY96A_401",3HFM,HyHEL-10 :: HEW Lysozyme,"[{""chain_id"": ""H"", ""chain_role"": ""heavy"", ""wt_residue"": ""W"", ""mutant_residue"": ""A"", ""residue_position"": 98, ""insertion_code"": null, ""aligned_interface_position"": 98, ""flat_residue_index"": 97, ""interface_region"": ""core"", ""is_alanine_scanning"": true}, {""chain_id"": ""Y"", ""chain_role"": ""antigen"", ""wt_residue"": ""K"", ""mutant_residue"": ""A"", ""residue_position"": 96, ""insertion_code"": null, ""aligned_interface_position"": 96, ""flat_residue_index"": 524, ""interface_region"": ""support"", ""is_alanine_scanning"": true}]",bounded,7.730033604686627,9,,298.0,10338006,"NB) HyHEL-10 and HyHEL-63 are very similar,,"
"3HFM_HL_Y_WH98A,KY97A_400",3HFM,HyHEL-10 :: HEW Lysozyme,"[{""chain_id"": ""H"", ""chain_role"": ""heavy"", ""wt_residue"": ""W"", ""mutant_residue"": ""A"", ""residue_position"": 98, ""insertion_code"": null, ""aligned_interface_position"": 98, ""flat_residue_index"": 97, ""interface_region"": ""core"", ""is_alanine_scanning"": true}, {""chain_id"": ""Y"", ""chain_role"": ""antigen"", ""wt_residue"": ""K"", ""mutant_residue"": ""A"", ""residue_position"": 97, ""insertion_code"": null, ""aligned_interface_position"": 97, ""flat_residue_index"": 525, ""interface_region"": ""core"", ""is_alanine_scanning"": true}]",n.b.,,,,298.0,10338006,"NB) HyHEL-10 and HyHEL-63 are very similar,,"
"3HFM_HL_Y_WH98A,YY20A_403",3HFM,HyHEL-10 :: HEW Lysozyme,"[{""chain_id"": ""H"", ""chain_role"": ""heavy"", ""wt_residue"": ""W"", ""mutant_residue"": ""A"", ""residue_position"": 98, ""insertion_code"": null, ""aligned_interface_position"": 98, ""flat_residue_index"": 97, ""interface_region"": ""core"", ""is_alanine_scanning"": true}, {""chain_id"": ""Y"", ""chain_role"": ""antigen"", ""wt_residue"": ""Y"", ""mutant_residue"": ""A"", ""residue_position"": 20, ""insertion_code"": null, ""aligned_interface_position"": 20, ""flat_residue_index"": 448, ""interface_region"": ""core"", ""is_alanine_scanning"": true}]",n.b.,,,,298.0,10338006,"NB) HyHEL-10 and HyHEL-63 are very similar,,"
3HFM_HL_Y_WH98A_399,3HFM,HyHEL-10 :: HEW Lysozyme,"[{""chain_id"": ""H"", ""chain_role"": ""heavy"", ""wt_residue"": ""W"", ""mutant_residue"": ""A"", ""residue_position"": 98, ""insertion_code"": null, ""aligned_interface_position"": 98, ""flat_residue_index"": 97, ""interface_region"": ""core"", ""is_alanine_scanning"": true}]",bounded,5.510683347731928,9,,298.0,10338006,"NB) HyHEL-10 and HyHEL-63 are very similar,,"
"3HFM_HL_Y_WH98F,YY20A_398",3HFM,HyHEL-10 :: HEW Lysozyme,"[{""chain_id"": ""H"", ""chain_role"": ""heavy"", ""wt_residue"": ""W"", ""mutant_residue"": ""F"", ""residue_position"": 98, ""insertion_code"": null, ""aligned_interface_position"": 98, ""flat_residue_index"": 97, ""interface_region"": ""core"", ""is_alanine_scanning"": false}, {""chain_id"": ""Y"", ""chain_role"": ""antigen"", ""wt_residue"": ""Y"", ""mutant_residue"": ""A"", ""residue_position"": 20, ""insertion_code"": null, ""aligned_interface_position"": 20, ""flat_residue_index"": 448, ""interface_region"": ""core"", ""is_alanine_scanning"": true}]",bounded,6.229019333445615,9,,298.0,10338006,"NB) HyHEL-10 and HyHEL-63 are very similar,,"
3HFM_HL_Y_WY63A_482,3HFM,HyHEL-10 :: HEW Lysozyme,"[{""chain_id"": ""Y"", ""chain_role"": ""antigen"", ""wt_residue"": ""W"", ""mutant_residue"": ""A"", ""residue_position"": 63, ""insertion_code"": null, ""aligned_interface_position"": 63, ""flat_residue_index"": 491, ""interface_region"": ""support"", ""is_alanine_scanning"": true}]",bounded,0.31918660866811543,5,,298.0,9761468,"NB) HyHEL-10 and HyHEL-63 are very similar.kon calculated from koff/Kd,,"
"3HFM_HL_Y_YH33A,KY96A_394",3HFM,HyHEL-10 :: HEW Lysozyme,"[{""chain_id"": ""H"", ""chain_role"": ""heavy"", ""wt_residue"": ""Y"", ""mutant_residue"": ""A"", ""residue_position"": 33, ""insertion_code"": null, ""aligned_interface_position"": 33, ""flat_residue_index"": 32, ""interface_region"": ""core"", ""is_alanine_scanning"": true}, {""chain_id"": ""Y"", ""chain_role"": ""antigen"", ""wt_residue"": ""K"", ""mutant_residue"": ""A"", ""residue_position"": 96, ""insertion_code"": null, ""aligned_interface_position"": 96, ""flat_residue_index"": 524, ""interface_region"": ""support"", ""is_alanine_scanning"": true}]",n.b.,,,,298.0,10338006,"NB) HyHEL-10 and HyHEL-63 are very similar,,"
"3HFM_HL_Y_YH33A,KY97A_393",3HFM,HyHEL-10 :: HEW Lysozyme,"[{""chain_id"": ""H"", ""chain_role"": ""heavy"", ""wt_residue"": ""Y"", ""mutant_residue"": ""A"", ""residue_position"": 33, ""insertion_code"": null, ""aligned_interface_position"": 33, ""flat_residue_index"": 32, ""interface_region"": ""core"", ""is_alanine_scanning"": true}, {""chain_id"": ""Y"", ""chain_role"": ""antigen"", ""wt_residue"": ""K"", ""mutant_residue"": ""A"", ""residue_position"": 97, ""insertion_code"": null, ""aligned_interface_position"": 97, ""flat_residue_index"": 525, ""interface_region"": ""core"", ""is_alanine_scanning"": true}]",bounded,7.228275002875466,9,,298.0,10338006,"NB) HyHEL-10 and HyHEL-63 are very similar,,"
"3HFM_HL_Y_YH33A,YY20A_395",3HFM,HyHEL-10 :: HEW Lysozyme,"[{""chain_id"": ""H"", ""chain_role"": ""heavy"", ""wt_residue"": ""Y"", ""mutant_residue"": ""A"", ""residue_position"": 33, ""insertion_code"": null, ""aligned_interface_position"": 33, ""flat_residue_index"": 32, ""interface_region"": ""core"", ""is_alanine_scanning"": true}, {""chain_id"": ""Y"", ""chain_role"": ""antigen"", ""wt_residue"": ""Y"", ""mutant_residue"": ""A"", ""residue_position"": 20, ""insertion_code"": null, ""aligned_interface_position"": 20, ""flat_residue_index"": 448, ""interface_region"": ""core"", ""is_alanine_scanning"": true}]",n.b.,,,,298.0,10338006,"NB) HyHEL-10 and HyHEL-63 are very similar,,"
3HFM_HL_Y_YH33A_392,3HFM,HyHEL-10 :: HEW Lysozyme,"[{""chain_id"": ""H"", ""chain_role"": ""heavy"", ""wt_residue"": ""Y"", ""mutant_residue"": ""A"", ""residue_position"": 33, ""insertion_code"": null, ""aligned_interface_position"": 33, ""flat_residue_index"": 32, ""interface_region"": ""core"", ""is_alanine_scanning"": true}]",bounded,6.035076046949432,9,,298.0,10338006,"NB) HyHEL-10 and HyHEL-63 are very similar,,"
3HFM_HL_Y_YH33L_426,3HFM,HyHEL-10 :: HEW Lysozyme,"[{""chain_id"": ""H"", ""chain_role"": ""heavy"", ""wt_residue"": ""Y"", ""mutant_residue"": ""L"", ""residue_position"": 33, ""insertion_code"": null, ""aligned_interface_position"": 33, ""flat_residue_index"": 32, ""interface_region"": ""core"", ""is_alanine_scanning"": false}]",bounded,2.006938233298978,7,,303.0,7629185,"NB) HyHEL-10 and HyHEL-63 are very similar,,"
3HFM_HL_Y_YH33W_424,3HFM,HyHEL-10 :: HEW Lysozyme,"[{""chain_id"": ""H"", ""chain_role"": ""heavy"", ""wt_residue"": ""Y"", ""mutant_residue"": ""W"", ""residue_position"": 33, ""insertion_code"": null, ""aligned_interface_position"": 33, ""flat_residue_index"": 32, ""interface_region"": ""core"", ""is_alanine_scanning"": false}]",bounded,1.7495644411188114,6,,303.0,7629185,"NB) HyHEL-10 and HyHEL-63 are very similar,,"
"3HFM_HL_Y_YH50A,RY21A_414",3HFM,HyHEL-10 :: HEW Lysozyme,"[{""chain_id"": ""H"", ""chain_role"": ""heavy"", ""wt_residue"": ""Y"", ""mutant_residue"": ""A"", ""residue_position"": 50, ""insertion_code"": null, ""aligned_interface_position"": 50, ""flat_residue_index"": 49, ""interface_region"": ""support"", ""is_alanine_scanning"": true}, {""chain_id"": ""Y"", ""chain_role"": ""antigen"", ""wt_residue"": ""R"", ""mutant_residue"": ""A"", ""residue_position"": 21, ""insertion_code"": null, ""aligned_interface_position"": 21, ""flat_residue_index"": 449, ""interface_region"": ""core"", ""is_alanine_scanning"": true}]",bounded,7.941251795524486,9,,298.0,10338006,"NB) HyHEL-10 and HyHEL-63 are very similar,,"
3HFM_HL_Y_YH50F_427,3HFM,HyHEL-10 :: HEW Lysozyme,"[{""chain_id"": ""H"", ""chain_role"": ""heavy"", ""wt_residue"": ""Y"", ""mutant_residue"": ""F"", ""residue_position"": 50, ""insertion_code"": null, ""aligned_interface_position"": 50, ""flat_residue_index"": 49, ""interface_region"": ""support"", ""is_alanine_scanning"": false}]",bounded,1.6099914014364765,6,,303.0,7629185,"NB) HyHEL-10 and HyHEL-63 are very similar,,"
3HFM_HL_Y_YH53A_423,3HFM,HyHEL-10 :: HEW Lysozyme,"[{""chain_id"": ""H"", ""chain_role"": ""heavy"", ""wt_residue"": ""Y"", ""mutant_residue"": ""A"", ""residue_position"": 53, ""insertion_code"": null, ""aligned_interface_position"": 53, ""flat_residue_index"": 52, ""interface_region"": ""core"", ""is_alanine_scanning"": true}]",bounded,3.25037980031015,8,,303.0,7629185,"NB) HyHEL-10 and HyHEL-63 are very similar,,"
3HFM_HL_Y_YH53F_421,3HFM,HyHEL-10 :: HEW Lysozyme,"[{""chain_id"": ""H"", ""chain_role"": ""heavy"", ""wt_residue"": ""Y"", ""mutant_residue"": ""F"", ""residue_position"": 53, ""insertion_code"": null, ""aligned_interface_position"": 53, ""flat_residue_index"": 52, ""interface_region"": ""core"", ""is_alanine_scanning"": false}]",bounded,0.6204992222361218,5,,303.0,7629185,"NB) HyHEL-10 and HyHEL-63 are very similar,,"
3HFM_HL_Y_YH53L_422,3HFM,HyHEL-10 :: HEW Lysozyme,"[{""chain_id"": ""H"", ""chain_role"": ""heavy"", ""wt_residue"": ""Y"", ""mutant_residue"": ""L"", ""residue_position"": 53, ""insertion_code"": null, ""aligned_interface_position"": 53, ""flat_residue_index"": 52, ""interface_region"": ""core"", ""is_alanine_scanning"": false}]",bounded,0.8068893783643457,5,,303.0,7629185,"NB) HyHEL-10 and HyHEL-63 are very similar,,"
3HFM_HL_Y_YH53W_420,3HFM,HyHEL-10 :: HEW Lysozyme,"[{""chain_id"": ""H"", ""chain_role"": ""heavy"", ""wt_residue"": ""Y"", ""mutant_residue"": ""W"", ""residue_position"": 53, ""insertion_code"": null, ""aligned_interface_position"": 53, ""flat_residue_index"": 52, ""interface_region"": ""core"", ""is_alanine_scanning"": false}]",bounded,0.7061818544983417,5,,303.0,7629185,"NB) HyHEL-10 and HyHEL-63 are very similar,,"
3HFM_HL_Y_YH58A_431,3HFM,HyHEL-10 :: HEW Lysozyme,"[{""chain_id"": ""H"", ""chain_role"": ""heavy"", ""wt_residue"": ""Y"", ""mutant_residue"": ""A"", ""residue_position"": 58, ""insertion_code"": null, ""aligned_interface_position"": 58, ""flat_residue_index"": 57, ""interface_region"": ""core"", ""is_alanine_scanning"": true}]",bounded,1.67604362196827,6,,303.0,7629185,"NB) HyHEL-10 and HyHEL-63 are very similar,,"
3HFM_HL_Y_YH58L_430,3HFM,HyHEL-10 :: HEW Lysozyme,"[{""chain_id"": ""H"", ""chain_role"": ""heavy"", ""wt_residue"": ""Y"", ""mutant_residue"": ""L"", ""residue_position"": 58, ""insertion_code"": null, ""aligned_interface_position"": 58, ""flat_residue_index"": 57, ""interface_region"": ""core"", ""is_alanine_scanning"": false}]",bounded,1.513673036742926,6,,303.0,7629185,"NB) HyHEL-10 and HyHEL-63 are very similar,,"
"3HFM_HL_Y_YL50A,KY96A_386",3HFM,HyHEL-10 :: HEW Lysozyme,"[{""chain_id"": ""L"", ""chain_role"": ""light"", ""wt_residue"": ""Y"", ""mutant_residue"": ""A"", ""residue_position"": 50, ""insertion_code"": null, ""aligned_interface_position"": 50, ""flat_residue_index"": 264, ""interface_region"": ""core"", ""is_alanine_scanning"": true}, {""chain_id"": ""Y"", ""chain_role"": ""antigen"", ""wt_residue"": ""K"", ""mutant_residue"": ""A"", ""residue_position"": 96, ""insertion_code"": null, ""aligned_interface_position"": 96, ""flat_residue_index"": 524, ""interface_region"": ""support"", ""is_alanine_scanning"": true}]",bounded,7.730033604686627,9,,298.0,10338006,"NB) HyHEL-10 and HyHEL-63 are very similar,,"
"3HFM_HL_Y_YL50A,KY97A_387",3HFM,HyHEL-10 :: HEW Lysozyme,"[{""chain_id"": ""L"", ""chain_role"": ""light"", ""wt_residue"": ""Y"", ""mutant_residue"": ""A"", ""residue_position"": 50, ""insertion_code"": null, ""aligned_interface_position"": 50, ""flat_residue_index"": 264, ""interface_region"": ""core"", ""is_alanine_scanning"": true}, {""chain_id"": ""Y"", ""chain_role"": ""antigen"", ""wt_residue"": ""K"", ""mutant_residue"": ""A"", ""residue_position"": 97, ""insertion_code"": null, ""aligned_interface_position"": 97, ""flat_residue_index"": 525, ""interface_region"": ""core"", ""is_alanine_scanning"": true}]",bounded,7.319560999446989,9,,298.0,10338006,"NB) HyHEL-10 and HyHEL-63 are very similar,,"
"3HFM_HL_Y_YL50A,RY21A_383",3HFM,HyHEL-10 :: HEW Lysozyme,"[{""chain_id"": ""L"", ""chain_role"": ""light"", ""wt_residue"": ""Y"", ""mutant_residue"": ""A"", ""residue_position"": 50, ""insertion_code"": null, ""aligned_interface_position"": 50, ""flat_residue_index"": 264, ""interface_region"": ""core"", ""is_alanine_scanning"": true}, {""chain_id"": ""Y"", ""chain_role"": ""antigen"", ""wt_residue"": ""R"", ""mutant_residue"": ""A"", ""residue_position"": 21, ""insertion_code"": null, ""aligned_interface_position"": 21, ""flat_residue_index"": 449, ""interface_region"": ""core"", ""is_alanine_scanning"": true}]",bounded,6.366473125159462,9,,298.0,10338006,"NB) HyHEL-10 and HyHEL-63 are very similar,,"
"3HFM_HL_Y_YL50A,YY20A_390",3HFM,HyHEL-10 :: HEW Lysozyme,"[{""chain_id"": ""L"", ""chain_role"": ""light"", ""wt_residue"": ""Y"", ""mutant_residue"": ""A"", ""residue_position"": 50, ""insertion_code"": null, ""aligned_interface_position"": 50, ""flat_residue_index"": 264, ""interface_region"": ""core"", ""is_alanine_scanning"": true}, {""chain_id"": ""Y"", ""chain_role"": ""antigen"", ""wt_residue"": ""Y"", ""mutant_residue"": ""A"", ""residue_position"": 20, ""insertion_code"": null, ""aligned_interface_position"": 20, ""flat_residue_index"": 448, ""interface_region"": ""core"", ""is_alanine_scanning"": true}]",n.b.,,,,298.0,10338006,"NB) HyHEL-10 and HyHEL-63 are very similar,,"
3HFM_HL_Y_YL50A_380,3HFM,HyHEL-10 :: HEW Lysozyme,"[{""chain_id"": ""L"", ""chain_role"": ""light"", ""wt_residue"": ""Y"", ""mutant_residue"": ""A"", ""residue_position"": 50, ""insertion_code"": null, ""aligned_interface_position"": 50, ""flat_residue_index"": 264, ""interface_region"": ""core"", ""is_alanine_scanning"": true}]",bounded,4.557595473444401,9,,298.0,10338006,"NB) HyHEL-10 and HyHEL-63 are very similar,,"
"3HFM_HL_Y_YL50F,KY96A_388",3HFM,HyHEL-10 :: HEW Lysozyme,"[{""chain_id"": ""L"", ""chain_role"": ""light"", ""wt_residue"": ""Y"", ""mutant_residue"": ""F"", ""residue_position"": 50, ""insertion_code"": null, ""aligned_interface_position"": 50, ""flat_residue_index"": 264, ""interface_region"": ""core"", ""is_alanine_scanning"": false}, {""chain_id"": ""Y"", ""chain_role"": ""antigen"", ""wt_residue"": ""K"", ""mutant_residue"": ""A"", ""residue_position"": 96, ""insertion_code"": null, ""aligned_interface_position"": 96, ""flat_residue_index"": 524, ""interface_region"": ""support"", ""is_alanine_scanning"": true}]",n.b.,,,,298.0,10338006,"NB) HyHEL-10 and HyHEL-63 are very similar,,"
"3HFM_HL_Y_YL50F,KY97A_389",3HFM,HyHEL-10 :: HEW Lysozyme,"[{""chain_id"": ""L"", ""chain_role"": ""light"", ""wt_residue"": ""Y"", ""mutant_residue"": ""F"", ""residue_position"": 50, ""insertion_code"": null, ""aligned_interface_position"": 50, ""flat_residue_index"": 264, ""interface_region"": ""core"", ""is_alanine_scanning"": false}, {""chain_id"": ""Y"", ""chain_role"": ""antigen"", ""wt_residue"": ""K"", ""mutant_residue"": ""A"", ""residue_position"": 97, ""insertion_code"": null, ""aligned_interface_position"": 97, ""flat_residue_index"": 525, ""interface_region"": ""core"", ""is_alanine_scanning"": true}]",n.b.,,,,298.0,10338006,"NB) HyHEL-10 and HyHEL-63 are very similar,,"
"3HFM_HL_Y_YL50F,RY21A_384",3HFM,HyHEL-10 :: HEW Lysozyme,"[{""chain_id"": ""L"", ""chain_role"": ""light"", ""wt_residue"": ""Y"", ""mutant_residue"": ""F"", ""residue_position"": 50, ""insertion_code"": null, ""aligned_interface_position"": 50, ""flat_residue_index"": 264, ""interface_region"": ""core"", ""is_alanine_scanning"": false}, {""chain_id"": ""Y"", ""chain_role"": ""antigen"", ""wt_residue"": ""R"", ""mutant_residue"": ""A"", ""residue_position"": 21, ""insertion_code"": null, ""aligned_interface_position"": 21, ""flat_residue_index"": 449, ""interface_region"": ""core"", ""is_alanine_scanning"": true}]",bounded,4.330792520220003,9,,298.0,10338006,"NB) HyHEL-10 and HyHEL-63 are very similar,,"
"3HFM_HL_Y_YL50F,YY20A_385",3HFM,HyHEL-10 :: HEW Lysozyme,"[{""chain_id"": ""L"", ""chain_role"": ""light"", ""wt_residue"": ""Y"", ""mutant_residue"": ""F"", ""residue_position"": 50, ""insertion_code"": null, ""aligned_interface_position"": 50, ""flat_residue_index"": 264, ""interface_region"": ""core"", ""is_alanine_scanning"": false}, {""chain_id"": ""Y"", ""chain_role"": ""antigen"", ""wt_residue"": ""Y"", ""mutant_residue"": ""A"", ""residue_position"": 20, ""insertion_code"": null, ""aligned_interface_position"": 20, ""flat_residue_index"": 448, ""interface_region"": ""core"", ""is_alanine_scanning"": true}]",bounded,6.2236601403809475,9,,298.0,10338006,"NB) HyHEL-10 and HyHEL-63 are very similar,,"
3HFM_HL_Y_YL50F_382,3HFM,HyHEL-10 :: HEW Lysozyme,"[{""chain_id"": ""L"", ""chain_role"": ""light"", ""wt_residue"": ""Y"", ""mutant_residue"": ""F"", ""residue_position"": 50, ""insertion_code"": null, ""aligned_interface_position"": 50, ""flat_residue_index"": 264, ""interface_region"": ""core"", ""is_alanine_scanning"": false}]",bounded,2.354867213607575,7,,298.0,10338006,"NB) HyHEL-10 and HyHEL-63 are very similar,,"
3HFM_HL_Y_YL50L_381,3HFM,HyHEL-10 :: HEW Lysozyme,"[{""chain_id"": ""L"", ""chain_role"": ""light"", ""wt_residue"": ""Y"", ""mutant_residue"": ""L"", ""residue_position"": 50, ""insertion_code"": null, ""aligned_interface_position"": 50, ""flat_residue_index"": 264, ""interface_region"": ""core"", ""is_alanine_scanning"": false}]",bounded,4.393185625990877,9,,298.0,10338006,"NB) HyHEL-10 and HyHEL-63 are very similar,,"
"3HFM_HL_Y_YL96A,RY21A_417",3HFM,HyHEL-10 :: HEW Lysozyme,"[{""chain_id"": ""L"", ""chain_role"": ""light"", ""wt_residue"": ""Y"", ""mutant_residue"": ""A"", ""residue_position"": 96, ""insertion_code"": null, ""aligned_interface_position"": 96, ""flat_residue_index"": 310, ""interface_region"": ""support"", ""is_alanine_scanning"": true}, {""chain_id"": ""Y"", ""chain_role"": ""antigen"", ""wt_residue"": ""R"", ""mutant_residue"": ""A"", ""residue_position"": 21, ""insertion_code"": null, ""aligned_interface_position"": 21, ""flat_residue_index"": 449, ""interface_region"": ""core"", ""is_alanine_scanning"": true}]",bounded,5.756746105518043,9,,298.0,10338006,"NB) HyHEL-10 and HyHEL-63 are very similar,,"
3HFM_HL_Y_YL96A_416,3HFM,HyHEL-10 :: HEW Lysozyme,"[{""chain_id"": ""L"", ""chain_role"": ""light"", ""wt_residue"": ""Y"", ""mutant_residue"": ""A"", ""residue_position"": 96, ""insertion_code"": null, ""aligned_interface_position"": 96, ""flat_residue_index"": 310, ""interface_region"": ""support"", ""is_alanine_scanning"": true}]",bounded,2.707044907923687,7,,298.0,10338006,"NB) HyHEL-10 and HyHEL-63 are very similar,,"
"3HFM_HL_Y_YL96F,RY21A_418",3HFM,HyHEL-10 :: HEW Lysozyme,"[{""chain_id"": ""L"", ""chain_role"": ""light"", ""wt_residue"": ""Y"", ""mutant_residue"": ""F"", ""residue_position"": 96, ""insertion_code"": null, ""aligned_interface_position"": 96, ""flat_residue_index"": 310, ""interface_region"": ""support"", ""is_alanine_scanning"": false}, {""chain_id"": ""Y"", ""chain_role"": ""antigen"", ""wt_residue"": ""R"", ""mutant_residue"": ""A"", ""residue_position"": 21, ""insertion_code"": null, ""aligned_interface_position"": 21, ""flat_residue_index"": 449, ""interface_region"": ""core"", ""is_alanine_scanning"": true}]",bounded,4.18196743515302,9,,298.0,10338006,"NB) HyHEL-10 and HyHEL-63 are very similar,,"
3HFM_HL_Y_YL96F_419,3HFM,HyHEL-10 :: HEW Lysozyme,"[{""chain_id"": ""L"", ""chain_role"": ""light"", ""wt_residue"": ""Y"", ""mutant_residue"": ""F"", ""residue_position"": 96, ""insertion_code"": null, ""aligned_interface_position"": 96, ""flat_residue_index"": 310, ""interface_region"": ""support"", ""is_alanine_scanning"": false}]",bounded,1.401779339320048,6,,298.0,10338006,"NB) HyHEL-10 and HyHEL-63 are very similar,,"
"3HFM_HL_Y_YY20A,NL32A_374",3HFM,HyHEL-10 :: HEW Lysozyme,"[{""chain_id"": ""Y"", ""chain_role"": ""antigen"", ""wt_residue"": ""Y"", ""mutant_residue"": ""A"", ""residue_position"": 20, ""insertion_code"": null, ""aligned_interface_position"": 20, ""flat_residue_index"": 448, ""interface_region"": ""core"", ""is_alanine_scanning"": true}, {""chain_id"": ""L"", ""chain_role"": ""light"", ""wt_residue"": ""N"", ""mutant_residue"": ""A"", ""residue_position"": 32, ""insertion_code"": null, ""aligned_interface_position"": 32, ""flat_residue_index"": 246, ""interface_region"": ""support"", ""is_alanine_scanning"": true}]",n.b.,,,,298.0,10338006,"NB) HyHEL-10 and HyHEL-63 are very similar,,"
3HFM_HL_Y_YY20F_476,3HFM,HyHEL-10 :: HEW Lysozyme,"[{""chain_id"": ""Y"", ""chain_role"": ""antigen"", ""wt_residue"": ""Y"", ""mutant_residue"": ""F"", ""residue_position"": 20, ""insertion_code"": null, ""aligned_interface_position"": 20, ""flat_residue_index"": 448, ""interface_region"": ""core"", ""is_alanine_scanning"": false}]",bounded,-0.5043964092550055,4,,298.0,9761467,"NB) HyHEL-10 and HyHEL-63 are very similar,,"
"3IDX_HL_G_CG109I,CG428Q,MG433A_977",3IDX,b13 fab :: gp120,"[{""chain_id"": ""G"", ""chain_role"": ""antigen"", ""wt_residue"": ""C"", ""mutant_residue"": ""I"", ""residue_position"": 109, ""insertion_code"": null, ""aligned_interface_position"": 27, ""flat_residue_index"": 469, ""interface_region"": ""surface"", ""is_alanine_scanning"": false}, {""chain_id"": ""G"", ""chain_role"": ""antigen"", ""wt_residue"": ""C"", ""mutant_residue"": ""Q"", ""residue_position"": 428, ""insertion_code"": null, ""aligned_interface_position"": 242, ""flat_residue_index"": 684, ""interface_region"": ""interior"", ""is_alanine_scanning"": false}, {""chain_id"": ""G"", ""chain_role"": ""antigen"", ""wt_residue"": ""M"", ""mutant_residue"": ""A"", ""residue_position"": 433, ""insertion_code"": null, ""aligned_interface_position"": 247, ""flat_residue_index"": 689, ""interface_region"": ""surface"", ""is_alanine_scanning"": true}]",bounded,-2.1736173727914925,2,,298.0,17301785,Ds1F12
"3IDX_HL_G_CG109I,CG428Q_978",3IDX,b13 fab :: gp120,"[{""chain_id"": ""G"", ""chain_role"": ""antigen"", ""wt_residue"": ""C"", ""mutant_residue"": ""I"", ""residue_position"": 109, ""insertion_code"": null, ""aligned_interface_position"": 27, ""flat_residue_index"": 469, ""interface_region"": ""surface"", ""is_alanine_scanning"": false}, {""chain_id"": ""G"", ""chain_role"": ""antigen"", ""wt_residue"": ""C"", ""mutant_residue"": ""Q"", ""residue_position"": 428, ""insertion_code"": null, ""aligned_interface_position"": 242, ""flat_residue_index"": 684, ""interface_region"": ""interior"", ""is_alanine_scanning"": false}]",bounded,-2.465037526611716,2,,298.0,17301785,Ds1F123
"3IDX_HL_G_KG231C,EG267C,CG109I,CG428Q_980",3IDX,b13 fab :: gp120,"[{""chain_id"": ""G"", ""chain_role"": ""antigen"", ""wt_residue"": ""K"", ""mutant_residue"": ""C"", ""residue_position"": 231, ""insertion_code"": null, ""aligned_interface_position"": 85, ""flat_residue_index"": 527, ""interface_region"": ""surface"", ""is_alanine_scanning"": false}, {""chain_id"": ""G"", ""chain_role"": ""antigen"", ""wt_residue"": ""E"", ""mutant_residue"": ""C"", ""residue_position"": 267, ""insertion_code"": null, ""aligned_interface_position"": 121, ""flat_residue_index"": 563, ""interface_region"": ""surface"", ""is_alanine_scanning"": false}, {""chain_id"": ""G"", ""chain_role"": ""antigen"", ""wt_residue"": ""C"", ""mutant_residue"": ""I"", ""residue_position"": 109, ""insertion_code"": null, ""aligned_interface_position"": 27, ""flat_residue_index"": 469, ""interface_region"": ""surface"", ""is_alanine_scanning"": false}, {""chain_id"": ""G"", ""chain_role"": ""antigen"", ""wt_residue"": ""C"", ""mutant_residue"": ""Q"", ""residue_position"": 428, ""insertion_code"": null, ""aligned_interface_position"": 242, ""flat_residue_index"": 684, ""interface_region"": ""interior"", ""is_alanine_scanning"": false}]",bounded,-2.3776863404770685,2,,298.0,17301785,Ds14F123
"3IDX_HL_G_KG231C,EG267C,WG95M,MG433A,CG96W,CG275V,CG109I,CG428Q_975",3IDX,b13 fab :: gp120,"[{""chain_id"": ""G"", ""chain_role"": ""antigen"", ""wt_residue"": ""K"", ""mutant_residue"": ""C"", ""residue_position"": 231, ""insertion_code"": null, ""aligned_interface_position"": 85, ""flat_residue_index"": 527, ""interface_region"": ""surface"", ""is_alanine_scanning"": false}, {""chain_id"": ""G"", ""chain_role"": ""antigen"", ""wt_residue"": ""E"", ""mutant_residue"": ""C"", ""residue_position"": 267, ""insertion_code"": null, ""aligned_interface_position"": 121, ""flat_residue_index"": 563, ""interface_region"": ""surface"", ""is_alanine_scanning"": false}, {""chain_id"": ""G"", ""chain_role"": ""antigen"", ""wt_residue"": ""W"", ""mutant_residue"": ""M"", ""residue_position"": 95, ""insertion_code"": null, ""aligned_interface_position"": 13, ""flat_residue_index"": 455, ""interface_region"": ""interior"", ""is_alanine_scanning"": false}, {""chain_id"": ""G"", ""chain_role"": ""antigen"", ""wt_residue"": ""M"", ""mutant_residue"": ""A"", ""residue_position"": 433, ""insertion_code"": null, ""aligned_interface_position"": 247, ""flat_residue_index"": 689, ""interface_region"": ""surface"", ""is_alanine_scanning"": true}, {""chain_id"": ""G"", ""chain_role"": ""antigen"", ""wt_residue"": ""C"", ""mutant_residue"": ""W"", ""residue_position"": 96, ""insertion_code"": null, ""aligned_interface_position"": 14, ""flat_residue_index"": 456, ""interface_region"": ""surface"", ""is_alanine_scanning"": false}, {""chain_id"": ""G"", ""chain_role"": ""antigen"", ""wt_residue"": ""C"", ""mutant_residue"": ""V"", ""residue_position"": 275, ""insertion_code"": null, ""aligned_interface_position"": 129, ""flat_residue_index"": 571, ""interface_region"": ""surface"", ""is_alanine_scanning"": false}, {""chain_id"": ""G"", ""chain_role"": ""antigen"", ""wt_residue"": ""C"", ""mutant_residue"": ""I"", ""residue_position"": 109, ""insertion_code"": null, ""aligned_interface_position"": 27, ""flat_residue_index"": 469, ""interface_region"": ""surface"", ""is_alanine_scanning"": false}, {""chain_id"": ""G"", ""chain_role"": ""antigen"", ""wt_residue"": ""C"", ""mutant_residue"": ""Q"", ""residue_position"": 428, ""insertion_code"": null, ""aligned_interface_position"": 242, ""flat_residue_index"": 684, ""interface_region"": ""interior"", ""is_alanine_scanning"": false}]",bounded,-2.1922896478392855,2,,298.0,17301785,Ds4F2
"3IDX_HL_G_KG231C,EG268C,WG95M,MG433A,CG96W,CG275V,CG109I,CG428Q_973",3IDX,b13 fab :: gp120,"[{""chain_id"": ""G"", ""chain_role"": ""antigen"", ""wt_residue"": ""K"", ""mutant_residue"": ""C"", ""residue_position"": 231, ""insertion_code"": null, ""aligned_interface_position"": 85, ""flat_residue_index"": 527, ""interface_region"": ""surface"", ""is_alanine_scanning"": false}, {""chain_id"": ""G"", ""chain_role"": ""antigen"", ""wt_residue"": ""E"", ""mutant_residue"": ""C"", ""residue_position"": 268, ""insertion_code"": null, ""aligned_interface_position"": 122, ""flat_residue_index"": 564, ""interface_region"": ""surface"", ""is_alanine_scanning"": false}, {""chain_id"": ""G"", ""chain_role"": ""antigen"", ""wt_residue"": ""W"", ""mutant_residue"": ""M"", ""residue_position"": 95, ""insertion_code"": null, ""aligned_interface_position"": 13, ""flat_residue_index"": 455, ""interface_region"": ""interior"", ""is_alanine_scanning"": false}, {""chain_id"": ""G"", ""chain_role"": ""antigen"", ""wt_residue"": ""M"", ""mutant_residue"": ""A"", ""residue_position"": 433, ""insertion_code"": null, ""aligned_interface_position"": 247, ""flat_residue_index"": 689, ""interface_region"": ""surface"", ""is_alanine_scanning"": true}, {""chain_id"": ""G"", ""chain_role"": ""antigen"", ""wt_residue"": ""C"", ""mutant_residue"": ""W"", ""residue_position"": 96, ""insertion_code"": null, ""aligned_interface_position"": 14, ""flat_residue_index"": 456, ""interface_region"": ""surface"", ""is_alanine_scanning"": false}, {""chain_id"": ""G"", ""chain_role"": ""antigen"", ""wt_residue"": ""C"", ""mutant_residue"": ""V"", ""residue_position"": 275, ""insertion_code"": null, ""aligned_interface_position"": 129, ""flat_residue_index"": 571, ""interface_region"": ""surface"", ""is_alanine_scanning"": false}, {""chain_id"": ""G"", ""chain_role"": ""antigen"", ""wt_residue"": ""C"", ""mutant_residue"": ""I"", ""residue_position"": 109, ""insertion_code"": null, ""aligned_interface_position"": 27, ""flat_residue_index"": 469, ""interface_region"": ""surface"", ""is_alanine_scanning"": false}, {""chain_id"": ""G"", ""chain_role"": ""antigen"", ""wt_residue"": ""C"", ""mutant_residue"": ""Q"", ""residue_position"": 428, ""insertion_code"": null, ""aligned_interface_position"": 242, ""flat_residue_index"": 684, ""interface_region"": ""interior"", ""is_alanine_scanning"": false}]",bounded,-2.292718358940184,2,,298.0,17301785,Ds5F2
"3IDX_HL_G_TG123C,GG431C,MG433A_981",3IDX,b13 fab :: gp120,"[{""chain_id"": ""G"", ""chain_role"": ""antigen"", ""wt_residue"": ""T"", ""mutant_residue"": ""C"", ""residue_position"": 123, ""insertion_code"": null, ""aligned_interface_position"": 41, ""flat_residue_index"": 483, ""interface_region"": ""surface"", ""is_alanine_scanning"": false}, {""chain_id"": ""G"", ""chain_role"": ""antigen"", ""wt_residue"": ""G"", ""mutant_residue"": ""C"", ""residue_position"": 431, ""insertion_code"": null, ""aligned_interface_position"": 245, ""flat_residue_index"": 687, ""interface_region"": ""surface"", ""is_alanine_scanning"": false}, {""chain_id"": ""G"", ""chain_role"": ""antigen"", ""wt_residue"": ""M"", ""mutant_residue"": ""A"", ""residue_position"": 433, ""insertion_code"": null, ""aligned_interface_position"": 247, ""flat_residue_index"": 689, ""interface_region"": ""surface"", ""is_alanine_scanning"": true}]",bounded,0.40945422701446016,5,,298.0,17301785,Ds123F12
"3IDX_HL_G_TG123C,GG431C,WG95M,MG433A,CG96W,CG275V,CG109I,CG428Q_976",3IDX,b13 fab :: gp120,"[{""chain_id"": ""G"", ""chain_role"": ""antigen"", ""wt_residue"": ""T"", ""mutant_residue"": ""C"", ""residue_position"": 123, ""insertion_code"": null, ""aligned_interface_position"": 41, ""flat_residue_index"": 483, ""interface_region"": ""surface"", ""is_alanine_scanning"": false}, {""chain_id"": ""G"", ""chain_role"": ""antigen"", ""wt_residue"": ""G"", ""mutant_residue"": ""C"", ""residue_position"": 431, ""insertion_code"": null, ""aligned_interface_position"": 245, ""flat_residue_index"": 687, ""interface_region"": ""surface"", ""is_alanine_scanning"": false}, {""chain_id"": ""G"", ""chain_role"": ""antigen"", ""wt_residue"": ""W"", ""mutant_residue"": ""M"", ""residue_position"": 95, ""insertion_code"": null, ""aligned_interface_position"": 13, ""flat_residue_index"": 455, ""interface_region"": ""interior"", ""is_alanine_scanning"": false}, {""chain_id"": ""G"", ""chain_role"": ""antigen"", ""wt_residue"": ""M"", ""mutant_residue"": ""A"", ""residue_position"": 433, ""insertion_code"": null, ""aligned_interface_position"": 247, ""flat_residue_index"": 689, ""interface_region"": ""surface"", ""is_alanine_scanning"": true}, {""chain_id"": ""G"", ""chain_role"": ""antigen"", ""wt_residue"": ""C"", ""mutant_residue"": ""W"", ""residue_position"": 96, ""insertion_code"": null, ""aligned_interface_position"": 14, ""flat_residue_index"": 456, ""interface_region"": ""surface"", ""is_alanine_scanning"": false}, {""chain_id"": ""G"", ""chain_role"": ""antigen"", ""wt_residue"": ""C"", ""mutant_residue"": ""V"", ""residue_position"": 275, ""insertion_code"": null, ""aligned_interface_position"": 129, ""flat_residue_index"": 571, ""interface_region"": ""surface"", ""is_alanine_scanning"": false}, {""chain_id"": ""G"", ""chain_role"": ""antigen"", ""wt_residue"": ""C"", ""mutant_residue"": ""I"", ""residue_position"": 109, ""insertion_code"": null, ""aligned_interface_position"": 27, ""flat_residue_index"": 469, ""interface_region"": ""surface"", ""is_alanine_scanning"": false}, {""chain_id"": ""G"", ""chain_role"": ""antigen"", ""wt_residue"": ""C"", ""mutant_residue"": ""Q"", ""residue_position"": 428, ""insertion_code"": null, ""aligned_interface_position"": 242, ""flat_residue_index"": 684, ""interface_region"": ""interior"", ""is_alanine_scanning"": false}]",bounded,-2.3310675271926087,2,,298.0,17301785,Ds3F2
"3IDX_HL_G_WG95M,MG433A,CG96W,CG275V,CG109I,CG428Q_972",3IDX,b13 fab :: gp120,"[{""chain_id"": ""G"", ""chain_role"": ""antigen"", ""wt_residue"": ""W"", ""mutant_residue"": ""M"", ""residue_position"": 95, ""insertion_code"": null, ""aligned_interface_position"": 13, ""flat_residue_index"": 455, ""interface_region"": ""interior"", ""is_alanine_scanning"": false}, {""chain_id"": ""G"", ""chain_role"": ""antigen"", ""wt_residue"": ""M"", ""mutant_residue"": ""A"", ""residue_position"": 433, ""insertion_code"": null, ""aligned_interface_position"": 247, ""flat_residue_index"": 689, ""interface_region"": ""surface"", ""is_alanine_scanning"": true}, {""chain_id"": ""G"", ""chain_role"": ""antigen"", ""wt_residue"": ""C"", ""mutant_residue"": ""W"", ""residue_position"": 96, ""insertion_code"": null, ""aligned_interface_position"": 14, ""flat_residue_index"": 456, ""interface_region"": ""surface"", ""is_alanine_scanning"": false}, {""chain_id"": ""G"", ""chain_role"": ""antigen"", ""wt_residue"": ""C"", ""mutant_residue"": ""V"", ""residue_position"": 275, ""insertion_code"": null, ""aligned_interface_position"": 129, ""flat_residue_index"": 571, ""interface_region"": ""surface"", ""is_alanine_scanning"": false}, {""chain_id"": ""G"", ""chain_role"": ""antigen"", ""wt_residue"": ""C"", ""mutant_residue"": ""I"", ""residue_position"": 109, ""insertion_code"": null, ""aligned_interface_position"": 27, ""flat_residue_index"": 469, ""interface_region"": ""surface"", ""is_alanine_scanning"": false}, {""chain_id"": ""G"", ""chain_role"": ""antigen"", ""wt_residue"": ""C"", ""mutant_residue"": ""Q"", ""residue_position"": 428, ""insertion_code"": null, ""aligned_interface_position"": 242, ""flat_residue_index"": 684, ""interface_region"": ""interior"", ""is_alanine_scanning"": false}]",bounded,-2.3479883009568754,2,,298.0,17301785,F2
"3IDX_HL_G_WG95M,MG433A,CG96W,CG275V,KG231C,EG267C_979",3IDX,b13 fab :: gp120,"[{""chain_id"": ""G"", ""chain_role"": ""antigen"", ""wt_residue"": ""W"", ""mutant_residue"": ""M"", ""residue_position"": 95, ""insertion_code"": null, ""aligned_interface_position"": 13, ""flat_residue_index"": 455, ""interface_region"": ""interior"", ""is_alanine_scanning"": false}, {""chain_id"": ""G"", ""chain_role"": ""antigen"", ""wt_residue"": ""M"", ""mutant_residue"": ""A"", ""residue_position"": 433, ""insertion_code"": null, ""aligned_interface_position"": 247, ""flat_residue_index"": 689, ""interface_region"": ""surface"", ""is_alanine_scanning"": true}, {""chain_id"": ""G"", ""chain_role"": ""antigen"", ""wt_residue"": ""C"", ""mutant_residue"": ""W"", ""residue_position"": 96, ""insertion_code"": null, ""aligned_interface_position"": 14, ""flat_residue_index"": 456, ""interface_region"": ""surface"", ""is_alanine_scanning"": false}, {""chain_id"": ""G"", ""chain_role"": ""antigen"", ""wt_residue"": ""C"", ""mutant_residue"": ""V"", ""residue_position"": 275, ""insertion_code"": null, ""aligned_interface_position"": 129, ""flat_residue_index"": 571, ""interface_region"": ""surface"", ""is_alanine_scanning"": false}, {""chain_id"": ""G"", ""chain_role"": ""antigen"", ""wt_residue"": ""K"", ""mutant_residue"": ""C"", ""residue_position"": 231, ""insertion_code"": null, ""aligned_interface_position"": 85, ""flat_residue_index"": 527, ""interface_region"": ""surface"", ""is_alanine_scanning"": false}, {""chain_id"": ""G"", ""chain_role"": ""antigen"", ""wt_residue"": ""E"", ""mutant_residue"": ""C"", ""residue_position"": 267, ""insertion_code"": null, ""aligned_interface_position"": 121, ""flat_residue_index"": 563, ""interface_region"": ""surface"", ""is_alanine_scanning"": false}]",bounded,-0.3616651937618714,4,,298.0,17301785,Ds24F2
"3IDX_HL_G_WG95M,MG433A,CG96W,CG275V_974",3IDX,b13 fab :: gp120,"[{""chain_id"": ""G"", ""chain_role"": ""antigen"", ""wt_residue"": ""W"", ""mutant_residue"": ""M"", ""residue_position"": 95, ""insertion_code"": null, ""aligned_interface_position"": 13, ""flat_residue_index"": 455, ""interface_region"": ""interior"", ""is_alanine_scanning"": false}, {""chain_id"": ""G"", ""chain_role"": ""antigen"", ""wt_residue"": ""M"", ""mutant_residue"": ""A"", ""residue_position"": 433, ""insertion_code"": null, ""aligned_interface_position"": 247, ""flat_residue_index"": 689, ""interface_region"": ""surface"", ""is_alanine_scanning"": true}, {""chain_id"": ""G"", ""chain_role"": ""antigen"", ""wt_residue"": ""C"", ""mutant_residue"": ""W"", ""residue_position"": 96, ""insertion_code"": null, ""aligned_interface_position"": 14, ""flat_residue_index"": 456, ""interface_region"": ""surface"", ""is_alanine_scanning"": false}, {""chain_id"": ""G"", ""chain_role"": ""antigen"", ""wt_residue"": ""C"", ""mutant_residue"": ""V"", ""residue_position"": 275, ""insertion_code"": null, ""aligned_interface_position"": 129, ""flat_residue_index"": 571, ""interface_region"": ""surface"", ""is_alanine_scanning"": false}]",bounded,-0.6475390180016024,4,,298.0,17301785,Ds2F2
"3IDX_HL_G_WG95M,SG257T,WG375S,MG433A,CG96W,CG275V,CG109I,CG428Q_971",3IDX,b13 fab :: gp120,"[{""chain_id"": ""G"", ""chain_role"": ""antigen"", ""wt_residue"": ""W"", ""mutant_residue"": ""M"", ""residue_position"": 95, ""insertion_code"": null, ""aligned_interface_position"": 13, ""flat_residue_index"": 455, ""interface_region"": ""interior"", ""is_alanine_scanning"": false}, {""chain_id"": ""G"", ""chain_role"": ""antigen"", ""wt_residue"": ""S"", ""mutant_residue"": ""T"", ""residue_position"": 257, ""insertion_code"": null, ""aligned_interface_position"": 111, ""flat_residue_index"": 553, ""interface_region"": ""interior"", ""is_alanine_scanning"": false}, {""chain_id"": ""G"", ""chain_role"": ""antigen"", ""wt_residue"": ""W"", ""mutant_residue"": ""S"", ""residue_position"": 375, ""insertion_code"": null, ""aligned_interface_position"": 200, ""flat_residue_index"": 642, ""interface_region"": ""support"", ""is_alanine_scanning"": false}, {""chain_id"": ""G"", ""chain_role"": ""antigen"", ""wt_residue"": ""M"", ""mutant_residue"": ""A"", ""residue_position"": 433, ""insertion_code"": null, ""aligned_interface_position"": 247, ""flat_residue_index"": 689, ""interface_region"": ""surface"", ""is_alanine_scanning"": true}, {""chain_id"": ""G"", ""chain_role"": ""antigen"", ""wt_residue"": ""C"", ""mutant_residue"": ""W"", ""residue_position"": 96, ""insertion_code"": null, ""aligned_interface_position"": 14, ""flat_residue_index"": 456, ""interface_region"": ""surface"", ""is_alanine_scanning"": false}, {""chain_id"": ""G"", ""chain_role"": ""antigen"", ""wt_residue"": ""C"", ""mutant_residue"": ""V"", ""residue_position"": 275, ""insertion_code"": null, ""aligned_interface_position"": 129, ""flat_residue_index"": 571, ""interface_region"": ""surface"", ""is_alanine_scanning"": false}, {""chain_id"": ""G"", ""chain_role"": ""antigen"", ""wt_residue"": ""C"", ""mutant_residue"": ""I"", ""residue_position"": 109, ""insertion_code"": null, ""aligned_interface_position"": 27, ""flat_residue_index"": 469, ""interface_region"": ""surface"", ""is_alanine_scanning"": false}, {""chain_id"": ""G"", ""chain_role"": ""antigen"", ""wt_residue"": ""C"", ""mutant_residue"": ""Q"", ""residue_position"": 428, ""insertion_code"": null, ""aligned_interface_position"": 242, ""flat_residue_index"": 684, ""interface_region"": ""interior"", ""is_alanine_scanning"": false}]",bounded,-1.86396396222983,3,,298.0,17301785,WT_core
"3L5X_A_HL_EL93F,YL94G_612",3L5X,H2L6 fab :: Interleukin-13,"[{""chain_id"": ""L"", ""chain_role"": ""light"", ""wt_residue"": ""E"", ""mutant_residue"": ""F"", ""residue_position"": 93, ""insertion_code"": null, ""aligned_interface_position"": 93, ""flat_residue_index"": 315, ""interface_region"": ""surface"", ""is_alanine_scanning"": false}, {""chain_id"": ""L"", ""chain_role"": ""light"", ""wt_residue"": ""Y"", ""mutant_residue"": ""G"", ""residue_position"": 94, ""insertion_code"": null, ""aligned_interface_position"": 94, ""flat_residue_index"": 316, ""interface_region"": ""surface"", ""is_alanine_scanning"": false}]",bounded,-0.4280083540926934,4,,298.0,20226193,
"3L5X_A_HL_HL91P,NL92I,EL93D,YL94A_602",3L5X,H2L6 fab :: Interleukin-13,"[{""chain_id"": ""L"", ""chain_role"": ""light"", ""wt_residue"": ""H"", ""mutant_residue"": ""P"", ""residue_position"": 91, ""insertion_code"": null, ""aligned_interface_position"": 91, ""flat_residue_index"": 313, ""interface_region"": ""support"", ""is_alanine_scanning"": false}, {""chain_id"": ""L"", ""chain_role"": ""light"", ""wt_residue"": ""N"", ""mutant_residue"": ""I"", ""residue_position"": 92, ""insertion_code"": null, ""aligned_interface_position"": 92, ""flat_residue_index"": 314, ""interface_region"": ""rim"", ""is_alanine_scanning"": false}, {""chain_id"": ""L"", ""chain_role"": ""light"", ""wt_residue"": ""E"", ""mutant_residue"": ""D"", ""residue_position"": 93, ""insertion_code"": null, ""aligned_interface_position"": 93, ""flat_residue_index"": 315, ""interface_region"": ""surface"", ""is_alanine_scanning"": false}, {""chain_id"": ""L"", ""chain_role"": ""light"", ""wt_residue"": ""Y"", ""mutant_residue"": ""A"", ""residue_position"": 94, ""insertion_code"": null, ""aligned_interface_position"": 94, ""flat_residue_index"": 316, ""interface_region"": ""surface"", ""is_alanine_scanning"": true}]",bounded,-0.6466696819358444,4,,298.0,20226193,
"3L5X_A_HL_HL91P,NL92L,EL93D,YL94S_603",3L5X,H2L6 fab :: Interleukin-13,"[{""chain_id"": ""L"", ""chain_role"": ""light"", ""wt_residue"": ""H"", ""mutant_residue"": ""P"", ""residue_position"": 91, ""insertion_code"": null, ""aligned_interface_position"": 91, ""flat_residue_index"": 313, ""interface_region"": ""support"", ""is_alanine_scanning"": false}, {""chain_id"": ""L"", ""chain_role"": ""light"", ""wt_residue"": ""N"", ""mutant_residue"": ""L"", ""residue_position"": 92, ""insertion_code"": null, ""aligned_interface_position"": 92, ""flat_residue_index"": 314, ""interface_region"": ""rim"", ""is_alanine_scanning"": false}, {""chain_id"": ""L"", ""chain_role"": ""light"", ""wt_residue"": ""E"", ""mutant_residue"": ""D"", ""residue_position"": 93, ""insertion_code"": null, ""aligned_interface_position"": 93, ""flat_residue_index"": 315, ""interface_region"": ""surface"", ""is_alanine_scanning"": false}, {""chain_id"": ""L"", ""chain_role"": ""light"", ""wt_residue"": ""Y"", ""mutant_residue"": ""S"", ""residue_position"": 94, ""insertion_code"": null, ""aligned_interface_position"": 94, ""flat_residue_index"": 316, ""interface_region"": ""surface"", ""is_alanine_scanning"": false}]",bounded,-0.6327896685984875,4,,298.0,20226193,
"3L5X_A_HL_HL91P,NL92L,EL93D,YL94V_591",3L5X,H2L6 fab :: Interleukin-13,"[{""chain_id"": ""L"", ""chain_role"": ""light"", ""wt_residue"": ""H"", ""mutant_residue"": ""P"", ""residue_position"": 91, ""insertion_code"": null, ""aligned_interface_position"": 91, ""flat_residue_index"": 313, ""interface_region"": ""support"", ""is_alanine_scanning"": false}, {""chain_id"": ""L"", ""chain_role"": ""light"", ""wt_residue"": ""N"", ""mutant_residue"": ""L"", ""residue_position"": 92, ""insertion_code"": null, ""aligned_interface_position"": 92, ""flat_residue_index"": 314, ""interface_region"": ""rim"", ""is_alanine_scanning"": false}, {""chain_id"": ""L"", ""chain_role"": ""light"", ""wt_residue"": ""E"", ""mutant_residue"": ""D"", ""residue_position"": 93, ""insertion_code"": null, ""aligned_interface_position"": 93, ""flat_residue_index"": 315, ""interface_region"": ""surface"", ""is_alanine_scanning"": false}, {""chain_id"": ""L"", ""chain_role"": ""light"", ""wt_residue"": ""Y"", ""mutant_residue"": ""V"", ""residue_position"": 94, ""insertion_code"": null, ""aligned_interface_position"": 94, ""flat_residue_index"": 316, ""interface_region"": ""surface"", ""is_alanine_scanning"": false}]",bounded,-0.8582223471073609,4,,298.0,20226193,
"3L5X_A_HL_HL91Q,NL92D,EL93I,YL94G_581",3L5X,H2L6 fab :: Interleukin-13,"[{""chain_id"": ""L"", ""chain_role"": ""light"", ""wt_residue"": ""H"", ""mutant_residue"": ""Q"", ""residue_position"": 91, ""insertion_code"": null, ""aligned_interface_position"": 91, ""flat_residue_index"": 313, ""interface_region"": ""support"", ""is_alanine_scanning"": false}, {""chain_id"": ""L"", ""chain_role"": ""light"", ""wt_residue"": ""N"", ""mutant_residue"": ""D"", ""residue_position"": 92, ""insertion_code"": null, ""aligned_interface_position"": 92, ""flat_residue_index"": 314, ""interface_region"": ""rim"", ""is_alanine_scanning"": false}, {""chain_id"": ""L"", ""chain_role"": ""light"", ""wt_residue"": ""E"", ""mutant_residue"": ""I"", ""residue_position"": 93, ""insertion_code"": null, ""aligned_interface_position"": 93, ""flat_residue_index"": 315, ""interface_region"": ""surface"", ""is_alanine_scanning"": false}, {""chain_id"": ""L"", ""chain_role"": ""light"", ""wt_residue"": ""Y"", ""mutant_residue"": ""G"", ""residue_position"": 94, ""insertion_code"": null, ""aligned_interface_position"": 94, ""flat_residue_index"": 316, ""interface_region"": ""surface"", ""is_alanine_scanning"": false}]",bounded,-1.550380068713956,3,,298.0,20226193,
"3L5X_A_HL_HL91Q,NL92D,EL93L,YL94G_579",3L5X,H2L6 fab :: Interleukin-13,"[{""chain_id"": ""L"", ""chain_role"": ""light"", ""wt_residue"": ""H"", ""mutant_residue"": ""Q"", ""residue_position"": 91, ""insertion_code"": null, ""aligned_interface_position"": 91, ""flat_residue_index"": 313, ""interface_region"": ""support"", ""is_alanine_scanning"": false}, {""chain_id"": ""L"", ""chain_role"": ""light"", ""wt_residue"": ""N"", ""mutant_residue"": ""D"", ""residue_position"": 92, ""insertion_code"": null, ""aligned_interface_position"": 92, ""flat_residue_index"": 314, ""interface_region"": ""rim"", ""is_alanine_scanning"": false}, {""chain_id"": ""L"", ""chain_role"": ""light"", ""wt_residue"": ""E"", ""mutant_residue"": ""L"", ""residue_position"": 93, ""insertion_code"": null, ""aligned_interface_position"": 93, ""flat_residue_index"": 315, ""interface_region"": ""surface"", ""is_alanine_scanning"": false}, {""chain_id"": ""L"", ""chain_role"": ""light"", ""wt_residue"": ""Y"", ""mutant_residue"": ""G"", ""residue_position"": 94, ""insertion_code"": null, ""aligned_interface_position"": 94, ""flat_residue_index"": 316, ""interface_region"": ""surface"", ""is_alanine_scanning"": false}]",bounded,-1.785131957287795,3,,298.0,20226193,
"3L5X_A_HL_NL92D,EL93L,YL94G_611",3L5X,H2L6 fab :: Interleukin-13,"[{""chain_id"": ""L"", ""chain_role"": ""light"", ""wt_residue"": ""N"", ""mutant_residue"": ""D"", ""residue_position"": 92, ""insertion_code"": null, ""aligned_interface_position"": 92, ""flat_residue_index"": 314, ""interface_region"": ""rim"", ""is_alanine_scanning"": false}, {""chain_id"": ""L"", ""chain_role"": ""light"", ""wt_residue"": ""E"", ""mutant_residue"": ""L"", ""residue_position"": 93, ""insertion_code"": null, ""aligned_interface_position"": 93, ""flat_residue_index"": 315, ""interface_region"": ""surface"", ""is_alanine_scanning"": false}, {""chain_id"": ""L"", ""chain_role"": ""light"", ""wt_residue"": ""Y"", ""mutant_residue"": ""G"", ""residue_position"": 94, ""insertion_code"": null, ""aligned_interface_position"": 94, ""flat_residue_index"": 316, ""interface_region"": ""surface"", ""is_alanine_scanning"": false}]",bounded,-0.4296285652046095,4,,298.0,20226193,
"3L5X_A_HL_NL92D,EL93N,YL94S_606",3L5X,H2L6 fab :: Interleukin-13,"[{""chain_id"": ""L"", ""chain_role"": ""light"", ""wt_residue"": ""N"", ""mutant_residue"": ""D"", ""residue_position"": 92, ""insertion_code"": null, ""aligned_interface_position"": 92, ""flat_residue_index"": 314, ""interface_region"": ""rim"", ""is_alanine_scanning"": false}, {""chain_id"": ""L"", ""chain_role"": ""light"", ""wt_residue"": ""E"", ""mutant_residue"": ""N"", ""residue_position"": 93, ""insertion_code"": null, ""aligned_interface_position"": 93, ""flat_residue_index"": 315, ""interface_region"": ""surface"", ""is_alanine_scanning"": false}, {""chain_id"": ""L"", ""chain_role"": ""light"", ""wt_residue"": ""Y"", ""mutant_residue"": ""S"", ""residue_position"": 94, ""insertion_code"": null, ""aligned_interface_position"": 94, ""flat_residue_index"": 316, ""interface_region"": ""surface"", ""is_alanine_scanning"": false}]",bounded,-0.5340383518877416,4,,298.0,20226193,
"3L5X_A_HL_NL92D,EL93P,YL94G_583",3L5X,H2L6 fab :: Interleukin-13,"[{""chain_id"": ""L"", ""chain_role"": ""light"", ""wt_residue"": ""N"", ""mutant_residue"": ""D"", ""residue_position"": 92, ""insertion_code"": null, ""aligned_interface_position"": 92, ""flat_residue_index"": 314, ""interface_region"": ""rim"", ""is_alanine_scanning"": false}, {""chain_id"": ""L"", ""chain_role"": ""light"", ""wt_residue"": ""E"", ""mutant_residue"": ""P"", ""residue_position"": 93, ""insertion_code"": null, ""aligned_interface_position"": 93, ""flat_residue_index"": 315, ""interface_region"": ""surface"", ""is_alanine_scanning"": false}, {""chain_id"": ""L"", ""chain_role"": ""light"", ""wt_residue"": ""Y"", ""mutant_residue"": ""G"", ""residue_position"": 94, ""insertion_code"": null, ""aligned_interface_position"": 94, ""flat_residue_index"": 316, ""interface_region"": ""surface"", ""is_alanine_scanning"": false}]",bounded,-1.4699601897063153,3,,298.0,20226193,
"3L5X_A_HL_NL92D,EL93W,YL94E_589",3L5X,H2L6 fab :: Interleukin-13,"[{""chain_id"": ""L"", ""chain_role"": ""light"", ""wt_residue"": ""N"", ""mutant_residue"": ""D"", ""residue_position"": 92, ""insertion_code"": null, ""aligned_interface_position"": 92, ""flat_residue_index"": 314, ""interface_region"": ""rim"", ""is_alanine_scanning"": false}, {""chain_id"": ""L"", ""chain_role"": ""light"", ""wt_residue"": ""E"", ""mutant_residue"": ""W"", ""residue_position"": 93, ""insertion_code"": null, ""aligned_interface_position"": 93, ""flat_residue_index"": 315, ""interface_region"": ""surface"", ""is_alanine_scanning"": false}, {""chain_id"": ""L"", ""chain_role"": ""light"", ""wt_residue"": ""Y"", ""mutant_residue"": ""E"", ""residue_position"": 94, ""insertion_code"": null, ""aligned_interface_position"": 94, ""flat_residue_index"": 316, ""interface_region"": ""surface"", ""is_alanine_scanning"": false}]",bounded,-1.1963488930975834,3,,298.0,20226193,
"3L5X_A_HL_NL92D,EL93W,YL94G_580",3L5X,H2L6 fab :: Interleukin-13,"[{""chain_id"": ""L"", ""chain_role"": ""light"", ""wt_residue"": ""N"", ""mutant_residue"": ""D"", ""residue_position"": 92, ""insertion_code"": null, ""aligned_interface_position"": 92, ""flat_residue_index"": 314, ""interface_region"": ""rim"", ""is_alanine_scanning"": false}, {""chain_id"": ""L"", ""chain_role"": ""light"", ""wt_residue"": ""E"", ""mutant_residue"": ""W"", ""residue_position"": 93, ""insertion_code"": null, ""aligned_interface_position"": 93, ""flat_residue_index"": 315, ""interface_region"": ""surface"", ""is_alanine_scanning"": false}, {""chain_id"": ""L"", ""chain_role"": ""light"", ""wt_residue"": ""Y"", ""mutant_residue"": ""G"", ""residue_position"": 94, ""insertion_code"": null, ""aligned_interface_position"": 94, ""flat_residue_index"": 316, ""interface_region"": ""surface"", ""is_alanine_scanning"": false}]",bounded,-1.6825227325222052,3,,298.0,20226193,
"3L5X_A_HL_NL92D,EL93W,YL94S_599",3L5X,H2L6 fab :: Interleukin-13,"[{""chain_id"": ""L"", ""chain_role"": ""light"", ""wt_residue"": ""N"", ""mutant_residue"": ""D"", ""residue_position"": 92, ""insertion_code"": null, ""aligned_interface_position"": 92, ""flat_residue_index"": 314, ""interface_region"": ""rim"", ""is_alanine_scanning"": false}, {""chain_id"": ""L"", ""chain_role"": ""light"", ""wt_residue"": ""E"", ""mutant_residue"": ""W"", ""residue_position"": 93, ""insertion_code"": null, ""aligned_interface_position"": 93, ""flat_residue_index"": 315, ""interface_region"": ""surface"", ""is_alanine_scanning"": false}, {""chain_id"": ""L"", ""chain_role"": ""light"", ""wt_residue"": ""Y"", ""mutant_residue"": ""S"", ""residue_position"": 94, ""insertion_code"": null, ""aligned_interface_position"": 94, ""flat_residue_index"": 316, ""interface_region"": ""surface"", ""is_alanine_scanning"": false}]",bounded,-0.7161267298205696,4,,298.0,20226193,
"3L5X_A_HL_NL92D,EL93Y,YL94A_596",3L5X,H2L6 fab :: Interleukin-13,"[{""chain_id"": ""L"", ""chain_role"": ""light"", ""wt_residue"": ""N"", ""mutant_residue"": ""D"", ""residue_position"": 92, ""insertion_code"": null, ""aligned_interface_position"": 92, ""flat_residue_index"": 314, ""interface_region"": ""rim"", ""is_alanine_scanning"": false}, {""chain_id"": ""L"", ""chain_role"": ""light"", ""wt_residue"": ""E"", ""mutant_residue"": ""Y"", ""residue_position"": 93, ""insertion_code"": null, ""aligned_interface_position"": 93, ""flat_residue_index"": 315, ""interface_region"": ""surface"", ""is_alanine_scanning"": false}, {""chain_id"": ""L"", ""chain_role"": ""light"", ""wt_residue"": ""Y"", ""mutant_residue"": ""A"", ""residue_position"": 94, ""insertion_code"": null, ""aligned_interface_position"": 94, ""flat_residue_index"": 316, ""interface_region"": ""surface"", ""is_alanine_scanning"": true}]",bounded,-0.8069742318944566,4,,298.0,20226193,
"3L5X_A_HL_NL92E,EL93S,YL94G_586",3L5X,H2L6 fab :: Interleukin-13,"[{""chain_id"": ""L"", ""chain_role"": ""light"", ""wt_residue"": ""N"", ""mutant_residue"": ""E"", ""residue_position"": 92, ""insertion_code"": null, ""aligned_interface_position"": 92, ""flat_residue_index"": 314, ""interface_region"": ""rim"", ""is_alanine_scanning"": false}, {""chain_id"": ""L"", ""chain_role"": ""light"", ""wt_residue"": ""E"", ""mutant_residue"": ""S"", ""residue_position"": 93, ""insertion_code"": null, ""aligned_interface_position"": 93, ""flat_residue_index"": 315, ""interface_region"": ""surface"", ""is_alanine_scanning"": false}, {""chain_id"": ""L"", ""chain_role"": ""light"", ""wt_residue"": ""Y"", ""mutant_residue"": ""G"", ""residue_position"": 94, ""insertion_code"": null, ""aligned_interface_position"": 94, ""flat_residue_index"": 316, ""interface_region"": ""surface"", ""is_alanine_scanning"": false}]",bounded,-1.2653586799057128,3,,298.0,20226193,
"3L5X_A_HL_NL92L,EL93D,YL94S_601",3L5X,H2L6 fab :: Interleukin-13,"[{""chain_id"": ""L"", ""chain_role"": ""light"", ""wt_residue"": ""N"", ""mutant_residue"": ""L"", ""residue_position"": 92, ""insertion_code"": null, ""aligned_interface_position"": 92, ""flat_residue_index"": 314, ""interface_region"": ""rim"", ""is_alanine_scanning"": false}, {""chain_id"": ""L"", ""chain_role"": ""light"", ""wt_residue"": ""E"", ""mutant_residue"": ""D"", ""residue_position"": 93, ""insertion_code"": null, ""aligned_interface_position"": 93, ""flat_residue_index"": 315, ""interface_region"": ""surface"", ""is_alanine_scanning"": false}, {""chain_id"": ""L"", ""chain_role"": ""light"", ""wt_residue"": ""Y"", ""mutant_residue"": ""S"", ""residue_position"": 94, ""insertion_code"": null, ""aligned_interface_position"": 94, ""flat_residue_index"": 316, ""interface_region"": ""surface"", ""is_alanine_scanning"": false}]",bounded,-0.6803804698286681,4,,298.0,20226193,
"3L5X_A_HL_NL92L,EL93L,YL94G_604",3L5X,H2L6 fab :: Interleukin-13,"[{""chain_id"": ""L"", ""chain_role"": ""light"", ""wt_residue"": ""N"", ""mutant_residue"": ""L"", ""residue_position"": 92, ""insertion_code"": null, ""aligned_interface_position"": 92, ""flat_residue_index"": 314, ""interface_region"": ""rim"", ""is_alanine_scanning"": false}, {""chain_id"": ""L"", ""chain_role"": ""light"", ""wt_residue"": ""E"", ""mutant_residue"": ""L"", ""residue_position"": 93, ""insertion_code"": null, ""aligned_interface_position"": 93, ""flat_residue_index"": 315, ""interface_region"": ""surface"", ""is_alanine_scanning"": false}, {""chain_id"": ""L"", ""chain_role"": ""light"", ""wt_residue"": ""Y"", ""mutant_residue"": ""G"", ""residue_position"": 94, ""insertion_code"": null, ""aligned_interface_position"": 94, ""flat_residue_index"": 316, ""interface_region"": ""surface"", ""is_alanine_scanning"": false}]",bounded,-0.625969783718799,4,,298.0,20226193,
"3L5X_A_HL_NL92L,EL93N,YL94G_600",3L5X,H2L6 fab :: Interleukin-13,"[{""chain_id"": ""L"", ""chain_role"": ""light"", ""wt_residue"": ""N"", ""mutant_residue"": ""L"", ""residue_position"": 92, ""insertion_code"": null, ""aligned_interface_position"": 92, ""flat_residue_index"": 314, ""interface_region"": ""rim"", ""is_alanine_scanning"": false}, {""chain_id"": ""L"", ""chain_role"": ""light"", ""wt_residue"": ""E"", ""mutant_residue"": ""N"", ""residue_position"": 93, ""insertion_code"": null, ""aligned_interface_position"": 93, ""flat_residue_index"": 315, ""interface_region"": ""surface"", ""is_alanine_scanning"": false}, {""chain_id"": ""L"", ""chain_role"": ""light"", ""wt_residue"": ""Y"", ""mutant_residue"": ""G"", ""residue_position"": 94, ""insertion_code"": null, ""aligned_interface_position"": 94, ""flat_residue_index"": 316, ""interface_region"": ""surface"", ""is_alanine_scanning"": false}]",bounded,-0.6954368772662016,4,,298.0,20226193,
"3L5X_A_HL_NL92S,EL93H,YL94G_587",3L5X,H2L6 fab :: Interleukin-13,"[{""chain_id"": ""L"", ""chain_role"": ""light"", ""wt_residue"": ""N"", ""mutant_residue"": ""S"", ""residue_position"": 92, ""insertion_code"": null, ""aligned_interface_position"": 92, ""flat_residue_index"": 314, ""interface_region"": ""rim"", ""is_alanine_scanning"": false}, {""chain_id"": ""L"", ""chain_role"": ""light"", ""wt_residue"": ""E"", ""mutant_residue"": ""H"", ""residue_position"": 93, ""insertion_code"": null, ""aligned_interface_position"": 93, ""flat_residue_index"": 315, ""interface_region"": ""surface"", ""is_alanine_scanning"": false}, {""chain_id"": ""L"", ""chain_role"": ""light"", ""wt_residue"": ""Y"", ""mutant_residue"": ""G"", ""residue_position"": 94, ""insertion_code"": null, ""aligned_interface_position"": 94, ""flat_residue_index"": 316, ""interface_region"": ""surface"", ""is_alanine_scanning"": false}]",bounded,-1.2457263806069987,3,,298.0,20226193,
"3L5X_A_HL_NL92S,EL93I,YL94G_597",3L5X,H2L6 fab :: Interleukin-13,"[{""chain_id"": ""L"", ""chain_role"": ""light"", ""wt_residue"": ""N"", ""mutant_residue"": ""S"", ""residue_position"": 92, ""insertion_code"": null, ""aligned_interface_position"": 92, ""flat_residue_index"": 314, ""interface_region"": ""rim"", ""is_alanine_scanning"": false}, {""chain_id"": ""L"", ""chain_role"": ""light"", ""wt_residue"": ""E"", ""mutant_residue"": ""I"", ""residue_position"": 93, ""insertion_code"": null, ""aligned_interface_position"": 93, ""flat_residue_index"": 315, ""interface_region"": ""surface"", ""is_alanine_scanning"": false}, {""chain_id"": ""L"", ""chain_role"": ""light"", ""wt_residue"": ""Y"", ""mutant_residue"": ""G"", ""residue_position"": 94, ""insertion_code"": null, ""aligned_interface_position"": 94, ""flat_residue_index"": 316, ""interface_region"": ""surface"", ""is_alanine_scanning"": false}]",bounded,-0.8069742318944566,4,,298.0,20226193,
"3L5X_A_HL_NL92S,EL93W,YL94A_613",3L5X,H2L6 fab :: Interleukin-13,"[{""chain_id"": ""L"", ""chain_role"": ""light"", ""wt_residue"": ""N"", ""mutant_residue"": ""S"", ""residue_position"": 92, ""insertion_code"": null, ""aligned_interface_position"": 92, ""flat_residue_index"": 314, ""interface_region"": ""rim"", ""is_alanine_scanning"": false}, {""chain_id"": ""L"", ""chain_role"": ""light"", ""wt_residue"": ""E"", ""mutant_residue"": ""W"", ""residue_position"": 93, ""insertion_code"": null, ""aligned_interface_position"": 93, ""flat_residue_index"": 315, ""interface_region"": ""surface"", ""is_alanine_scanning"": false}, {""chain_id"": ""L"", ""chain_role"": ""light"", ""wt_residue"": ""Y"", ""mutant_residue"": ""A"", ""residue_position"": 94, ""insertion_code"": null, ""aligned_interface_position"": 94, ""flat_residue_index"": 316, ""interface_region"": ""surface"", ""is_alanine_scanning"": true}]",bounded,-0.3030280147694988,4,,298.0,20226193,
"3L5X_A_HL_NL92S,EL93Y,YL94G_590",3L5X,H2L6 fab :: Interleukin-13,"[{""chain_id"": ""L"", ""chain_role"": ""light"", ""wt_residue"": ""N"", ""mutant_residue"": ""S"", ""residue_position"": 92, ""insertion_code"": null, ""aligned_interface_position"": 92, ""flat_residue_index"": 314, ""interface_region"": ""rim"", ""is_alanine_scanning"": false}, {""chain_id"": ""L"", ""chain_role"": ""light"", ""wt_residue"": ""E"", ""mutant_residue"": ""Y"", ""residue_position"": 93, ""insertion_code"": null, ""aligned_interface_position"": 93, ""flat_residue_index"": 315, ""interface_region"": ""surface"", ""is_alanine_scanning"": false}, {""chain_id"": ""L"", ""chain_role"": ""light"", ""wt_residue"": ""Y"", ""mutant_residue"": ""G"", ""residue_position"": 94, ""insertion_code"": null, ""aligned_interface_position"": 94, ""flat_residue_index"": 316, ""interface_region"": ""surface"", ""is_alanine_scanning"": false}]",bounded,-0.9641867468085177,4,,298.0,20226193,
"3L5X_A_HL_NL92V,EL93G,YL94G_609",3L5X,H2L6 fab :: Interleukin-13,"[{""chain_id"": ""L"", ""chain_role"": ""light"", ""wt_residue"": ""N"", ""mutant_residue"": ""V"", ""residue_position"": 92, ""insertion_code"": null, ""aligned_interface_position"": 92, ""flat_residue_index"": 314, ""interface_region"": ""rim"", ""is_alanine_scanning"": false}, {""chain_id"": ""L"", ""chain_role"": ""light"", ""wt_residue"": ""E"", ""mutant_residue"": ""G"", ""residue_position"": 93, ""insertion_code"": null, ""aligned_interface_position"": 93, ""flat_residue_index"": 315, ""interface_region"": ""surface"", ""is_alanine_scanning"": false}, {""chain_id"": ""L"", ""chain_role"": ""light"", ""wt_residue"": ""Y"", ""mutant_residue"": ""G"", ""residue_position"": 94, ""insertion_code"": null, ""aligned_interface_position"": 94, ""flat_residue_index"": 316, ""interface_region"": ""surface"", ""is_alanine_scanning"": false}]",bounded,-0.46300002992060374,4,,298.0,20226193,
"3L5X_A_HL_NL92V,EL93W,YL94G_592",3L5X,H2L6 fab :: Interleukin-13,"[{""chain_id"": ""L"", ""chain_role"": ""light"", ""wt_residue"": ""N"", ""mutant_residue"": ""V"", ""residue_position"": 92, ""insertion_code"": null, ""aligned_interface_position"": 92, ""flat_residue_index"": 314, ""interface_region"": ""rim"", ""is_alanine_scanning"": false}, {""chain_id"": ""L"", ""chain_role"": ""light"", ""wt_residue"": ""E"", ""mutant_residue"": ""W"", ""residue_position"": 93, ""insertion_code"": null, ""aligned_interface_position"": 93, ""flat_residue_index"": 315, ""interface_region"": ""surface"", ""is_alanine_scanning"": false}, {""chain_id"": ""L"", ""chain_role"": ""light"", ""wt_residue"": ""Y"", ""mutant_residue"": ""G"", ""residue_position"": 94, ""insertion_code"": null, ""aligned_interface_position"": 94, ""flat_residue_index"": 316, ""interface_region"": ""surface"", ""is_alanine_scanning"": false}]",bounded,-0.83525377536736,4,,298.0,20226193,
3L5X_A_HL_YL94A_593,3L5X,H2L6 fab :: Interleukin-13,"[{""chain_id"": ""L"", ""chain_role"": ""light"", ""wt_residue"": ""Y"", ""mutant_residue"": ""A"", ""residue_position"": 94, ""insertion_code"": null, ""aligned_interface_position"": 94, ""flat_residue_index"": 316, ""interface_region"": ""surface"", ""is_alanine_scanning"": true}]",bounded,-0.8288516936410234,4,,298.0,20226193,
"3LZF_AB_HL_DA190E,DA225G_510",3LZF,Antibody 2D1 :: Hemagglutinin HA2,"[{""chain_id"": ""A"", ""chain_role"": ""antigen"", ""wt_residue"": ""D"", ""mutant_residue"": ""E"", ""residue_position"": 190, ""insertion_code"": null, ""aligned_interface_position"": 187, ""flat_residue_index"": 614, ""interface_region"": ""surface"", ""is_alanine_scanning"": false}, {""chain_id"": ""A"", ""chain_role"": ""antigen"", ""wt_residue"": ""D"", ""mutant_residue"": ""G"", ""residue_position"": 225, ""insertion_code"": null, ""aligned_interface_position"": 222, ""flat_residue_index"": 649, ""interface_region"": ""surface"", ""is_alanine_scanning"": false}]",bounded,0.12738611781805312,5,,298.0,23236279,
3LZF_AB_HL_DA190E_508,3LZF,Antibody 2D1 :: Hemagglutinin HA2,"[{""chain_id"": ""A"", ""chain_role"": ""antigen"", ""wt_residue"": ""D"", ""mutant_residue"": ""E"", ""residue_position"": 190, ""insertion_code"": null, ""aligned_interface_position"": 187, ""flat_residue_index"": 614, ""interface_region"": ""surface"", ""is_alanine_scanning"": false}]",bounded,0.4983649719392525,5,,298.0,23236279,
3N85_A_LH_SH32A_550,3N85,Fab37 :: HER2,"[{""chain_id"": ""H"", ""chain_role"": ""heavy"", ""wt_residue"": ""S"", ""mutant_residue"": ""A"", ""residue_position"": 32, ""insertion_code"": null, ""aligned_interface_position"": 32, ""flat_residue_index"": 31, ""interface_region"": ""support"", ""is_alanine_scanning"": true}]",bounded,-0.13401964411813522,4,,298.0,20654626,
3N85_A_LH_SH32Y_549,3N85,Fab37 :: HER2,"[{""chain_id"": ""H"", ""chain_role"": ""heavy"", ""wt_residue"": ""S"", ""mutant_residue"": ""Y"", ""residue_position"": 32, ""insertion_code"": null, ""aligned_interface_position"": 32, ""flat_residue_index"": 31, ""interface_region"": ""support"", ""is_alanine_scanning"": false}]",bounded,0.05712249558907859,5,,298.0,20654626,
3N85_A_LH_SH50G_551,3N85,Fab37 :: HER2,"[{""chain_id"": ""H"", ""chain_role"": ""heavy"", ""wt_residue"": ""S"", ""mutant_residue"": ""G"", ""residue_position"": 50, ""insertion_code"": null, ""aligned_interface_position"": 50, ""flat_residue_index"": 49, ""interface_region"": ""interior"", ""is_alanine_scanning"": false}]",bounded,0.4876711519593612,5,,298.0,20654626,
3N85_A_LH_WH30K_547,3N85,Fab37 :: HER2,"[{""chain_id"": ""H"", ""chain_role"": ""heavy"", ""wt_residue"": ""W"", ""mutant_residue"": ""K"", ""residue_position"": 30, ""insertion_code"": null, ""aligned_interface_position"": 30, ""flat_residue_index"": 29, ""interface_region"": ""rim"", ""is_alanine_scanning"": false}]",bounded,-0.784603330996281,4,,298.0,20654626,
3N85_A_LH_WH30R_548,3N85,Fab37 :: HER2,"[{""chain_id"": ""H"", ""chain_role"": ""heavy"", ""wt_residue"": ""W"", ""mutant_residue"": ""R"", ""residue_position"": 30, ""insertion_code"": null, ""aligned_interface_position"": 30, ""flat_residue_index"": 29, ""interface_region"": ""rim"", ""is_alanine_scanning"": false}]",bounded,-0.5539674401706278,4,,298.0,20654626,
3N85_A_LH_WH96F_553,3N85,Fab37 :: HER2,"[{""chain_id"": ""H"", ""chain_role"": ""heavy"", ""wt_residue"": ""W"", ""mutant_residue"": ""F"", ""residue_position"": 96, ""insertion_code"": null, ""aligned_interface_position"": 100, ""flat_residue_index"": 99, ""interface_region"": ""core"", ""is_alanine_scanning"": false}]",bounded,-0.015185108723994957,4,,298.0,20654626,
3N85_A_LH_WL91F_545,3N85,Fab37 :: HER2,"[{""chain_id"": ""L"", ""chain_role"": ""light"", ""wt_residue"": ""W"", ""mutant_residue"": ""F"", ""residue_position"": 91, ""insertion_code"": null, ""aligned_interface_position"": 91, ""flat_residue_index"": 304, ""interface_region"": ""support"", ""is_alanine_scanning"": false}]",bounded,0.13959165249059646,5,,298.0,20654626,
3N85_A_LH_WL94Y_546,3N85,Fab37 :: HER2,"[{""chain_id"": ""L"", ""chain_role"": ""light"", ""wt_residue"": ""W"", ""mutant_residue"": ""Y"", ""residue_position"": 94, ""insertion_code"": null, ""aligned_interface_position"": 94, ""flat_residue_index"": 307, ""interface_region"": ""core"", ""is_alanine_scanning"": false}]",bounded,-0.038718806459976385,4,,298.0,20654626,
3NGB_HL_G_AH56G_1036,3NGB,VRC01 fab :: gp120,"[{""chain_id"": ""H"", ""chain_role"": ""heavy"", ""wt_residue"": ""A"", ""mutant_residue"": ""G"", ""residue_position"": 56, ""insertion_code"": null, ""aligned_interface_position"": 57, ""flat_residue_index"": 56, ""interface_region"": ""core"", ""is_alanine_scanning"": false}]",bounded,-0.05603033152136966,4,,298.0,20616231,
3NGB_HL_G_DH99A_1138,3NGB,VRC01 fab :: gp120,"[{""chain_id"": ""H"", ""chain_role"": ""heavy"", ""wt_residue"": ""D"", ""mutant_residue"": ""A"", ""residue_position"": 99, ""insertion_code"": null, ""aligned_interface_position"": 103, ""flat_residue_index"": 102, ""interface_region"": ""rim"", ""is_alanine_scanning"": true}]",bounded,0.05987141766264541,5,,303.0,27908641,
3NGB_HL_G_EL96A_1147,3NGB,VRC01 fab :: gp120,"[{""chain_id"": ""L"", ""chain_role"": ""light"", ""wt_residue"": ""E"", ""mutant_residue"": ""A"", ""residue_position"": 96, ""insertion_code"": null, ""aligned_interface_position"": 88, ""flat_residue_index"": 311, ""interface_region"": ""core"", ""is_alanine_scanning"": true}]",bounded,1.319950311489115,6,,303.0,27908641,
3NGB_HL_G_FL97A_1148,3NGB,VRC01 fab :: gp120,"[{""chain_id"": ""L"", ""chain_role"": ""light"", ""wt_residue"": ""F"", ""mutant_residue"": ""A"", ""residue_position"": 97, ""insertion_code"": null, ""aligned_interface_position"": 89, ""flat_residue_index"": 312, ""interface_region"": ""core"", ""is_alanine_scanning"": true}]",bounded,0.8588612462932604,5,,303.0,27908641,
3NGB_HL_G_GH54A_1126,3NGB,VRC01 fab :: gp120,"[{""chain_id"": ""H"", ""chain_role"": ""heavy"", ""wt_residue"": ""G"", ""mutant_residue"": ""A"", ""residue_position"": 54, ""insertion_code"": null, ""aligned_interface_position"": 55, ""flat_residue_index"": 54, ""interface_region"": ""core"", ""is_alanine_scanning"": true}]",bounded,-1.2766590425978626,3,,303.0,27908641,
3NGB_HL_G_GH54S_1035,3NGB,VRC01 fab :: gp120,"[{""chain_id"": ""H"", ""chain_role"": ""heavy"", ""wt_residue"": ""G"", ""mutant_residue"": ""S"", ""residue_position"": 54, ""insertion_code"": null, ""aligned_interface_position"": 55, ""flat_residue_index"": 54, ""interface_region"": ""core"", ""is_alanine_scanning"": false}]",bounded,0.7430434931342872,5,,298.0,20616231,
3NGB_HL_G_GH55A_1127,3NGB,VRC01 fab :: gp120,"[{""chain_id"": ""H"", ""chain_role"": ""heavy"", ""wt_residue"": ""G"", ""mutant_residue"": ""A"", ""residue_position"": 55, ""insertion_code"": null, ""aligned_interface_position"": 56, ""flat_residue_index"": 55, ""interface_region"": ""support"", ""is_alanine_scanning"": true}]",bounded,1.26561060762519,6,,303.0,27908641,
3NGB_HL_G_IH30A_1120,3NGB,VRC01 fab :: gp120,"[{""chain_id"": ""H"", ""chain_role"": ""heavy"", ""wt_residue"": ""I"", ""mutant_residue"": ""A"", ""residue_position"": 30, ""insertion_code"": null, ""aligned_interface_position"": 30, ""flat_residue_index"": 29, ""interface_region"": ""core"", ""is_alanine_scanning"": true}]",bounded,-0.0027431610635284703,4,,303.0,27908641,
"3NGB_HL_G_IH30T,KH52N,RH53N,GH54S,AH56G,VH57T,RH61Q,PH62K,VH73T,YH74S,YL28S_1048",3NGB,VRC01 fab :: gp120,"[{""chain_id"": ""H"", ""chain_role"": ""heavy"", ""wt_residue"": ""I"", ""mutant_residue"": ""T"", ""residue_position"": 30, ""insertion_code"": null, ""aligned_interface_position"": 30, ""flat_residue_index"": 29, ""interface_region"": ""core"", ""is_alanine_scanning"": false}, {""chain_id"": ""H"", ""chain_role"": ""heavy"", ""wt_residue"": ""K"", ""mutant_residue"": ""N"", ""residue_position"": 52, ""insertion_code"": null, ""aligned_interface_position"": 52, ""flat_residue_index"": 51, ""interface_region"": ""core"", ""is_alanine_scanning"": false}, {""chain_id"": ""H"", ""chain_role"": ""heavy"", ""wt_residue"": ""R"", ""mutant_residue"": ""N"", ""residue_position"": 53, ""insertion_code"": null, ""aligned_interface_position"": 54, ""flat_residue_index"": 53, ""interface_region"": ""rim"", ""is_alanine_scanning"": false}, {""chain_id"": ""H"", ""chain_role"": ""heavy"", ""wt_residue"": ""G"", ""mutant_residue"": ""S"", ""residue_position"": 54, ""insertion_code"": null, ""aligned_interface_position"": 55, ""flat_residue_index"": 54, ""interface_region"": ""core"", ""is_alanine_scanning"": false}, {""chain_id"": ""H"", ""chain_role"": ""heavy"", ""wt_residue"": ""A"", ""mutant_residue"": ""G"", ""residue_position"": 56, ""insertion_code"": null, ""aligned_interface_position"": 57, ""flat_residue_index"": 56, ""interface_region"": ""core"", ""is_alanine_scanning"": false}, {""chain_id"": ""H"", ""chain_role"": ""heavy"", ""wt_residue"": ""V"", ""mutant_residue"": ""T"", ""residue_position"": 57, ""insertion_code"": null, ""aligned_interface_position"": 58, ""flat_residue_index"": 57, ""interface_region"": ""core"", ""is_alanine_scanning"": false}, {""chain_id"": ""H"", ""chain_role"": ""heavy"", ""wt_residue"": ""R"", ""mutant_residue"": ""Q"", ""residue_position"": 61, ""insertion_code"": null, ""aligned_interface_position"": 62, ""flat_residue_index"": 61, ""interface_region"": ""core"", ""is_alanine_scanning"": false}, {""chain_id"": ""H"", ""chain_role"": ""heavy"", ""wt_residue"": ""P"", ""mutant_residue"": ""K"", ""residue_position"": 62, ""insertion_code"": null, ""aligned_interface_position"": 63, ""flat_residue_index"": 62, ""interface_region"": ""rim"", ""is_alanine_scanning"": false}, {""chain_id"": ""H"", ""chain_role"": ""heavy"", ""wt_residue"": ""V"", ""mutant_residue"": ""T"", ""residue_position"": 73, ""insertion_code"": null, ""aligned_interface_position"": 74, ""flat_residue_index"": 73, ""interface_region"": ""core"", ""is_alanine_scanning"": false}, {""chain_id"": ""H"", ""chain_role"": ""heavy"", ""wt_residue"": ""Y"", ""mutant_residue"": ""S"", ""residue_position"": 74, ""insertion_code"": null, ""aligned_interface_position"": 75, ""flat_residue_index"": 74, ""interface_region"": ""rim"", ""is_alanine_scanning"": false}, {""chain_id"": ""L"", ""chain_role"": ""light"", ""wt_residue"": ""Y"", ""mutant_residue"": ""S"", ""residue_position"": 28, ""insertion_code"": null, ""aligned_interface_position"": 26, ""flat_residue_index"": 249, ""interface_region"": ""rim"", ""is_alanine_scanning"": false}]",bounded,0.862144479282979,5,,298.0,20616231,
3NGB_HL_G_IH30T_1041,3NGB,VRC01 fab :: gp120,"[{""chain_id"": ""H"", ""chain_role"": ""heavy"", ""wt_residue"": ""I"", ""mutant_residue"": ""T"", ""residue_position"": 30, ""insertion_code"": null, ""aligned_interface_position"": 30, ""flat_residue_index"": 29, ""interface_region"": ""core"", ""is_alanine_scanning"": false}]",bounded,0.0733937959502656,5,,298.0,20616231,
3NGB_HL_G_KH52A_1124,3NGB,VRC01 fab :: gp120,"[{""chain_id"": ""H"", ""chain_role"": ""heavy"", ""wt_residue"": ""K"", ""mutant_residue"": ""A"", ""residue_position"": 52, ""insertion_code"": null, ""aligned_interface_position"": 52, ""flat_residue_index"": 51, ""interface_region"": ""core"", ""is_alanine_scanning"": true}]",bounded,0.6228826375305315,5,,303.0,27908641,
3NGB_HL_G_KH52N_1042,3NGB,VRC01 fab :: gp120,"[{""chain_id"": ""H"", ""chain_role"": ""heavy"", ""wt_residue"": ""K"", ""mutant_residue"": ""N"", ""residue_position"": 52, ""insertion_code"": null, ""aligned_interface_position"": 52, ""flat_residue_index"": 51, ""interface_region"": ""core"", ""is_alanine_scanning"": false}]",bounded,0.1749700043844057,5,,298.0,20616231,
3NGB_HL_G_NH100aA_1140,3NGB,VRC01 fab :: gp120,"[{""chain_id"": ""H"", ""chain_role"": ""heavy"", ""wt_residue"": ""N"", ""mutant_residue"": ""A"", ""residue_position"": 100, ""insertion_code"": ""a"", ""aligned_interface_position"": 105, ""flat_residue_index"": 104, ""interface_region"": ""support"", ""is_alanine_scanning"": true}]",bounded,1.1185740470798264,6,,303.0,27908641,
3NGB_HL_G_PH62A_1132,3NGB,VRC01 fab :: gp120,"[{""chain_id"": ""H"", ""chain_role"": ""heavy"", ""wt_residue"": ""P"", ""mutant_residue"": ""A"", ""residue_position"": 62, ""insertion_code"": null, ""aligned_interface_position"": 63, ""flat_residue_index"": 62, ""interface_region"": ""rim"", ""is_alanine_scanning"": true}]",bounded,-0.042520448147464494,4,,303.0,27908641,
3NGB_HL_G_PH62K_1038,3NGB,VRC01 fab :: gp120,"[{""chain_id"": ""H"", ""chain_role"": ""heavy"", ""wt_residue"": ""P"", ""mutant_residue"": ""K"", ""residue_position"": 62, ""insertion_code"": null, ""aligned_interface_position"": 63, ""flat_residue_index"": 62, ""interface_region"": ""rim"", ""is_alanine_scanning"": false}]",bounded,0.23252326121434472,5,,298.0,20616231,
3NGB_HL_G_QH64A_1133,3NGB,VRC01 fab :: gp120,"[{""chain_id"": ""H"", ""chain_role"": ""heavy"", ""wt_residue"": ""Q"", ""mutant_residue"": ""A"", ""residue_position"": 64, ""insertion_code"": null, ""aligned_interface_position"": 65, ""flat_residue_index"": 64, ""interface_region"": ""rim"", ""is_alanine_scanning"": true}]",bounded,-0.34038834036765336,4,,303.0,27908641,
3NGB_HL_G_RH53A_1125,3NGB,VRC01 fab :: gp120,"[{""chain_id"": ""H"", ""chain_role"": ""heavy"", ""wt_residue"": ""R"", ""mutant_residue"": ""A"", ""residue_position"": 53, ""insertion_code"": null, ""aligned_interface_position"": 54, ""flat_residue_index"": 53, ""interface_region"": ""rim"", ""is_alanine_scanning"": true}]",bounded,-0.2593842207991486,4,,303.0,27908641,
3NGB_HL_G_RH53N_1043,3NGB,VRC01 fab :: gp120,"[{""chain_id"": ""H"", ""chain_role"": ""heavy"", ""wt_residue"": ""R"", ""mutant_residue"": ""N"", ""residue_position"": 53, ""insertion_code"": null, ""aligned_interface_position"": 54, ""flat_residue_index"": 53, ""interface_region"": ""rim"", ""is_alanine_scanning"": false}]",bounded,0.04645045574138533,5,,298.0,20616231,
3NGB_HL_G_RH61Q_1044,3NGB,VRC01 fab :: gp120,"[{""chain_id"": ""H"", ""chain_role"": ""heavy"", ""wt_residue"": ""R"", ""mutant_residue"": ""Q"", ""residue_position"": 61, ""insertion_code"": null, ""aligned_interface_position"": 62, ""flat_residue_index"": 61, ""interface_region"": ""core"", ""is_alanine_scanning"": false}]",bounded,0.09654991382679877,5,,298.0,20616231,
3NGB_HL_G_SL30A_1145,3NGB,VRC01 fab :: gp120,"[{""chain_id"": ""L"", ""chain_role"": ""light"", ""wt_residue"": ""S"", ""mutant_residue"": ""A"", ""residue_position"": 30, ""insertion_code"": null, ""aligned_interface_position"": 28, ""flat_residue_index"": 251, ""interface_region"": ""surface"", ""is_alanine_scanning"": true}]",bounded,-0.14471175915537784,4,,303.0,27908641,
3NGB_HL_G_TH33A_1121,3NGB,VRC01 fab :: gp120,"[{""chain_id"": ""H"", ""chain_role"": ""heavy"", ""wt_residue"": ""T"", ""mutant_residue"": ""A"", ""residue_position"": 33, ""insertion_code"": null, ""aligned_interface_position"": 33, ""flat_residue_index"": 32, ""interface_region"": ""support"", ""is_alanine_scanning"": true}]",bounded,0.7071633563641214,5,,303.0,27908641,
"3NGB_HL_G_TH33Y,GH55S,AH56G,VH57T,PH62K,VH73T,YH74S_1047",3NGB,VRC01 fab :: gp120,"[{""chain_id"": ""H"", ""chain_role"": ""heavy"", ""wt_residue"": ""T"", ""mutant_residue"": ""Y"", ""residue_position"": 33, ""insertion_code"": null, ""aligned_interface_position"": 33, ""flat_residue_index"": 32, ""interface_region"": ""support"", ""is_alanine_scanning"": false}, {""chain_id"": ""H"", ""chain_role"": ""heavy"", ""wt_residue"": ""G"", ""mutant_residue"": ""S"", ""residue_position"": 55, ""insertion_code"": null, ""aligned_interface_position"": 56, ""flat_residue_index"": 55, ""interface_region"": ""support"", ""is_alanine_scanning"": false}, {""chain_id"": ""H"", ""chain_role"": ""heavy"", ""wt_residue"": ""A"", ""mutant_residue"": ""G"", ""residue_position"": 56, ""insertion_code"": null, ""aligned_interface_position"": 57, ""flat_residue_index"": 56, ""interface_region"": ""core"", ""is_alanine_scanning"": false}, {""chain_id"": ""H"", ""chain_role"": ""heavy"", ""wt_residue"": ""V"", ""mutant_residue"": ""T"", ""residue_position"": 57, ""insertion_code"": null, ""aligned_interface_position"": 58, ""flat_residue_index"": 57, ""interface_region"": ""core"", ""is_alanine_scanning"": false}, {""chain_id"": ""H"", ""chain_role"": ""heavy"", ""wt_residue"": ""P"", ""mutant_residue"": ""K"", ""residue_position"": 62, ""insertion_code"": null, ""aligned_interface_position"": 63, ""flat_residue_index"": 62, ""interface_region"": ""rim"", ""is_alanine_scanning"": false}, {""chain_id"": ""H"", ""chain_role"": ""heavy"", ""wt_residue"": ""V"", ""mutant_residue"": ""T"", ""residue_position"": 73, ""insertion_code"": null, ""aligned_interface_position"": 74, ""flat_residue_index"": 73, ""interface_region"": ""core"", ""is_alanine_scanning"": false}, {""chain_id"": ""H"", ""chain_role"": ""heavy"", ""wt_residue"": ""Y"", ""mutant_residue"": ""S"", ""residue_position"": 74, ""insertion_code"": null, ""aligned_interface_position"": 75, ""flat_residue_index"": 74, ""interface_region"": ""rim"", ""is_alanine_scanning"": false}]",bounded,1.9381936428914521,6,,298.0,20616231,
3NGB_HL_G_TH33Y_1034,3NGB,VRC01 fab :: gp120,"[{""chain_id"": ""H"", ""chain_role"": ""heavy"", ""wt_residue"": ""T"", ""mutant_residue"": ""Y"", ""residue_position"": 33, ""insertion_code"": null, ""aligned_interface_position"": 33, ""flat_residue_index"": 32, ""interface_region"": ""support"", ""is_alanine_scanning"": false}]",bounded,0.08419385441518958,5,,298.0,20616231,
3NGB_HL_G_VH57A_1128,3NGB,VRC01 fab :: gp120,"[{""chain_id"": ""H"", ""chain_role"": ""heavy"", ""wt_residue"": ""V"", ""mutant_residue"": ""A"", ""residue_position"": 57, ""insertion_code"": null, ""aligned_interface_position"": 58, ""flat_residue_index"": 57, ""interface_region"": ""core"", ""is_alanine_scanning"": true}]",bounded,1.3584282484344905,6,,303.0,27908641,
3NGB_HL_G_VH73T_1039,3NGB,VRC01 fab :: gp120,"[{""chain_id"": ""H"", ""chain_role"": ""heavy"", ""wt_residue"": ""V"", ""mutant_residue"": ""T"", ""residue_position"": 73, ""insertion_code"": null, ""aligned_interface_position"": 74, ""flat_residue_index"": 73, ""interface_region"": ""core"", ""is_alanine_scanning"": false}]",bounded,0.16493923909417538,5,,298.0,20616231,
3NGB_HL_G_VL3A_1142,3NGB,VRC01 fab :: gp120,"[{""chain_id"": ""L"", ""chain_role"": ""light"", ""wt_residue"": ""V"", ""mutant_residue"": ""A"", ""residue_position"": 3, ""insertion_code"": null, ""aligned_interface_position"": 1, ""flat_residue_index"": 224, ""interface_region"": ""rim"", ""is_alanine_scanning"": true}]",bounded,-0.7733631507667484,4,,303.0,27908641,
3NGB_HL_G_WH47A_1122,3NGB,VRC01 fab :: gp120,"[{""chain_id"": ""H"", ""chain_role"": ""heavy"", ""wt_residue"": ""W"", ""mutant_residue"": ""A"", ""residue_position"": 47, ""insertion_code"": null, ""aligned_interface_position"": 47, ""flat_residue_index"": 46, ""interface_region"": ""support"", ""is_alanine_scanning"": true}]",bounded,1.2021706376635297,6,,303.0,27908641,
3NGB_HL_G_WH50A_1123,3NGB,VRC01 fab :: gp120,"[{""chain_id"": ""H"", ""chain_role"": ""heavy"", ""wt_residue"": ""W"", ""mutant_residue"": ""A"", ""residue_position"": 50, ""insertion_code"": null, ""aligned_interface_position"": 50, ""flat_residue_index"": 49, ""interface_region"": ""support"", ""is_alanine_scanning"": true}]",bounded,1.2917939855064804,6,,303.0,27908641,
3NGB_HL_G_YH100A_1139,3NGB,VRC01 fab :: gp120,"[{""chain_id"": ""H"", ""chain_role"": ""heavy"", ""wt_residue"": ""Y"", ""mutant_residue"": ""A"", ""residue_position"": 100, ""insertion_code"": null, ""aligned_interface_position"": 104, ""flat_residue_index"": 103, ""interface_region"": ""core"", ""is_alanine_scanning"": true}]",bounded,1.4235861163146675,6,,303.0,27908641,
3NGB_HL_G_YH59A_1130,3NGB,VRC01 fab :: gp120,"[{""chain_id"": ""H"", ""chain_role"": ""heavy"", ""wt_residue"": ""Y"", ""mutant_residue"": ""A"", ""residue_position"": 59, ""insertion_code"": null, ""aligned_interface_position"": 60, ""flat_residue_index"": 59, ""interface_region"": ""support"", ""is_alanine_scanning"": true}]",bounded,0.5484262559340114,5,,303.0,27908641,
3NGB_HL_G_YH74A_1137,3NGB,VRC01 fab :: gp120,"[{""chain_id"": ""H"", ""chain_role"": ""heavy"", ""wt_residue"": ""Y"", ""mutant_residue"": ""A"", ""residue_position"": 74, ""insertion_code"": null, ""aligned_interface_position"": 75, ""flat_residue_index"": 74, ""interface_region"": ""rim"", ""is_alanine_scanning"": true}]",bounded,-0.19932222778691416,4,,303.0,27908641,
3NGB_HL_G_YH74S_1040,3NGB,VRC01 fab :: gp120,"[{""chain_id"": ""H"", ""chain_role"": ""heavy"", ""wt_residue"": ""Y"", ""mutant_residue"": ""S"", ""residue_position"": 74, ""insertion_code"": null, ""aligned_interface_position"": 75, ""flat_residue_index"": 74, ""interface_region"": ""rim"", ""is_alanine_scanning"": false}]",bounded,0.3325708878946486,5,,298.0,20616231,
3NGB_HL_G_YL28A_1144,3NGB,VRC01 fab :: gp120,"[{""chain_id"": ""L"", ""chain_role"": ""light"", ""wt_residue"": ""Y"", ""mutant_residue"": ""A"", ""residue_position"": 28, ""insertion_code"": null, ""aligned_interface_position"": 26, ""flat_residue_index"": 249, ""interface_region"": ""rim"", ""is_alanine_scanning"": true}]",bounded,0.9852808727901327,5,,303.0,27908641,
3NGB_HL_G_YL28S_1045,3NGB,VRC01 fab :: gp120,"[{""chain_id"": ""L"", ""chain_role"": ""light"", ""wt_residue"": ""Y"", ""mutant_residue"": ""S"", ""residue_position"": 28, ""insertion_code"": null, ""aligned_interface_position"": 26, ""flat_residue_index"": 249, ""interface_region"": ""rim"", ""is_alanine_scanning"": false}]",bounded,0.6512686919192457,5,,298.0,20616231,
3NGB_HL_G_YL91A_1146,3NGB,VRC01 fab :: gp120,"[{""chain_id"": ""L"", ""chain_role"": ""light"", ""wt_residue"": ""Y"", ""mutant_residue"": ""A"", ""residue_position"": 91, ""insertion_code"": null, ""aligned_interface_position"": 87, ""flat_residue_index"": 310, ""interface_region"": ""core"", ""is_alanine_scanning"": true}]",bounded,2.0227882152767904,7,,303.0,27908641,
3NPS_A_BC_DA217A_212,3NPS,S4 fab :: Membrane-type serine protease 1,"[{""chain_id"": ""A"", ""chain_role"": ""antigen"", ""wt_residue"": ""D"", ""mutant_residue"": ""A"", ""residue_position"": 217, ""insertion_code"": null, ""aligned_interface_position"": 214, ""flat_residue_index"": 650, ""interface_region"": ""surface"", ""is_alanine_scanning"": true}]",bounded,1.4667429547573194,6,,298.0,17475279,
3NPS_A_BC_DA60bA_193,3NPS,S4 fab :: Membrane-type serine protease 1,"[{""chain_id"": ""A"", ""chain_role"": ""antigen"", ""wt_residue"": ""D"", ""mutant_residue"": ""A"", ""residue_position"": 60, ""insertion_code"": ""b"", ""aligned_interface_position"": 47, ""flat_residue_index"": 483, ""interface_region"": ""rim"", ""is_alanine_scanning"": true}]",bounded,1.0674704335696457,6,,298.0,17475279,
3NPS_A_BC_DA96A_201,3NPS,S4 fab :: Membrane-type serine protease 1,"[{""chain_id"": ""A"", ""chain_role"": ""antigen"", ""wt_residue"": ""D"", ""mutant_residue"": ""A"", ""residue_position"": 96, ""insertion_code"": null, ""aligned_interface_position"": 91, ""flat_residue_index"": 527, ""interface_region"": ""rim"", ""is_alanine_scanning"": true}]",bounded,1.5070340185202937,6,,298.0,17475279,
3NPS_A_BC_EA169A_209,3NPS,S4 fab :: Membrane-type serine protease 1,"[{""chain_id"": ""A"", ""chain_role"": ""antigen"", ""wt_residue"": ""E"", ""mutant_residue"": ""A"", ""residue_position"": 169, ""insertion_code"": null, ""aligned_interface_position"": 163, ""flat_residue_index"": 599, ""interface_region"": ""surface"", ""is_alanine_scanning"": true}]",bounded,0.6153481421706204,5,,298.0,17475279,
3NPS_A_BC_FA60eA_195,3NPS,S4 fab :: Membrane-type serine protease 1,"[{""chain_id"": ""A"", ""chain_role"": ""antigen"", ""wt_residue"": ""F"", ""mutant_residue"": ""A"", ""residue_position"": 60, ""insertion_code"": ""e"", ""aligned_interface_position"": 50, ""flat_residue_index"": 486, ""interface_region"": ""interior"", ""is_alanine_scanning"": true}]",bounded,0.21957075232492848,5,,298.0,17475279,
3NPS_A_BC_FA94A_199,3NPS,S4 fab :: Membrane-type serine protease 1,"[{""chain_id"": ""A"", ""chain_role"": ""antigen"", ""wt_residue"": ""F"", ""mutant_residue"": ""A"", ""residue_position"": 94, ""insertion_code"": null, ""aligned_interface_position"": 89, ""flat_residue_index"": 525, ""interface_region"": ""interior"", ""is_alanine_scanning"": true}]",bounded,1.5714043775203976,6,,298.0,17475279,
3NPS_A_BC_FA97A_202,3NPS,S4 fab :: Membrane-type serine protease 1,"[{""chain_id"": ""A"", ""chain_role"": ""antigen"", ""wt_residue"": ""F"", ""mutant_residue"": ""A"", ""residue_position"": 97, ""insertion_code"": null, ""aligned_interface_position"": 92, ""flat_residue_index"": 528, ""interface_region"": ""core"", ""is_alanine_scanning"": true}]",bounded,0.4635397420182795,5,,298.0,17475279,
3NPS_A_BC_HA143A_204,3NPS,S4 fab :: Membrane-type serine protease 1,"[{""chain_id"": ""A"", ""chain_role"": ""antigen"", ""wt_residue"": ""H"", ""mutant_residue"": ""A"", ""residue_position"": 143, ""insertion_code"": null, ""aligned_interface_position"": 138, ""flat_residue_index"": 574, ""interface_region"": ""core"", ""is_alanine_scanning"": true}]",bounded,1.8750917557169944,6,,298.0,17475279,
3NPS_A_BC_IA41A_190,3NPS,S4 fab :: Membrane-type serine protease 1,"[{""chain_id"": ""A"", ""chain_role"": ""antigen"", ""wt_residue"": ""I"", ""mutant_residue"": ""A"", ""residue_position"": 41, ""insertion_code"": null, ""aligned_interface_position"": 26, ""flat_residue_index"": 462, ""interface_region"": ""core"", ""is_alanine_scanning"": true}]",bounded,0.6415424915350647,5,,298.0,17475279,
3NPS_A_BC_IA60A_191,3NPS,S4 fab :: Membrane-type serine protease 1,"[{""chain_id"": ""A"", ""chain_role"": ""antigen"", ""wt_residue"": ""I"", ""mutant_residue"": ""A"", ""residue_position"": 60, ""insertion_code"": null, ""aligned_interface_position"": 45, ""flat_residue_index"": 481, ""interface_region"": ""surface"", ""is_alanine_scanning"": true}]",bounded,-0.3318178148472667,4,,298.0,17475279,
3NPS_A_BC_KA224A_215,3NPS,S4 fab :: Membrane-type serine protease 1,"[{""chain_id"": ""A"", ""chain_role"": ""antigen"", ""wt_residue"": ""K"", ""mutant_residue"": ""A"", ""residue_position"": 224, ""insertion_code"": null, ""aligned_interface_position"": 221, ""flat_residue_index"": 657, ""interface_region"": ""surface"", ""is_alanine_scanning"": true}]",bounded,-0.10361038610633112,4,,298.0,17475279,
3NPS_A_BC_NA95A_200,3NPS,S4 fab :: Membrane-type serine protease 1,"[{""chain_id"": ""A"", ""chain_role"": ""antigen"", ""wt_residue"": ""N"", ""mutant_residue"": ""A"", ""residue_position"": 95, ""insertion_code"": null, ""aligned_interface_position"": 90, ""flat_residue_index"": 526, ""interface_region"": ""surface"", ""is_alanine_scanning"": true}]",bounded,0.2534192100526161,5,,298.0,17475279,
3NPS_A_BC_QA174A_210,3NPS,S4 fab :: Membrane-type serine protease 1,"[{""chain_id"": ""A"", ""chain_role"": ""antigen"", ""wt_residue"": ""Q"", ""mutant_residue"": ""A"", ""residue_position"": 174, ""insertion_code"": null, ""aligned_interface_position"": 168, ""flat_residue_index"": 604, ""interface_region"": ""rim"", ""is_alanine_scanning"": true}]",bounded,-0.05922383157204025,4,,298.0,17475279,
3NPS_A_BC_QA175A_211,3NPS,S4 fab :: Membrane-type serine protease 1,"[{""chain_id"": ""A"", ""chain_role"": ""antigen"", ""wt_residue"": ""Q"", ""mutant_residue"": ""A"", ""residue_position"": 175, ""insertion_code"": null, ""aligned_interface_position"": 169, ""flat_residue_index"": 605, ""interface_region"": ""core"", ""is_alanine_scanning"": true}]",bounded,0.7409075600991195,5,,298.0,17475279,
3NPS_A_BC_QA221aA_213,3NPS,S4 fab :: Membrane-type serine protease 1,"[{""chain_id"": ""A"", ""chain_role"": ""antigen"", ""wt_residue"": ""Q"", ""mutant_residue"": ""A"", ""residue_position"": 221, ""insertion_code"": ""a"", ""aligned_interface_position"": 218, ""flat_residue_index"": 654, ""interface_region"": ""core"", ""is_alanine_scanning"": true}]",bounded,-0.0409167541721943,4,,298.0,17475279,
3NPS_A_BC_RA222A_214,3NPS,S4 fab :: Membrane-type serine protease 1,"[{""chain_id"": ""A"", ""chain_role"": ""antigen"", ""wt_residue"": ""R"", ""mutant_residue"": ""A"", ""residue_position"": 222, ""insertion_code"": null, ""aligned_interface_position"": 219, ""flat_residue_index"": 655, ""interface_region"": ""surface"", ""is_alanine_scanning"": true}]",bounded,-0.08390185196748254,4,,298.0,17475279,
3NPS_A_BC_RA60cA_194,3NPS,S4 fab :: Membrane-type serine protease 1,"[{""chain_id"": ""A"", ""chain_role"": ""antigen"", ""wt_residue"": ""R"", ""mutant_residue"": ""A"", ""residue_position"": 60, ""insertion_code"": ""c"", ""aligned_interface_position"": 48, ""flat_residue_index"": 484, ""interface_region"": ""rim"", ""is_alanine_scanning"": true}]",bounded,-1.062741035194364,3,,298.0,17475279,
3NPS_A_BC_RA87A_198,3NPS,S4 fab :: Membrane-type serine protease 1,"[{""chain_id"": ""A"", ""chain_role"": ""antigen"", ""wt_residue"": ""R"", ""mutant_residue"": ""A"", ""residue_position"": 87, ""insertion_code"": null, ""aligned_interface_position"": 82, ""flat_residue_index"": 518, ""interface_region"": ""surface"", ""is_alanine_scanning"": true}]",bounded,-0.15159541376746732,4,,298.0,17475279,
3NPS_A_BC_TA98A_203,3NPS,S4 fab :: Membrane-type serine protease 1,"[{""chain_id"": ""A"", ""chain_role"": ""antigen"", ""wt_residue"": ""T"", ""mutant_residue"": ""A"", ""residue_position"": 98, ""insertion_code"": null, ""aligned_interface_position"": 93, ""flat_residue_index"": 529, ""interface_region"": ""rim"", ""is_alanine_scanning"": true}]",bounded,0.7238123212621477,5,,298.0,17475279,
3NPS_A_BC_YA146A_206,3NPS,S4 fab :: Membrane-type serine protease 1,"[{""chain_id"": ""A"", ""chain_role"": ""antigen"", ""wt_residue"": ""Y"", ""mutant_residue"": ""A"", ""residue_position"": 146, ""insertion_code"": null, ""aligned_interface_position"": 141, ""flat_residue_index"": 577, ""interface_region"": ""core"", ""is_alanine_scanning"": true}]",bounded,1.7748736623273855,6,,298.0,17475279,
3NPS_A_BC_YA60gA_197,3NPS,S4 fab :: Membrane-type serine protease 1,"[{""chain_id"": ""A"", ""chain_role"": ""antigen"", ""wt_residue"": ""Y"", ""mutant_residue"": ""A"", ""residue_position"": 60, ""insertion_code"": ""g"", ""aligned_interface_position"": 52, ""flat_residue_index"": 488, ""interface_region"": ""interior"", ""is_alanine_scanning"": true}]",bounded,0.4518897900686145,5,,298.0,17475279,
3SE8_HL_G_DH100cA_1168,3SE8,VRC03 Fab :: gp120,"[{""chain_id"": ""H"", ""chain_role"": ""heavy"", ""wt_residue"": ""D"", ""mutant_residue"": ""A"", ""residue_position"": 100, ""insertion_code"": ""c"", ""aligned_interface_position"": 114, ""flat_residue_index"": 113, ""interface_region"": ""core"", ""is_alanine_scanning"": true}]",bounded,-0.24413979106197187,4,,303.0,27908641,
3SE8_HL_G_DH99A_1166,3SE8,VRC03 Fab :: gp120,"[{""chain_id"": ""H"", ""chain_role"": ""heavy"", ""wt_residue"": ""D"", ""mutant_residue"": ""A"", ""residue_position"": 99, ""insertion_code"": null, ""aligned_interface_position"": 110, ""flat_residue_index"": 109, ""interface_region"": ""rim"", ""is_alanine_scanning"": true}]",bounded,-0.3893489668602603,4,,303.0,27908641,
3SE8_HL_G_DL50A_1173,3SE8,VRC03 Fab :: gp120,"[{""chain_id"": ""L"", ""chain_role"": ""light"", ""wt_residue"": ""D"", ""mutant_residue"": ""A"", ""residue_position"": 50, ""insertion_code"": null, ""aligned_interface_position"": 49, ""flat_residue_index"": 275, ""interface_region"": ""surface"", ""is_alanine_scanning"": true}]",bounded,0.8558487431388053,5,,303.0,27908641,
3SE8_HL_G_EL1A_1170,3SE8,VRC03 Fab :: gp120,"[{""chain_id"": ""L"", ""chain_role"": ""light"", ""wt_residue"": ""E"", ""mutant_residue"": ""A"", ""residue_position"": 1, ""insertion_code"": null, ""aligned_interface_position"": 1, ""flat_residue_index"": 227, ""interface_region"": ""rim"", ""is_alanine_scanning"": true}]",bounded,-0.5565173688012597,4,,303.0,27908641,
3SE8_HL_G_EL96A_1175,3SE8,VRC03 Fab :: gp120,"[{""chain_id"": ""L"", ""chain_role"": ""light"", ""wt_residue"": ""E"", ""mutant_residue"": ""A"", ""residue_position"": 96, ""insertion_code"": null, ""aligned_interface_position"": 91, ""flat_residue_index"": 317, ""interface_region"": ""core"", ""is_alanine_scanning"": true}]",bounded,1.513490961503559,6,,303.0,27908641,
3SE8_HL_G_FL91A_1174,3SE8,VRC03 Fab :: gp120,"[{""chain_id"": ""L"", ""chain_role"": ""light"", ""wt_residue"": ""F"", ""mutant_residue"": ""A"", ""residue_position"": 91, ""insertion_code"": null, ""aligned_interface_position"": 90, ""flat_residue_index"": 316, ""interface_region"": ""core"", ""is_alanine_scanning"": true}]",bounded,-0.8640971298248921,4,,303.0,27908641,
3SE8_HL_G_FL97A_1176,3SE8,VRC03 Fab :: gp120,"[{""chain_id"": ""L"", ""chain_role"": ""light"", ""wt_residue"": ""F"", ""mutant_residue"": ""A"", ""residue_position"": 97, ""insertion_code"": null, ""aligned_interface_position"": 92, ""flat_residue_index"": 318, ""interface_region"": ""support"", ""is_alanine_scanning"": true}]",bounded,0.8323253293339743,5,,303.0,27908641,
3SE8_HL_G_GH55A_1155,3SE8,VRC03 Fab :: gp120,"[{""chain_id"": ""H"", ""chain_role"": ""heavy"", ""wt_residue"": ""G"", ""mutant_residue"": ""A"", ""residue_position"": 55, ""insertion_code"": null, ""aligned_interface_position"": 56, ""flat_residue_index"": 55, ""interface_region"": ""support"", ""is_alanine_scanning"": true}]",bounded,0.35709719598761025,5,,303.0,27908641,
3SE8_HL_G_KH52A_1152,3SE8,VRC03 Fab :: gp120,"[{""chain_id"": ""H"", ""chain_role"": ""heavy"", ""wt_residue"": ""K"", ""mutant_residue"": ""A"", ""residue_position"": 52, ""insertion_code"": null, ""aligned_interface_position"": 52, ""flat_residue_index"": 51, ""interface_region"": ""core"", ""is_alanine_scanning"": true}]",bounded,1.1114143573475086,6,,303.0,27908641,
3SE8_HL_G_LH53A_1153,3SE8,VRC03 Fab :: gp120,"[{""chain_id"": ""H"", ""chain_role"": ""heavy"", ""wt_residue"": ""L"", ""mutant_residue"": ""A"", ""residue_position"": 53, ""insertion_code"": null, ""aligned_interface_position"": 54, ""flat_residue_index"": 53, ""interface_region"": ""core"", ""is_alanine_scanning"": true}]",bounded,0.05477618290587252,5,,303.0,27908641,
3SE8_HL_G_NL31A_1172,3SE8,VRC03 Fab :: gp120,"[{""chain_id"": ""L"", ""chain_role"": ""light"", ""wt_residue"": ""N"", ""mutant_residue"": ""A"", ""residue_position"": 31, ""insertion_code"": null, ""aligned_interface_position"": 30, ""flat_residue_index"": 256, ""interface_region"": ""core"", ""is_alanine_scanning"": true}]",bounded,0.1943492225882073,5,,303.0,27908641,
3SE8_HL_G_PH76aA_1164,3SE8,VRC03 Fab :: gp120,"[{""chain_id"": ""H"", ""chain_role"": ""heavy"", ""wt_residue"": ""P"", ""mutant_residue"": ""A"", ""residue_position"": 76, ""insertion_code"": ""a"", ""aligned_interface_position"": 78, ""flat_residue_index"": 77, ""interface_region"": ""rim"", ""is_alanine_scanning"": true}]",bounded,0.01881786937684375,5,,303.0,27908641,
3SE8_HL_G_PH76dA_1165,3SE8,VRC03 Fab :: gp120,"[{""chain_id"": ""H"", ""chain_role"": ""heavy"", ""wt_residue"": ""P"", ""mutant_residue"": ""A"", ""residue_position"": 76, ""insertion_code"": ""d"", ""aligned_interface_position"": 81, ""flat_residue_index"": 80, ""interface_region"": ""rim"", ""is_alanine_scanning"": true}]",bounded,-0.07091985263531783,4,,303.0,27908641,
3SE8_HL_G_QH62A_1160,3SE8,VRC03 Fab :: gp120,"[{""chain_id"": ""H"", ""chain_role"": ""heavy"", ""wt_residue"": ""Q"", ""mutant_residue"": ""A"", ""residue_position"": 62, ""insertion_code"": null, ""aligned_interface_position"": 63, ""flat_residue_index"": 62, ""interface_region"": ""rim"", ""is_alanine_scanning"": true}]",bounded,1.1144249776796447,6,,303.0,27908641,
3SE8_HL_G_QH64A_1161,3SE8,VRC03 Fab :: gp120,"[{""chain_id"": ""H"", ""chain_role"": ""heavy"", ""wt_residue"": ""Q"", ""mutant_residue"": ""A"", ""residue_position"": 64, ""insertion_code"": null, ""aligned_interface_position"": 65, ""flat_residue_index"": 64, ""interface_region"": ""rim"", ""is_alanine_scanning"": true}]",bounded,0.5498050105298076,5,,303.0,27908641,
3SE8_HL_G_QH75A_1163,3SE8,VRC03 Fab :: gp120,"[{""chain_id"": ""H"", ""chain_role"": ""heavy"", ""wt_residue"": ""Q"", ""mutant_residue"": ""A"", ""residue_position"": 75, ""insertion_code"": null, ""aligned_interface_position"": 76, ""flat_residue_index"": 75, ""interface_region"": ""rim"", ""is_alanine_scanning"": true}]",bounded,0.09689984500141653,5,,303.0,27908641,
3SE8_HL_G_QL27A_1171,3SE8,VRC03 Fab :: gp120,"[{""chain_id"": ""L"", ""chain_role"": ""light"", ""wt_residue"": ""Q"", ""mutant_residue"": ""A"", ""residue_position"": 27, ""insertion_code"": null, ""aligned_interface_position"": 27, ""flat_residue_index"": 253, ""interface_region"": ""rim"", ""is_alanine_scanning"": true}]",bounded,-0.2161290284336063,4,,303.0,27908641,
3SE8_HL_G_SH58A_1157,3SE8,VRC03 Fab :: gp120,"[{""chain_id"": ""H"", ""chain_role"": ""heavy"", ""wt_residue"": ""S"", ""mutant_residue"": ""A"", ""residue_position"": 58, ""insertion_code"": null, ""aligned_interface_position"": 59, ""flat_residue_index"": 58, ""interface_region"": ""core"", ""is_alanine_scanning"": true}]",bounded,1.1508401123094345,6,,303.0,27908641,
3SE8_HL_G_VH57A_1156,3SE8,VRC03 Fab :: gp120,"[{""chain_id"": ""H"", ""chain_role"": ""heavy"", ""wt_residue"": ""V"", ""mutant_residue"": ""A"", ""residue_position"": 57, ""insertion_code"": null, ""aligned_interface_position"": 58, ""flat_residue_index"": 57, ""interface_region"": ""core"", ""is_alanine_scanning"": true}]",bounded,1.2496850588226003,6,,303.0,27908641,
3SE8_HL_G_YH59A_1158,3SE8,VRC03 Fab :: gp120,"[{""chain_id"": ""H"", ""chain_role"": ""heavy"", ""wt_residue"": ""Y"", ""mutant_residue"": ""A"", ""residue_position"": 59, ""insertion_code"": null, ""aligned_interface_position"": 60, ""flat_residue_index"": 59, ""interface_region"": ""support"", ""is_alanine_scanning"": true}]",bounded,0.8558487431388053,5,,303.0,27908641,
3SE9_HL_G_DH74A_1190,3SE9,VRC-PG04 :: gp120,"[{""chain_id"": ""H"", ""chain_role"": ""heavy"", ""wt_residue"": ""D"", ""mutant_residue"": ""A"", ""residue_position"": 74, ""insertion_code"": null, ""aligned_interface_position"": 77, ""flat_residue_index"": 76, ""interface_region"": ""rim"", ""is_alanine_scanning"": true}]",bounded,-0.766481672299936,4,,303.0,27908641,
3SE9_HL_G_EL96A_1200,3SE9,VRC-PG04 :: gp120,"[{""chain_id"": ""L"", ""chain_role"": ""light"", ""wt_residue"": ""E"", ""mutant_residue"": ""A"", ""residue_position"": 96, ""insertion_code"": null, ""aligned_interface_position"": 90, ""flat_residue_index"": 314, ""interface_region"": ""core"", ""is_alanine_scanning"": true}]",bounded,0.41735972948862593,5,,303.0,27908641,
3SE9_HL_G_FL97A_1201,3SE9,VRC-PG04 :: gp120,"[{""chain_id"": ""L"", ""chain_role"": ""light"", ""wt_residue"": ""F"", ""mutant_residue"": ""A"", ""residue_position"": 97, ""insertion_code"": null, ""aligned_interface_position"": 91, ""flat_residue_index"": 315, ""interface_region"": ""rim"", ""is_alanine_scanning"": true}]",bounded,0.02361568609249914,5,,303.0,27908641,
3SE9_HL_G_GH100A_1193,3SE9,VRC-PG04 :: gp120,"[{""chain_id"": ""H"", ""chain_role"": ""heavy"", ""wt_residue"": ""G"", ""mutant_residue"": ""A"", ""residue_position"": 100, ""insertion_code"": null, ""aligned_interface_position"": 106, ""flat_residue_index"": 105, ""interface_region"": ""core"", ""is_alanine_scanning"": true}]",bounded,-0.3075797610236323,4,,303.0,27908641,
3SE9_HL_G_GH100aA_1194,3SE9,VRC-PG04 :: gp120,"[{""chain_id"": ""H"", ""chain_role"": ""heavy"", ""wt_residue"": ""G"", ""mutant_residue"": ""A"", ""residue_position"": 100, ""insertion_code"": ""a"", ""aligned_interface_position"": 107, ""flat_residue_index"": 106, ""interface_region"": ""rim"", ""is_alanine_scanning"": true}]",bounded,-0.6151595220472647,4,,303.0,27908641,
3SE9_HL_G_GH100cA_1195,3SE9,VRC-PG04 :: gp120,"[{""chain_id"": ""H"", ""chain_role"": ""heavy"", ""wt_residue"": ""G"", ""mutant_residue"": ""A"", ""residue_position"": 100, ""insertion_code"": ""c"", ""aligned_interface_position"": 109, ""flat_residue_index"": 108, ""interface_region"": ""support"", ""is_alanine_scanning"": true}]",bounded,0.1851435520592178,5,,303.0,27908641,
3SE9_HL_G_GH54A_1182,3SE9,VRC-PG04 :: gp120,"[{""chain_id"": ""H"", ""chain_role"": ""heavy"", ""wt_residue"": ""G"", ""mutant_residue"": ""A"", ""residue_position"": 54, ""insertion_code"": null, ""aligned_interface_position"": 57, ""flat_residue_index"": 56, ""interface_region"": ""core"", ""is_alanine_scanning"": true}]",bounded,0.452444768300404,5,,303.0,27908641,
3SE9_HL_G_GH59A_1185,3SE9,VRC-PG04 :: gp120,"[{""chain_id"": ""H"", ""chain_role"": ""heavy"", ""wt_residue"": ""G"", ""mutant_residue"": ""A"", ""residue_position"": 59, ""insertion_code"": null, ""aligned_interface_position"": 62, ""flat_residue_index"": 61, ""interface_region"": ""rim"", ""is_alanine_scanning"": true}]",bounded,0.0463399985033333,5,,303.0,27908641,
3SE9_HL_G_GL31A_1198,3SE9,VRC-PG04 :: gp120,"[{""chain_id"": ""L"", ""chain_role"": ""light"", ""wt_residue"": ""G"", ""mutant_residue"": ""A"", ""residue_position"": 31, ""insertion_code"": null, ""aligned_interface_position"": 29, ""flat_residue_index"": 253, ""interface_region"": ""surface"", ""is_alanine_scanning"": true}]",bounded,0.4636997279919593,5,,303.0,27908641,
3SE9_HL_G_LH34A_1177,3SE9,VRC-PG04 :: gp120,"[{""chain_id"": ""H"", ""chain_role"": ""heavy"", ""wt_residue"": ""L"", ""mutant_residue"": ""A"", ""residue_position"": 34, ""insertion_code"": null, ""aligned_interface_position"": 34, ""flat_residue_index"": 33, ""interface_region"": ""support"", ""is_alanine_scanning"": true}]",bounded,0.5659998137832954,5,,303.0,27908641,
3SE9_HL_G_LL91A_1199,3SE9,VRC-PG04 :: gp120,"[{""chain_id"": ""L"", ""chain_role"": ""light"", ""wt_residue"": ""L"", ""mutant_residue"": ""A"", ""residue_position"": 91, ""insertion_code"": null, ""aligned_interface_position"": 89, ""flat_residue_index"": 313, ""interface_region"": ""core"", ""is_alanine_scanning"": true}]",bounded,0.9642429277654067,5,,303.0,27908641,
3SE9_HL_G_RH64A_1187,3SE9,VRC-PG04 :: gp120,"[{""chain_id"": ""H"", ""chain_role"": ""heavy"", ""wt_residue"": ""R"", ""mutant_residue"": ""A"", ""residue_position"": 64, ""insertion_code"": null, ""aligned_interface_position"": 67, ""flat_residue_index"": 66, ""interface_region"": ""core"", ""is_alanine_scanning"": true}]",bounded,1.4695447830687132,6,,303.0,27908641,
3SE9_HL_G_RH71A_1188,3SE9,VRC-PG04 :: gp120,"[{""chain_id"": ""H"", ""chain_role"": ""heavy"", ""wt_residue"": ""R"", ""mutant_residue"": ""A"", ""residue_position"": 71, ""insertion_code"": null, ""aligned_interface_position"": 74, ""flat_residue_index"": 73, ""interface_region"": ""core"", ""is_alanine_scanning"": true}]",bounded,2.679257015203907,7,,303.0,27908641,
3SE9_HL_G_RH73A_1189,3SE9,VRC-PG04 :: gp120,"[{""chain_id"": ""H"", ""chain_role"": ""heavy"", ""wt_residue"": ""R"", ""mutant_residue"": ""A"", ""residue_position"": 73, ""insertion_code"": null, ""aligned_interface_position"": 76, ""flat_residue_index"": 75, ""interface_region"": ""rim"", ""is_alanine_scanning"": true}]",bounded,-0.2322161774294082,4,,303.0,27908641,
3SE9_HL_G_TH53A_1181,3SE9,VRC-PG04 :: gp120,"[{""chain_id"": ""H"", ""chain_role"": ""heavy"", ""wt_residue"": ""T"", ""mutant_residue"": ""A"", ""residue_position"": 53, ""insertion_code"": null, ""aligned_interface_position"": 56, ""flat_residue_index"": 55, ""interface_region"": ""core"", ""is_alanine_scanning"": true}]",bounded,-0.8592993131092365,4,,303.0,27908641,
3SE9_HL_G_TH99A_1192,3SE9,VRC-PG04 :: gp120,"[{""chain_id"": ""H"", ""chain_role"": ""heavy"", ""wt_residue"": ""T"", ""mutant_residue"": ""A"", ""residue_position"": 99, ""insertion_code"": null, ""aligned_interface_position"": 105, ""flat_residue_index"": 104, ""interface_region"": ""support"", ""is_alanine_scanning"": true}]",bounded,-0.44193958362061053,4,,303.0,27908641,
3SE9_HL_G_VH52bA_1180,3SE9,VRC-PG04 :: gp120,"[{""chain_id"": ""H"", ""chain_role"": ""heavy"", ""wt_residue"": ""V"", ""mutant_residue"": ""A"", ""residue_position"": 52, ""insertion_code"": ""b"", ""aligned_interface_position"": 55, ""flat_residue_index"": 54, ""interface_region"": ""rim"", ""is_alanine_scanning"": true}]",bounded,-0.8592993131092365,4,,303.0,27908641,
3SE9_HL_G_VH56A_1183,3SE9,VRC-PG04 :: gp120,"[{""chain_id"": ""H"", ""chain_role"": ""heavy"", ""wt_residue"": ""V"", ""mutant_residue"": ""A"", ""residue_position"": 56, ""insertion_code"": null, ""aligned_interface_position"": 59, ""flat_residue_index"": 58, ""interface_region"": ""core"", ""is_alanine_scanning"": true}]",bounded,0.9833595432719213,5,,303.0,27908641,
3SE9_HL_G_VL3A_1196,3SE9,VRC-PG04 :: gp120,"[{""chain_id"": ""L"", ""chain_role"": ""light"", ""wt_residue"": ""V"", ""mutant_residue"": ""A"", ""residue_position"": 3, ""insertion_code"": null, ""aligned_interface_position"": 3, ""flat_residue_index"": 227, ""interface_region"": ""core"", ""is_alanine_scanning"": true}]",bounded,-0.49433111860959855,4,,303.0,27908641,
3SE9_HL_G_WH47A_1178,3SE9,VRC-PG04 :: gp120,"[{""chain_id"": ""H"", ""chain_role"": ""heavy"", ""wt_residue"": ""W"", ""mutant_residue"": ""A"", ""residue_position"": 47, ""insertion_code"": null, ""aligned_interface_position"": 48, ""flat_residue_index"": 47, ""interface_region"": ""support"", ""is_alanine_scanning"": true}]",bounded,1.0584463524130994,6,,303.0,27908641,
3SE9_HL_G_WH50A_1179,3SE9,VRC-PG04 :: gp120,"[{""chain_id"": ""H"", ""chain_role"": ""heavy"", ""wt_residue"": ""W"", ""mutant_residue"": ""A"", ""residue_position"": 50, ""insertion_code"": null, ""aligned_interface_position"": 51, ""flat_residue_index"": 50, ""interface_region"": ""support"", ""is_alanine_scanning"": true}]",bounded,1.2756948745583772,6,,303.0,27908641,
3SE9_HL_G_YH98A_1191,3SE9,VRC-PG04 :: gp120,"[{""chain_id"": ""H"", ""chain_role"": ""heavy"", ""wt_residue"": ""Y"", ""mutant_residue"": ""A"", ""residue_position"": 98, ""insertion_code"": null, ""aligned_interface_position"": 104, ""flat_residue_index"": 103, ""interface_region"": ""rim"", ""is_alanine_scanning"": true}]",bounded,0.4636997279919593,5,,303.0,27908641,
3SE9_HL_G_YL30A_1197,3SE9,VRC-PG04 :: gp120,"[{""chain_id"": ""L"", ""chain_role"": ""light"", ""wt_residue"": ""Y"", ""mutant_residue"": ""A"", ""residue_position"": 30, ""insertion_code"": null, ""aligned_interface_position"": 28, ""flat_residue_index"": 252, ""interface_region"": ""rim"", ""is_alanine_scanning"": true}]",bounded,1.1177193658688998,6,,303.0,27908641,
3W2D_A_HL_KA98N_1066,3W2D,3E2 fab :: Staphylococcal enterotoxin B,"[{""chain_id"": ""A"", ""chain_role"": ""antigen"", ""wt_residue"": ""K"", ""mutant_residue"": ""N"", ""residue_position"": 98, ""insertion_code"": null, ""aligned_interface_position"": 67, ""flat_residue_index"": 504, ""interface_region"": ""core"", ""is_alanine_scanning"": false}]",bounded,4.621937937920747,9,,298.0,24423621,
3W2D_A_HL_KA98Q_1067,3W2D,3E2 fab :: Staphylococcal enterotoxin B,"[{""chain_id"": ""A"", ""chain_role"": ""antigen"", ""wt_residue"": ""K"", ""mutant_residue"": ""Q"", ""residue_position"": 98, ""insertion_code"": null, ""aligned_interface_position"": 67, ""flat_residue_index"": 504, ""interface_region"": ""core"", ""is_alanine_scanning"": false}]",n.b.,,,,298.0,24423621,
3W2D_A_HL_KA98R_1065,3W2D,3E2 fab :: Staphylococcal enterotoxin B,"[{""chain_id"": ""A"", ""chain_role"": ""antigen"", ""wt_residue"": ""K"", ""mutant_residue"": ""R"", ""residue_position"": 98, ""insertion_code"": null, ""aligned_interface_position"": 67, ""flat_residue_index"": 504, ""interface_region"": ""core"", ""is_alanine_scanning"": false}]",bounded,-0.4281201433446322,4,,298.0,24423621,
3W2D_A_HL_YA73E_1064,3W2D,3E2 fab :: Staphylococcal enterotoxin B,"[{""chain_id"": ""A"", ""chain_role"": ""antigen"", ""wt_residue"": ""Y"", ""mutant_residue"": ""E"", ""residue_position"": 73, ""insertion_code"": null, ""aligned_interface_position"": 45, ""flat_residue_index"": 482, ""interface_region"": ""core"", ""is_alanine_scanning"": false}]",n.b.,,,,298.0,24423621,
3W2D_A_HL_YA73F_1062,3W2D,3E2 fab :: Staphylococcal enterotoxin B,"[{""chain_id"": ""A"", ""chain_role"": ""antigen"", ""wt_residue"": ""Y"", ""mutant_residue"": ""F"", ""residue_position"": 73, ""insertion_code"": null, ""aligned_interface_position"": 45, ""flat_residue_index"": 482, ""interface_region"": ""core"", ""is_alanine_scanning"": false}]",bounded,0.8779442548254771,5,,298.0,24423621,
3W2D_A_HL_YA73L_1063,3W2D,3E2 fab :: Staphylococcal enterotoxin B,"[{""chain_id"": ""A"", ""chain_role"": ""antigen"", ""wt_residue"": ""Y"", ""mutant_residue"": ""L"", ""residue_position"": 73, ""insertion_code"": null, ""aligned_interface_position"": 45, ""flat_residue_index"": 482, ""interface_region"": ""core"", ""is_alanine_scanning"": false}]",bounded,2.3647562401910367,7,,298.0,24423621,
"4GXU_ABCDEF_MN_DA190E,DA225G_507",4GXU,Antibody 1F1 :: Hemagglutinin HA2,"[{""chain_id"": ""A"", ""chain_role"": ""antigen"", ""wt_residue"": ""D"", ""mutant_residue"": ""E"", ""residue_position"": 190, ""insertion_code"": null, ""aligned_interface_position"": 189, ""flat_residue_index"": 628, ""interface_region"": ""core"", ""is_alanine_scanning"": false}, {""chain_id"": ""A"", ""chain_role"": ""antigen"", ""wt_residue"": ""D"", ""mutant_residue"": ""G"", ""residue_position"": 225, ""insertion_code"": null, ""aligned_interface_position"": 224, ""flat_residue_index"": 663, ""interface_region"": ""rim"", ""is_alanine_scanning"": false}]",bounded,3.010207446475916,8,,298.0,23236279,
4GXU_ABCDEF_MN_DA190E_505,4GXU,Antibody 1F1 :: Hemagglutinin HA2,"[{""chain_id"": ""A"", ""chain_role"": ""antigen"", ""wt_residue"": ""D"", ""mutant_residue"": ""E"", ""residue_position"": 190, ""insertion_code"": null, ""aligned_interface_position"": 189, ""flat_residue_index"": 628, ""interface_region"": ""core"", ""is_alanine_scanning"": false}]",bounded,2.1650879900186473,7,,298.0,23236279,
4GXU_ABCDEF_MN_DA225G_506,4GXU,Antibody 1F1 :: Hemagglutinin HA2,"[{""chain_id"": ""A"", ""chain_role"": ""antigen"", ""wt_residue"": ""D"", ""mutant_residue"": ""G"", ""residue_position"": 225, ""insertion_code"": null, ""aligned_interface_position"": 224, ""flat_residue_index"": 663, ""interface_region"": ""rim"", ""is_alanine_scanning"": false}]",bounded,1.960878008689828,6,,298.0,23236279,
4I77_HL_Z_DH54A_561,4I77,Lebrikizumab fab :: Interleukin-13,"[{""chain_id"": ""H"", ""chain_role"": ""heavy"", ""wt_residue"": ""D"", ""mutant_residue"": ""A"", ""residue_position"": 54, ""insertion_code"": null, ""aligned_interface_position"": 54, ""flat_residue_index"": 53, ""interface_region"": ""rim"", ""is_alanine_scanning"": true}]",ineq,2.123755267097492,,>,298.0,23357170,
4I77_HL_Z_NL91A_566,4I77,Lebrikizumab fab :: Interleukin-13,"[{""chain_id"": ""L"", ""chain_role"": ""light"", ""wt_residue"": ""N"", ""mutant_residue"": ""A"", ""residue_position"": 91, ""insertion_code"": null, ""aligned_interface_position"": 95, ""flat_residue_index"": 313, ""interface_region"": ""support"", ""is_alanine_scanning"": true}]",ineq,1.721428413292417,,>,298.0,23357170,
4I77_HL_Z_WH52A_563,4I77,Lebrikizumab fab :: Interleukin-13,"[{""chain_id"": ""H"", ""chain_role"": ""heavy"", ""wt_residue"": ""W"", ""mutant_residue"": ""A"", ""residue_position"": 52, ""insertion_code"": null, ""aligned_interface_position"": 52, ""flat_residue_index"": 51, ""interface_region"": ""support"", ""is_alanine_scanning"": true}]",ineq,2.1138301164684123,,>,298.0,23357170,
4I77_HL_Z_WH52F_562,4I77,Lebrikizumab fab :: Interleukin-13,"[{""chain_id"": ""H"", ""chain_role"": ""heavy"", ""wt_residue"": ""W"", ""mutant_residue"": ""F"", ""residue_position"": 52, ""insertion_code"": null, ""aligned_interface_position"": 52, ""flat_residue_index"": 51, ""interface_region"": ""support"", ""is_alanine_scanning"": false}]",ineq,2.0986233432986774,,>,298.0,23357170,
4I77_HL_Z_YH100A_560,4I77,Lebrikizumab fab :: Interleukin-13,"[{""chain_id"": ""H"", ""chain_role"": ""heavy"", ""wt_residue"": ""Y"", ""mutant_residue"": ""A"", ""residue_position"": 100, ""insertion_code"": null, ""aligned_interface_position"": 103, ""flat_residue_index"": 102, ""interface_region"": ""core"", ""is_alanine_scanning"": true}]",ineq,1.6915639278652863,,>,298.0,23357170,
4I77_HL_Z_YH100F_559,4I77,Lebrikizumab fab :: Interleukin-13,"[{""chain_id"": ""H"", ""chain_role"": ""heavy"", ""wt_residue"": ""Y"", ""mutant_residue"": ""F"", ""residue_position"": 100, ""insertion_code"": null, ""aligned_interface_position"": 103, ""flat_residue_index"": 102, ""interface_region"": ""core"", ""is_alanine_scanning"": false}]",ineq,0.0,,<,298.0,23357170,
4I77_HL_Z_YH97F_555,4I77,Lebrikizumab fab :: Interleukin-13,"[{""chain_id"": ""H"", ""chain_role"": ""heavy"", ""wt_residue"": ""Y"", ""mutant_residue"": ""F"", ""residue_position"": 97, ""insertion_code"": null, ""aligned_interface_position"": 100, ""flat_residue_index"": 99, ""interface_region"": ""rim"", ""is_alanine_scanning"": false}]",ineq,0.0,,<,298.0,23357170,
4I77_HL_Z_YH98A_558,4I77,Lebrikizumab fab :: Interleukin-13,"[{""chain_id"": ""H"", ""chain_role"": ""heavy"", ""wt_residue"": ""Y"", ""mutant_residue"": ""A"", ""residue_position"": 98, ""insertion_code"": null, ""aligned_interface_position"": 101, ""flat_residue_index"": 100, ""interface_region"": ""core"", ""is_alanine_scanning"": true}]",ineq,0.9411240978514499,,>,298.0,23357170,
4I77_HL_Z_YH98F_557,4I77,Lebrikizumab fab :: Interleukin-13,"[{""chain_id"": ""H"", ""chain_role"": ""heavy"", ""wt_residue"": ""Y"", ""mutant_residue"": ""F"", ""residue_position"": 98, ""insertion_code"": null, ""aligned_interface_position"": 101, ""flat_residue_index"": 100, ""interface_region"": ""core"", ""is_alanine_scanning"": false}]",ineq,0.0,,<,298.0,23357170,
4JPK_HL_A_DA141R_622,4JPK,VRC01 fab :: eOD-GT6,"[{""chain_id"": ""A"", ""chain_role"": ""antigen"", ""wt_residue"": ""D"", ""mutant_residue"": ""R"", ""residue_position"": 141, ""insertion_code"": null, ""aligned_interface_position"": 141, ""flat_residue_index"": 569, ""interface_region"": ""rim"", ""is_alanine_scanning"": false}]",bounded,3.8573228450653483,8,,298.0,23539181,
4JPK_HL_A_FA144I_620,4JPK,VRC01 fab :: eOD-GT6,"[{""chain_id"": ""A"", ""chain_role"": ""antigen"", ""wt_residue"": ""F"", ""mutant_residue"": ""I"", ""residue_position"": 144, ""insertion_code"": null, ""aligned_interface_position"": 144, ""flat_residue_index"": 572, ""interface_region"": ""support"", ""is_alanine_scanning"": false}]",bounded,1.387517369366912,6,,298.0,23539181,
4JPK_HL_A_FA63L_617,4JPK,VRC01 fab :: eOD-GT6,"[{""chain_id"": ""A"", ""chain_role"": ""antigen"", ""wt_residue"": ""F"", ""mutant_residue"": ""L"", ""residue_position"": 63, ""insertion_code"": null, ""aligned_interface_position"": 63, ""flat_residue_index"": 491, ""interface_region"": ""interior"", ""is_alanine_scanning"": false}]",bounded,1.1672866501007555,6,,298.0,23539181,
4JPK_HL_A_SA41G_616,4JPK,VRC01 fab :: eOD-GT6,"[{""chain_id"": ""A"", ""chain_role"": ""antigen"", ""wt_residue"": ""S"", ""mutant_residue"": ""G"", ""residue_position"": 41, ""insertion_code"": null, ""aligned_interface_position"": 41, ""flat_residue_index"": 469, ""interface_region"": ""support"", ""is_alanine_scanning"": false}]",bounded,2.1516949663578875,7,,298.0,23539181,
4JPK_HL_A_TA35S_621,4JPK,VRC01 fab :: eOD-GT6,"[{""chain_id"": ""A"", ""chain_role"": ""antigen"", ""wt_residue"": ""T"", ""mutant_residue"": ""S"", ""residue_position"": 35, ""insertion_code"": null, ""aligned_interface_position"": 35, ""flat_residue_index"": 463, ""interface_region"": ""support"", ""is_alanine_scanning"": false}]",bounded,-0.032093356156832245,4,,298.0,23539181,
4JPK_HL_A_VA30N_615,4JPK,VRC01 fab :: eOD-GT6,"[{""chain_id"": ""A"", ""chain_role"": ""antigen"", ""wt_residue"": ""V"", ""mutant_residue"": ""N"", ""residue_position"": 30, ""insertion_code"": null, ""aligned_interface_position"": 30, ""flat_residue_index"": 458, ""interface_region"": ""rim"", ""is_alanine_scanning"": false}]",bounded,0.5945948264721681,5,,298.0,23539181,
"4KRL_A_B_DA355T,FA357A_1070",4KRL,Nanobody 7D12 :: Epidermal growth factor receptor,"[{""chain_id"": ""A"", ""chain_role"": ""antigen"", ""wt_residue"": ""D"", ""mutant_residue"": ""T"", ""residue_position"": 355, ""insertion_code"": null, ""aligned_interface_position"": 49, ""flat_residue_index"": 170, ""interface_region"": ""core"", ""is_alanine_scanning"": false}, {""chain_id"": ""A"", ""chain_role"": ""antigen"", ""wt_residue"": ""F"", ""mutant_residue"": ""A"", ""residue_position"": 357, ""insertion_code"": null, ""aligned_interface_position"": 51, ""flat_residue_index"": 172, ""interface_region"": ""rim"", ""is_alanine_scanning"": true}]",ineq,1.852432213331099,,>,298.0,23791944,
4KRL_A_B_DB112A_1069,4KRL,Nanobody 7D12 :: Epidermal growth factor receptor,"[{""chain_id"": ""B"", ""chain_role"": ""heavy"", ""wt_residue"": ""D"", ""mutant_residue"": ""A"", ""residue_position"": 112, ""insertion_code"": null, ""aligned_interface_position"": 112, ""flat_residue_index"": 111, ""interface_region"": ""core"", ""is_alanine_scanning"": true}]",bounded,0.6496816504630648,5,,298.0,23791944,
"4KRO_A_B_DA355T,FA357A_1073",4KRO,Nanobody EgA1 :: Epidermal growth factor receptor,"[{""chain_id"": ""A"", ""chain_role"": ""antigen"", ""wt_residue"": ""D"", ""mutant_residue"": ""T"", ""residue_position"": 355, ""insertion_code"": null, ""aligned_interface_position"": 321, ""flat_residue_index"": 436, ""interface_region"": ""surface"", ""is_alanine_scanning"": false}, {""chain_id"": ""A"", ""chain_role"": ""antigen"", ""wt_residue"": ""F"", ""mutant_residue"": ""A"", ""residue_position"": 357, ""insertion_code"": null, ""aligned_interface_position"": 323, ""flat_residue_index"": 438, ""interface_region"": ""surface"", ""is_alanine_scanning"": true}]",bounded,0.12697069388519788,5,,298.0,23791944,
4KRO_A_B_DB104A_1072,4KRO,Nanobody EgA1 :: Epidermal growth factor receptor,"[{""chain_id"": ""B"", ""chain_role"": ""heavy"", ""wt_residue"": ""D"", ""mutant_residue"": ""A"", ""residue_position"": 104, ""insertion_code"": null, ""aligned_interface_position"": 92, ""flat_residue_index"": 91, ""interface_region"": ""core"", ""is_alanine_scanning"": true}]",ineq,1.5042239636081038,,>,298.0,23791944,
4KRO_A_B_RB27A_1071,4KRO,Nanobody EgA1 :: Epidermal growth factor receptor,"[{""chain_id"": ""B"", ""chain_role"": ""heavy"", ""wt_residue"": ""R"", ""mutant_residue"": ""A"", ""residue_position"": 27, ""insertion_code"": null, ""aligned_interface_position"": 15, ""flat_residue_index"": 14, ""interface_region"": ""core"", ""is_alanine_scanning"": true}]",ineq,1.5832994906377122,,>,298.0,23791944,
"4KRP_A_B_DA355T,FA357A_1075",4KRP,Nanobody 9G8 :: Epidermal growth factor receptor,"[{""chain_id"": ""A"", ""chain_role"": ""antigen"", ""wt_residue"": ""D"", ""mutant_residue"": ""T"", ""residue_position"": 355, ""insertion_code"": null, ""aligned_interface_position"": 277, ""flat_residue_index"": 392, ""interface_region"": ""surface"", ""is_alanine_scanning"": false}, {""chain_id"": ""A"", ""chain_role"": ""antigen"", ""wt_residue"": ""F"", ""mutant_residue"": ""A"", ""residue_position"": 357, ""insertion_code"": null, ""aligned_interface_position"": 279, ""flat_residue_index"": 394, ""interface_region"": ""surface"", ""is_alanine_scanning"": true}]",bounded,0.358296645140848,5,,298.0,23791944,
4NM8_ABCDEF_HL_DB19N_1077,4NM8,CR8043 fab :: 1968 Hemagglutinin,"[{""chain_id"": ""B"", ""chain_role"": ""antigen"", ""wt_residue"": ""D"", ""mutant_residue"": ""N"", ""residue_position"": 19, ""insertion_code"": null, ""aligned_interface_position"": 19, ""flat_residue_index"": 768, ""interface_region"": ""core"", ""is_alanine_scanning"": false}]",bounded,0.6614995205505978,5,,303.0,24335589,
4NM8_ABCDEF_HL_IB18M_1076,4NM8,CR8043 fab :: 1968 Hemagglutinin,"[{""chain_id"": ""B"", ""chain_role"": ""antigen"", ""wt_residue"": ""I"", ""mutant_residue"": ""M"", ""residue_position"": 18, ""insertion_code"": null, ""aligned_interface_position"": 18, ""flat_residue_index"": 767, ""interface_region"": ""core"", ""is_alanine_scanning"": false}]",bounded,0.10977996846499363,5,,303.0,24335589,
4NM8_ABCDEF_HL_LB38Y_1084,4NM8,CR8043 fab :: 1968 Hemagglutinin,"[{""chain_id"": ""B"", ""chain_role"": ""antigen"", ""wt_residue"": ""L"", ""mutant_residue"": ""Y"", ""residue_position"": 38, ""insertion_code"": null, ""aligned_interface_position"": 38, ""flat_residue_index"": 787, ""interface_region"": ""rim"", ""is_alanine_scanning"": false}]",bounded,-0.6151595220472647,4,,303.0,24335589,
4NM8_ABCDEF_HL_QB34R_1083,4NM8,CR8043 fab :: 1968 Hemagglutinin,"[{""chain_id"": ""B"", ""chain_role"": ""antigen"", ""wt_residue"": ""Q"", ""mutant_residue"": ""R"", ""residue_position"": 34, ""insertion_code"": null, ""aligned_interface_position"": 34, ""flat_residue_index"": 783, ""interface_region"": ""core"", ""is_alanine_scanning"": false}]",bounded,2.9754756314000064,7,,303.0,24335589,
4NM8_ABCDEF_HL_QB34T_1082,4NM8,CR8043 fab :: 1968 Hemagglutinin,"[{""chain_id"": ""B"", ""chain_role"": ""antigen"", ""wt_residue"": ""Q"", ""mutant_residue"": ""T"", ""residue_position"": 34, ""insertion_code"": null, ""aligned_interface_position"": 34, ""flat_residue_index"": 783, ""interface_region"": ""core"", ""is_alanine_scanning"": false}]",bounded,2.3309384385051017,7,,303.0,24335589,
4NM8_ABCDEF_HL_RB25M_1078,4NM8,CR8043 fab :: 1968 Hemagglutinin,"[{""chain_id"": ""B"", ""chain_role"": ""antigen"", ""wt_residue"": ""R"", ""mutant_residue"": ""M"", ""residue_position"": 25, ""insertion_code"": null, ""aligned_interface_position"": 25, ""flat_residue_index"": 774, ""interface_region"": ""core"", ""is_alanine_scanning"": false}]",bounded,3.4423527958526106,8,,303.0,24335589,
4NM8_ABCDEF_HL_TB32E_1079,4NM8,CR8043 fab :: 1968 Hemagglutinin,"[{""chain_id"": ""B"", ""chain_role"": ""antigen"", ""wt_residue"": ""T"", ""mutant_residue"": ""E"", ""residue_position"": 32, ""insertion_code"": null, ""aligned_interface_position"": 32, ""flat_residue_index"": 781, ""interface_region"": ""rim"", ""is_alanine_scanning"": false}]",bounded,-0.5517195520856042,4,,303.0,24335589,
4NM8_ABCDEF_HL_TB32I_1080,4NM8,CR8043 fab :: 1968 Hemagglutinin,"[{""chain_id"": ""B"", ""chain_role"": ""antigen"", ""wt_residue"": ""T"", ""mutant_residue"": ""I"", ""residue_position"": 32, ""insertion_code"": null, ""aligned_interface_position"": 32, ""flat_residue_index"": 781, ""interface_region"": ""rim"", ""is_alanine_scanning"": false}]",bounded,-0.0502059688434658,4,,303.0,24335589,
4NM8_ABCDEF_HL_TB32R_1081,4NM8,CR8043 fab :: 1968 Hemagglutinin,"[{""chain_id"": ""B"", ""chain_role"": ""antigen"", ""wt_residue"": ""T"", ""mutant_residue"": ""R"", ""residue_position"": 32, ""insertion_code"": null, ""aligned_interface_position"": 32, ""flat_residue_index"": 781, ""interface_region"": ""rim"", ""is_alanine_scanning"": false}]",bounded,1.2211943258125022,6,,303.0,24335589,
4U6H_AB_E_NE27A_1085,4U6H,M12B9 fab :: Vaccinia L1,"[{""chain_id"": ""E"", ""chain_role"": ""antigen"", ""wt_residue"": ""N"", ""mutant_residue"": ""A"", ""residue_position"": 27, ""insertion_code"": null, ""aligned_interface_position"": 21, ""flat_residue_index"": 454, ""interface_region"": ""core"", ""is_alanine_scanning"": true}]",bounded,-0.34807949946876476,4,,298.0,25031354,
4U6H_AB_E_QE31A_1086,4U6H,M12B9 fab :: Vaccinia L1,"[{""chain_id"": ""E"", ""chain_role"": ""antigen"", ""wt_residue"": ""Q"", ""mutant_residue"": ""A"", ""residue_position"": 31, ""insertion_code"": null, ""aligned_interface_position"": 25, ""flat_residue_index"": 458, ""interface_region"": ""rim"", ""is_alanine_scanning"": true}]",bounded,0.11883453539414017,5,,298.0,25031354,
4ZS6_HL_A_DA539A_1090,4ZS6,MERS-27 fab :: MERS-CoV envolope protein S,"[{""chain_id"": ""A"", ""chain_role"": ""antigen"", ""wt_residue"": ""D"", ""mutant_residue"": ""A"", ""residue_position"": 539, ""insertion_code"": null, ""aligned_interface_position"": 159, ""flat_residue_index"": 589, ""interface_region"": ""core"", ""is_alanine_scanning"": true}]",n.b.,,,,298.0,26281793,
4ZS6_HL_A_EA536A_1089,4ZS6,MERS-27 fab :: MERS-CoV envolope protein S,"[{""chain_id"": ""A"", ""chain_role"": ""antigen"", ""wt_residue"": ""E"", ""mutant_residue"": ""A"", ""residue_position"": 536, ""insertion_code"": null, ""aligned_interface_position"": 156, ""flat_residue_index"": 586, ""interface_region"": ""core"", ""is_alanine_scanning"": true}]",bounded,3.0386663418067927,8,,298.0,26281793,
4ZS6_HL_A_WA535A_1091,4ZS6,MERS-27 fab :: MERS-CoV envolope protein S,"[{""chain_id"": ""A"", ""chain_role"": ""antigen"", ""wt_residue"": ""W"", ""mutant_residue"": ""A"", ""residue_position"": 535, ""insertion_code"": null, ""aligned_interface_position"": 155, ""flat_residue_index"": 585, ""interface_region"": ""core"", ""is_alanine_scanning"": true}]",n.b.,,,,298.0,26281793,
4ZS6_HL_A_YA540A_1088,4ZS6,MERS-27 fab :: MERS-CoV envolope protein S,"[{""chain_id"": ""A"", ""chain_role"": ""antigen"", ""wt_residue"": ""Y"", ""mutant_residue"": ""A"", ""residue_position"": 540, ""insertion_code"": null, ""aligned_interface_position"": 160, ""flat_residue_index"": 590, ""interface_region"": ""rim"", ""is_alanine_scanning"": true}]",bounded,-0.11025045068124356,4,,298.0,26281793,
5C6T_HL_A_FA297A_1103,5C6T,1G2 fab :: HCMV glycoprotein B,"[{""chain_id"": ""A"", ""chain_role"": ""antigen"", ""wt_residue"": ""F"", ""mutant_residue"": ""A"", ""residue_position"": 297, ""insertion_code"": null, ""aligned_interface_position"": 199, ""flat_residue_index"": 415, ""interface_region"": ""support"", ""is_alanine_scanning"": true}]",bounded,2.7581790690569035,7,,298.0,26365435,
"5C6T_HL_A_FA298A,IA299A_1106",5C6T,1G2 fab :: HCMV glycoprotein B,"[{""chain_id"": ""A"", ""chain_role"": ""antigen"", ""wt_residue"": ""F"", ""mutant_residue"": ""A"", ""residue_position"": 298, ""insertion_code"": null, ""aligned_interface_position"": 200, ""flat_residue_index"": 416, ""interface_region"": ""core"", ""is_alanine_scanning"": true}, {""chain_id"": ""A"", ""chain_role"": ""antigen"", ""wt_residue"": ""I"", ""mutant_residue"": ""A"", ""residue_position"": 299, ""insertion_code"": null, ""aligned_interface_position"": 201, ""flat_residue_index"": 417, ""interface_region"": ""support"", ""is_alanine_scanning"": true}]",n.b.,,,,298.0,26365435,
5C6T_HL_A_FA298A_1104,5C6T,1G2 fab :: HCMV glycoprotein B,"[{""chain_id"": ""A"", ""chain_role"": ""antigen"", ""wt_residue"": ""F"", ""mutant_residue"": ""A"", ""residue_position"": 298, ""insertion_code"": null, ""aligned_interface_position"": 200, ""flat_residue_index"": 416, ""interface_region"": ""core"", ""is_alanine_scanning"": true}]",bounded,0.4104726052396387,5,,298.0,26365435,
5C6T_HL_A_FH104A_1111,5C6T,1G2 fab :: HCMV glycoprotein B,"[{""chain_id"": ""H"", ""chain_role"": ""heavy"", ""wt_residue"": ""F"", ""mutant_residue"": ""A"", ""residue_position"": 104, ""insertion_code"": null, ""aligned_interface_position"": 99, ""flat_residue_index"": 98, ""interface_region"": ""core"", ""is_alanine_scanning"": true}]",bounded,1.4600297633869257,6,,298.0,26365435,
5C6T_HL_A_IA299A_1105,5C6T,1G2 fab :: HCMV glycoprotein B,"[{""chain_id"": ""A"", ""chain_role"": ""antigen"", ""wt_residue"": ""I"", ""mutant_residue"": ""A"", ""residue_position"": 299, ""insertion_code"": null, ""aligned_interface_position"": 201, ""flat_residue_index"": 417, ""interface_region"": ""support"", ""is_alanine_scanning"": true}]",bounded,0.8856115888766973,5,,298.0,26365435,
5C6T_HL_A_NA284A_1095,5C6T,1G2 fab :: HCMV glycoprotein B,"[{""chain_id"": ""A"", ""chain_role"": ""antigen"", ""wt_residue"": ""N"", ""mutant_residue"": ""A"", ""residue_position"": 284, ""insertion_code"": null, ""aligned_interface_position"": 186, ""flat_residue_index"": 402, ""interface_region"": ""interior"", ""is_alanine_scanning"": true}]",bounded,0.3630723709594534,5,,298.0,26365435,
5C6T_HL_A_NA286A_1097,5C6T,1G2 fab :: HCMV glycoprotein B,"[{""chain_id"": ""A"", ""chain_role"": ""antigen"", ""wt_residue"": ""N"", ""mutant_residue"": ""A"", ""residue_position"": 286, ""insertion_code"": null, ""aligned_interface_position"": 188, ""flat_residue_index"": 404, ""interface_region"": ""rim"", ""is_alanine_scanning"": true}]",bounded,-0.36658684294830074,4,,298.0,26365435,
"5C6T_HL_A_NA293A,DA295A_1101",5C6T,1G2 fab :: HCMV glycoprotein B,"[{""chain_id"": ""A"", ""chain_role"": ""antigen"", ""wt_residue"": ""N"", ""mutant_residue"": ""A"", ""residue_position"": 293, ""insertion_code"": null, ""aligned_interface_position"": 195, ""flat_residue_index"": 411, ""interface_region"": ""rim"", ""is_alanine_scanning"": true}, {""chain_id"": ""A"", ""chain_role"": ""antigen"", ""wt_residue"": ""D"", ""mutant_residue"": ""A"", ""residue_position"": 295, ""insertion_code"": null, ""aligned_interface_position"": 197, ""flat_residue_index"": 413, ""interface_region"": ""rim"", ""is_alanine_scanning"": true}]",bounded,0.5865010313392258,5,,298.0,26365435,
5C6T_HL_A_RA285A_1096,5C6T,1G2 fab :: HCMV glycoprotein B,"[{""chain_id"": ""A"", ""chain_role"": ""antigen"", ""wt_residue"": ""R"", ""mutant_residue"": ""A"", ""residue_position"": 285, ""insertion_code"": null, ""aligned_interface_position"": 187, ""flat_residue_index"": 403, ""interface_region"": ""core"", ""is_alanine_scanning"": true}]",n.b.,,,,298.0,26365435,
5C6T_HL_A_RH31S_1107,5C6T,1G2 fab :: HCMV glycoprotein B,"[{""chain_id"": ""H"", ""chain_role"": ""heavy"", ""wt_residue"": ""R"", ""mutant_residue"": ""S"", ""residue_position"": 31, ""insertion_code"": null, ""aligned_interface_position"": 31, ""flat_residue_index"": 30, ""interface_region"": ""rim"", ""is_alanine_scanning"": false}]",bounded,0.3115453827524619,5,,298.0,26365435,
5C6T_HL_A_RL51A_1115,5C6T,1G2 fab :: HCMV glycoprotein B,"[{""chain_id"": ""L"", ""chain_role"": ""light"", ""wt_residue"": ""R"", ""mutant_residue"": ""A"", ""residue_position"": 51, ""insertion_code"": null, ""aligned_interface_position"": 48, ""flat_residue_index"": 160, ""interface_region"": ""core"", ""is_alanine_scanning"": true}]",bounded,0.12296128932094641,5,,298.0,26365435,
5C6T_HL_A_TA283A_1094,5C6T,1G2 fab :: HCMV glycoprotein B,"[{""chain_id"": ""A"", ""chain_role"": ""antigen"", ""wt_residue"": ""T"", ""mutant_residue"": ""A"", ""residue_position"": 283, ""insertion_code"": null, ""aligned_interface_position"": 185, ""flat_residue_index"": 401, ""interface_region"": ""core"", ""is_alanine_scanning"": true}]",bounded,0.33786912942802977,5,,298.0,26365435,
"5C6T_HL_A_YA280A,NA293A,DA295A_1102",5C6T,1G2 fab :: HCMV glycoprotein B,"[{""chain_id"": ""A"", ""chain_role"": ""antigen"", ""wt_residue"": ""Y"", ""mutant_residue"": ""A"", ""residue_position"": 280, ""insertion_code"": null, ""aligned_interface_position"": 182, ""flat_residue_index"": 398, ""interface_region"": ""support"", ""is_alanine_scanning"": true}, {""chain_id"": ""A"", ""chain_role"": ""antigen"", ""wt_residue"": ""N"", ""mutant_residue"": ""A"", ""residue_position"": 293, ""insertion_code"": null, ""aligned_interface_position"": 195, ""flat_residue_index"": 411, ""interface_region"": ""rim"", ""is_alanine_scanning"": true}, {""chain_id"": ""A"", ""chain_role"": ""antigen"", ""wt_residue"": ""D"", ""mutant_residue"": ""A"", ""residue_position"": 295, ""insertion_code"": null, ""aligned_interface_position"": 197, ""flat_residue_index"": 413, ""interface_region"": ""rim"", ""is_alanine_scanning"": true}]",bounded,2.942424778308231,7,,298.0,26365435,
5C6T_HL_A_YA280A_1092,5C6T,1G2 fab :: HCMV glycoprotein B,"[{""chain_id"": ""A"", ""chain_role"": ""antigen"", ""wt_residue"": ""Y"", ""mutant_residue"": ""A"", ""residue_position"": 280, ""insertion_code"": null, ""aligned_interface_position"": 182, ""flat_residue_index"": 398, ""interface_region"": ""support"", ""is_alanine_scanning"": true}]",bounded,3.208354543229644,8,,298.0,26365435,
5C6T_HL_A_YH103A_1110,5C6T,1G2 fab :: HCMV glycoprotein B,"[{""chain_id"": ""H"", ""chain_role"": ""heavy"", ""wt_residue"": ""Y"", ""mutant_residue"": ""A"", ""residue_position"": 103, ""insertion_code"": null, ""aligned_interface_position"": 98, ""flat_residue_index"": 97, ""interface_region"": ""core"", ""is_alanine_scanning"": true}]",bounded,1.7166798970080765,6,,298.0,26365435,
5C6T_HL_A_YH109A_1113,5C6T,1G2 fab :: HCMV glycoprotein B,"[{""chain_id"": ""H"", ""chain_role"": ""heavy"", ""wt_residue"": ""Y"", ""mutant_residue"": ""A"", ""residue_position"": 109, ""insertion_code"": null, ""aligned_interface_position"": 104, ""flat_residue_index"": 103, ""interface_region"": ""rim"", ""is_alanine_scanning"": true}]",bounded,0.3630723709594534,5,,298.0,26365435,
5C6T_HL_A_YL50A_1114,5C6T,1G2 fab :: HCMV glycoprotein B,"[{""chain_id"": ""L"", ""chain_role"": ""light"", ""wt_residue"": ""Y"", ""mutant_residue"": ""A"", ""residue_position"": 50, ""insertion_code"": null, ""aligned_interface_position"": 47, ""flat_residue_index"": 159, ""interface_region"": ""support"", ""is_alanine_scanning"": true}]",bounded,0.551656464390969,5,,298.0,26365435,
5DWU_HL_AB_FA103A_1117,5DWU,CSL311 fab :: Cytokine receptor common subunit beta,"[{""chain_id"": ""A"", ""chain_role"": ""antigen"", ""wt_residue"": ""F"", ""mutant_residue"": ""A"", ""residue_position"": 103, ""insertion_code"": null, ""aligned_interface_position"": 78, ""flat_residue_index"": 483, ""interface_region"": ""support"", ""is_alanine_scanning"": true}]",n.b.,,,,310.0,26651396,Accurate KD could not be determined
5DWU_HL_AB_IB338A_1116,5DWU,CSL311 fab :: Cytokine receptor common subunit beta,"[{""chain_id"": ""B"", ""chain_role"": ""antigen"", ""wt_residue"": ""I"", ""mutant_residue"": ""A"", ""residue_position"": 338, ""insertion_code"": null, ""aligned_interface_position"": 84, ""flat_residue_index"": 650, ""interface_region"": ""interior"", ""is_alanine_scanning"": true}]",n.b.,,,,310.0,26651396,Accurate KD could not be determined
5DWU_HL_AB_IB424A_1119,5DWU,CSL311 fab :: Cytokine receptor common subunit beta,"[{""chain_id"": ""B"", ""chain_role"": ""antigen"", ""wt_residue"": ""I"", ""mutant_residue"": ""A"", ""residue_position"": 424, ""insertion_code"": null, ""aligned_interface_position"": 169, ""flat_residue_index"": 735, ""interface_region"": ""interior"", ""is_alanine_scanning"": true}]",n.b.,,,,310.0,26651396,Accurate KD could not be determined
